<TEI xmlns="http://www.tei-c.org/ns/1.0" xmlns:xi="http://www.w3.org/2001/XInclude">
   <teiHeader>
      <fileDesc>
         <titleStmt>
            <title>An Act for Abolishing Episcopacy</title>
            <author>
               <persName>General Assembly of Scotland</persName>
            </author>
            <respStmt xml:id="NM">
               <name>Noah Millstone</name>
               <resp>Principal Investigator MPESE</resp>
            </respStmt>
            <respStmt xml:id="SV">
               <name>Sebastiaan Verweij</name>
               <resp>Co-Investigator MPESE</resp>
            </respStmt>
            <respStmt xml:id="RB">
               <name>Richard Bell</name>
               <resp>Research Associate</resp>
            </respStmt>
            <respStmt xml:id="MJ">
               <name>Mike Jones</name>
               <resp>Research Software Engineer</resp>
            </respStmt>
         </titleStmt>
         <publicationStmt xml:id="mpese_pubstat">
            <publisher>Manuscript Pamphleteering in Early Stuart England (MPESE)</publisher>
            <date when="2017">2017</date>
         </publicationStmt>
         <sourceDesc>
            <listBibl xml:id="mss_witness">
               <bibl>
               </bibl>
            </listBibl>
                <listBibl xml:id="mss_witness_generated">
                    <bibl>
                        <ref type="ms" target="../mss/BL_Harley_MS_1578.xml">British Library, Harley MS 1578, ff. 399r–407r</ref>
                    </bibl>
                    <bibl>
                        <ref type="ms" target="../mss/LPL_MS_943.xml">Lambeth Palace Library,  MS 943, ff. 671–688</ref>
                    </bibl>
                    <bibl>
                        <ref type="ms" target="../mss/Lincolns_Inn_Misc_MS_366.xml">Lincoln's Inn, Misc MS 366, ff. 327v–329v</ref>
                    </bibl>
                    <bibl>
                        <ref type="ms" target="../mss/SA_DDDH_Accession_G757_Box_1.xml">Somerset Archives,  DD\DH, Accession G/757, Box 1 [Civil War Papers]</ref>
                    </bibl>
                    <bibl>
                        <ref type="ms" target="../mss/St_Johns_College_Cambridge_MS_K56.xml">St John's College,  MS K.56, item 35</ref>
                    </bibl>
                </listBibl>
         </sourceDesc>
      </fileDesc>
      <profileDesc>
         <abstract>
            <p/>
         </abstract>
         <creation>
            <date when="1639">1639</date>
            <placeName/>
         </creation>
         <textClass>
            <keywords n="text-type">
               <term>act</term>
            </keywords>
         </textClass>
         <textClass>
            <keywords n="topic-keyword">
               <term/>
            </keywords>
         </textClass>
      </profileDesc>
      <encodingDesc>
         <editorialDecl>
            <p/>
         </editorialDecl>
      </encodingDesc>
      <revisionDesc>
         <listChange>
            <change when="2018-07-05" who="#RB" status="placeholder"/>
         </listChange>
      </revisionDesc>
   </teiHeader>
   <text>
      <body>
         <p/>
      </body>
   </text>
</TEI>