<TEI xmlns="http://www.tei-c.org/ns/1.0" xmlns:xi="http://www.w3.org/2001/XInclude">
   <teiHeader>
      <fileDesc>
         <titleStmt>
            <title>Articles for the Marriage between Prince Charles and Henrietta Maria</title>
            <author/>
            <respStmt xml:id="NM">
               <name>Noah Millstone</name>
               <resp>Principal Investigator MPESE</resp>
            </respStmt>
            <respStmt xml:id="SV">
               <name>Sebastiaan Verweij</name>
               <resp>Co-Investigator MPESE</resp>
            </respStmt>
            <respStmt xml:id="RB">
               <name>Richard Bell</name>
               <resp>Research Associate</resp>
            </respStmt>
                <respStmt xml:id="VA">
                    <name>Victoria Anker</name>
                    <resp>BRIHC Research Impact Fellow</resp>
                </respStmt>
            <respStmt xml:id="MJ">
               <name>Mike Jones</name>
               <resp>Research Software Engineer</resp>
            </respStmt>
            <respStmt xml:id="TW">
               <name>Tim Wales</name>
               <resp>Research Assistant</resp>
            </respStmt>
         </titleStmt>
         <publicationStmt xml:id="mpese_pubstat">
            <publisher>Manuscript Pamphleteering in Early Stuart England (MPESE)</publisher>
            <date when="2017">2017</date>
         </publicationStmt>
         <sourceDesc>
            
            <msDesc corresp="BLHarleyMS354">
               <msIdentifier xml:id="BL_Harley_MS_354">
                <country>United Kingdom</country>
                <settlement>London</settlement>
                <repository>British Library</repository>
                <collection>Harley</collection>
                <idno>MS 354</idno>
                <msName/>
             </msIdentifier>
                    <p xml:id="ms-label-generated">British Library, Harley MS 354</p>
            </msDesc>
            
            <listBibl xml:id="mss_witness">
               <bibl>
                  
               </bibl>
            </listBibl>
                <listBibl xml:id="mss_witness_generated">
                    <bibl>
                        <ref type="ms" target="../mss/BL_Add_MS_34217.xml">British Library, Additional MS 34217, ???</ref>
                    </bibl>
                    <bibl>
                        <ref type="ms" target="../mss/BL_Harley_MS_3142.xml">British Library, Harley MS 3142, ff. 51r–52v</ref>
                    </bibl>
                    <bibl>
                        <ref type="ms" target="../mss/BL_Lansdowne_MS_844.xml">British Library, Lansdowne MS 844, ff. 301r–302v</ref>
                    </bibl>
                    <bibl>
                        <ref type="ms" target="../mss/BL_Stowe_MS_145.xml">British Library, Stowe MS 145, ff. 23–28r</ref>
                    </bibl>
                    <bibl>
                        <ref type="ms" target="../mss/Bodl_MS_Eng_hist_e_28.xml">Bodleian Library,  MS Eng. hist. e. 28, ff. 475–480, 525–531</ref>
                    </bibl>
                    <bibl>
                        <ref type="ms" target="../mss/CUL_MS_Gg129.xml">Cambridge University Library,  MS Gg.1.29, reversing the volume, 4v–8r</ref>
                    </bibl>
                    <bibl>
                        <ref type="ms" target="../mss/HRO_44M69G2503.xml">Hampshire Record Office,  44M69/G2/503</ref>
                    </bibl>
                    <bibl>
                        <ref type="ms" target="../mss/SA_DDWO53198.xml">Somerset Archives,  DD\WO/53/1/98</ref>
                    </bibl>
                    <bibl>
                        <ref type="ms" target="../mss/Senate_House_MS_309.xml">Senate House, University of London,  MS 309, ff. 397x–408x</ref>
                    </bibl>
                    <bibl>
                        <ref type="ms" target="../mss/St_Johns_College_Cambridge_MS_K56.xml">St John's College,  MS K.56, item 16</ref>
                    </bibl>
                </listBibl>
         </sourceDesc>
      </fileDesc>
      <profileDesc>
         <abstract>
                <p/>
            </abstract>
         <creation>
            <date when="1624">1624</date>
            <placeName/>
         </creation>
         <langUsage>
            <language ident="EN">English</language>
         </langUsage>
         <textClass>
            <keywords n="text-type">
               <term>articles</term>
               <term>agreement</term>
            </keywords>
         </textClass>
         <textClass>
            <keywords n="topic-keyword">
               <term>diplomacy</term>
               <term>royal marriage</term>
               <term>France</term>
               <term/>
            </keywords>
         </textClass>
      </profileDesc>
      <encodingDesc>
         <editorialDecl>
            <p/>
         </editorialDecl>
      </encodingDesc>
      <revisionDesc>
         <listChange>
            <change when="2018-01" who="#RB" status="draft"/>
            <change when="2017-12" who="#TW" status="transcribed"/>
         </listChange>
      </revisionDesc>
   </teiHeader>
   <text>
      <body>
         
         <pb n="93r"/>
         <p>
            Articles agreed uppon betweene the Commis <lb break="no"/>
            =sioners of the most excellent King of greate <lb/>
            Brittaine on the one parte  and of the most <lb/>
            Christian King of France and Nauarre on <lb/>
            the other parte, for the marriage betweene <lb/>
            the most excellent Prince of Wales, sonne <lb/>
            of the said most excellent King of greate <lb/>
            Brittaine, and the Ladie Henrietta Maria <lb/>
            Sister to the most Christian King of France.
         </p>
         <p>
            <add place="LM">1.</add>
            The most Christian king to discharge him= <lb break="no"/>
            =self of that, whereunto his dignitie and <lb/>
            pittie  doe oblige him, and to enable him w<ex>i</ex>th <lb/>
            the more suretie of conscience to treate of the  <lb/>
            marriage nowe in hand, undertaketh to obtaine <lb/>
            a dispensac<ex>i</ex>on for the same w<ex>i</ex>thin 13 Monethes <lb/>
            w<ex>i</ex>thout anie prefixions or delaies. /
         </p>
         <p>
            <add place="LM">2.</add>
            The articles and conditions of the said ma= <lb break="no"/>
            =riage being agreed on and signed on both sides, <lb/>
            The king of greate Brittaine will appointe <lb/>
            such p<ex>er</ex>sons of quallitie as hee shall thincke <lb/>
            fitt to affiance the Ladie in the Princes name <lb/>
            and in the forme accoustomed in the romishe <lb/>
            Churche:
         </p>
         <p>
            <add place="LM">3</add>	The marriage shalbee cellebrated in France <lb/>
            according to the order and forme obserued in <lb/>
            Her deceased kings marriage w<ex>i</ex>th Queene 	 <lb/>
            <fw type="catch" place="bot-right">Margarit</fw>
            <pb n="93v"/>
            Margarit, and that of the Dutchesse of Barre, his <lb/>
            Sister.
         </p>
         <p>
            <add place="LM">4</add>	
            The said Ladie shalbe brought into England, <lb/>
            as soone as may bee after the cellebrac<ex>i</ex>on of the  <lb/>
            said marriage, and conducted att the most Christi <lb break="no"/>
            =an kings Charges unto the Towne of Callice, <lb/>
            where shee shalbe consigned unto such as the king <lb/>
            of greate Brittaine shall appointe for that <lb/>
            busines. From Callice into England the king of <lb/>
            greate Brittaine shall defraie the Charges, <lb/>
            in such sorte on both sides as shalbee fitting for <ex>th</ex>e <lb/>
            dignitie and greatenesse of a Princesse of France  <lb/>
            joined in alliance w<ex>i</ex>th an heire of England. /
         </p>
         <p>
            <add place="LM">5</add>
            The marriage being donne and cellebrated in <lb/>
            France; It is agreed that the Ladie being arriued <lb/>
            in England, shall take a tyme when the king of <lb/>
            greate Brittaine, the Prince of Wales and hirself <lb/>
            being in some large roome of some of the kings <lb/>
            howses, furnished according to theire dignities, a <lb/>
            publique reading shalbee made of the Conditions <lb/>
            of the marriage betweene the Prince and hir, <lb/>
            togeather w<ex>i</ex>th the Priuiledges and Procurations <lb/>
            by vertue whereof it was made, after w<ex>hi</ex>ch the said <lb/>
            contracte shalbee newlie ratefied by the said king <lb/>
            and the Prince his sonne, in the presence of such <lb/>
            as it hath pleased the most Christian king to <lb/>
            appointe thereunto and of the cheefe of the  <lb/>
            <fw type="catch" place="bot-right">kingdome</fw>
            <pb n="94r"/>
            kingdome of greate Brittaine w<ex>hi</ex>ch shalbee assisting <lb/>
            at this action, at the performance whereof, there <lb/>
            shall not anie Ecclesiasticall ceremonie bee used. / 
         </p>
         <p>
            <add place="LM">6</add>
            Free exercise of the Catholique Apostol: <lb/>
            Romaine relligion, shalbee graunted unto the said <lb/>
            Ladie and all hir followers, and unto the Children <lb/>
            w<ex>hi</ex>ch shalbee borne unto hir <del rend="strikethrough">followers</del> officers, For <lb/>
            w<ex>hi</ex>ch pourpose the <add place="above">said</add> Ladie shall haue a Chappell in all <lb/>
            the kings Howses, or anie place of the kingdome <lb/>
            of greate Brittaine, where shee shall bee in or <lb/>
            dwell, w<ex>hi</ex>ch Chappells shalbee fitlie decked, and the <lb/>
            care and garde of them committed to such as shee <lb/>
            shall appointe to preache the word of god and ad= <lb break="no"/>
            =minister the Sacram<ex>en</ex>t of the Masse. And all <lb/>
            divine seruice shalbee solemplie and freelie p<ex>er</ex>formed <lb/>
            after the romaine manner, yea and all indulgen= <lb break="no"/>
            cies and Iubilies w<ex>hi</ex>ch shee shall obtaine from the  <lb/>
            Pope shall bee there admitted. There shall <lb/>
            likewise  a Church Yard bee allowed hir in Lon= <lb break="no"/>
            =don, in w<ex>hi</ex>ch hir followers deceasing shalbee <lb/>
            buried after the Romaine fashion, w<ex>hi</ex>ch shalbee <lb/>
            modostlie performed; w<ex>hi</ex>ch Church Yard shalbee <lb/>
            enclosed and shutt upp for feare of profanac<ex>i</ex>on.
         </p>
         <p>
            <add place="LM">7</add>
            Shee shall also haue a Bishopp for hir <lb/>
            greate Almoner, whoe shall haue all jurisdicc<ex>i</ex>on <lb/>
            and aucthoritie in cases concerning relligion, <lb/>
            <fw type="catch" place="bot-right">proceeding</fw>
            <pb n="94v"/>
            proceading against the Churchemen under his <lb/>
            Charge accorrding to the Cannonical constituc<ex>i</ex>ons.	 <lb/>
            And in case anie secular Courte, shall ceaze uppon <lb/>
            anie of the said Ecclesiasticall persons, about anie <lb/>
            crime concearning the state and indite him, <lb/>
            they shall send backe the said Ecclesiasticall  person <lb/>
            unto the said Bishopp  togeather w<ex>i</ex>th the inditem<ex>en</ex>t <lb/>
            and proceading made against him, that he maie <lb/>
            iudge of the case, the w<ex>hi</ex>ch being priuiledged, he shall <lb/>
            putt him againe into the handes of the said seculer <lb/>
            Courte, after he shall haue degraded him.  Butt  <lb/>
            in all other cases, those Churchmen shalbee sent <lb/>
            to the aforesaid Bishopp; that he may proceade <lb/>
            against them according to the Cannonicall consti= <lb break="no"/>
            =tutions, and in his absence or sicknesse, He whom <lb/>
            he shall appointe for his cheefe viccaire shall haue <lb/>
            the like power. /
         </p>
         <p>
            <add place="LM">8</add>
            The said Ladie shall haue 18 Preestes or	 <lb/>
            Churchmen allowed hir about hir howse, com= <lb break="no"/>
            prehending in that number hir Almoners and <lb/>
            Chaplaines, to supplie the aforesaid Chappelles <lb/>
            as shalbee ordained them, and if anie amoungst <lb/>
            them bee a Regular, he shall haue power to leaue <lb/>
            his habbitt. /
         </p>
         <p>
            <add place="LM">9</add>
            The king and the Prince shall by oathe oblige <lb/>
            them selues, not to goe about by anie meanes to	 <lb/>
            <fw type="catch" place="bot-right">procure</fw>
            <pb n="95r"/>
            procure the Ladie to renownce hir Catholique <lb/>
            Apostolique, Romaine Relligion, nor urge hir <lb/>
            to anie thing contrarie thereunto. /
         </p>
         <p>
            <add place="LM">10</add>
            The Ladies Howshould shalbee ordered w<ex>i</ex>th asmuch <lb/>
            dignitie and w<ex>i</ex>th as greate a number of officers <lb/>
            as ever anie Princesse of Wales hath had, or  <lb/>
            was ever graunted to the Infanta of Spaine <lb/>
            by the last treatie. /
         </p>
         <p>
            <add place="LM">11</add>
            All the Ladies attendants w<ex>hi</ex>ch shee shall bring  <lb/>
            into England, shalbee Catholicke, chosen by his <lb/>
            most Christian Ma<ex>jes</ex>tie w<ex>hi</ex>ch chancing to die or <lb/>
            to bee changed, shee shall take other Catholiques  <lb/>
            in theire roomes Frenche or Englishe, in case the  <lb/>
            king of great Brittaine consent thereunto. /
         </p>
         <p>
            <add place="LM">12</add>	  
            These domesticalls shall tender an oathe, <lb/>
            unto the king, Prince, and Ladie according to the <lb/>
            forme followinge. /
         </p>
         <p>
            <add place="LM">13</add>
            I Sweare and promise fidellitie unto the most <lb/>
            excellent Iames King of greate Brittaine, unto <lb/>
            the most excellent Charles Prince of Wales, and <lb/>
            unto the Ladie Henrietta Maria daughter of <lb/>
            France, w<ex>hi</ex>ch I will faithfully and inviolablie Keepe <lb/>
            And if I Knowe of anie attempte against the <lb/>
            persons, honnor or dignitie of the aforesaid King <lb/>
            Prince or Ladie or against the state or com= <lb break="no"/>
            <fw type="catch" place="bot-right">monweale</fw>
            <pb n="95v"/>
         	Commonweale of the said Kings Kingdome, I <lb/>
            will presently reveale it to the said King, Prince <lb/>
            or Ladie, or unto some others whome it shall con= <lb break="no"/>
            =cearne. /
         </p>
         <p>
            <add place="LM">14</add>
            The foresaid Ladies dowrie shall bee eight hun= <lb break="no"/>
            =dered thowsand crownes (three french francks <lb/>
            apeece) of w<ex>hi</ex>ch somme the most Christian kings <lb/>
            Ma<ex>jes</ex>tie shall disbourse the one halfe on the Eeve <lb/>
            of the Espowsails in London, and the other halfe <lb/>
            w<ex>i</ex>thin one <del rend="strikethrough">halfe</del> yeare beginning from the daie of <lb/>
            the first payement. /
         </p>
         <p>
            <add place="LM">15</add>
            If it chance that the Prince decease before the  <lb/>
            Ladie and w<ex>i</ex>thout Children of theire marriage, <lb/>
            the dowrie monie w<ex>hi</ex>ch shee brought w<ex>i</ex>th hir, shall <lb/>
            bee wholie restored to dispose thereof at hir <lb/>
            pleasure, be it that shee either staie in England <lb/>
            or retourne into France, in w<ex>hi</ex>ch case shee shall <lb/>
            carrie it backe againe w<ex>i</ex>th hir
         </p>
         <p>
            <add place="LM">16</add>
            But if there remaine anie children of the said <lb/>
            marriage, the restituc<ex>i</ex>on of the dowrie shalbee <lb/>
            but in p<ex>ar</ex>te only vizt. of two third p<ex>ar</ex>tes of <lb/>
            the same, the other third p<ex>ar</ex>te remayning as <lb/>
            mooveables, be it that either the Ladie goe <lb/>
            backe in to France or staie in England, and  <lb/>
            in this case shee shall haue during hir lief <lb/>
            a rent out of the said third p<ex>ar</ex>te or mooveable <lb/>
            dowrie the 20th pennie. / <lb/>
         </p>
         <fw type="catch" place="bot-right">The</fw>
         <pb n="96r"/>
         <p>
            <add place="LM">17</add>
            The Children proceading of this marriag <lb/>
            shalbee kept and brought upp unto the age of <lb/>
            thirteene yeares at the Ladies dispose even <lb/>
            from theire infancie. /
         </p>
         <p>
            <add place="LM">18</add>
            The Children of the said Marriage shall more= <lb break="no"/>
            =over inherritt after the Ladies decease, <lb/>
            the twoe thirdes of the dowrie restored, ex= <lb break="no"/>
            =cept shee had married againe and had more <lb/>
            children by the latter matche in w<ex>hi</ex>ch case, the <lb/>
            one and the other issue shall haue parte <del rend="strikethrough">in the <lb/>
            two third p<ex>ar</ex>tes</del> in the said twoe third p<ex>ar</ex>tes of <lb/>
            the said dowrie restored. /
         </p>
         <p>
            <add place="LM">19</add>
            And if it happen the Ladie decease before <lb/>
            the said Prince and w<ex>i</ex>thout Children of the said <lb/>
            marriage, His Ma<ex>jes</ex>tie agrees that the halfe of <lb/>
            the said dowrie shalbee reallie restored, but <lb/>
            in case of Children, that then the whole dowrie <lb/>
            doe remaine unto him, as his own propper goods.
         </p>
         <p>
            <add place="LM">20</add>
            The said Ladie shall haue in Iointure  <lb/>
            eighteen thowsand pounds sterling yearelie, <lb/>
            ammounting in Frenche monnie unto three <lb/>
            score thowsand Frenche crownes. /
         </p>
         <p>
            <add place="LM">21</add>
            The king of greate Brittaine will giue <lb/>
            unto the Ladie in considerac<ex>i</ex>on of the marriage <lb/>
            aforesaid, to the vallue of fiftie thowsand <lb/>
            frenche crownes in Iewells, w<ex>hi</ex>ch shalbee propper= <lb break="no"/>
            =ly hir owne &amp; hirs, aswell as anie other shee	 <lb/>
            <fw type="catch" place="bot-right">hath</fw>
            <pb n="96v"/>
         	hath allreadie or shall bee geiuen hir heereafter.
         </p>
         <p>
            <add place="LM">22</add>
            He shall enterteine the said Ladie and hir <lb/>
            Houshould and in case shee become a widdowe, shee <lb/>
            shall enjoie hir dowrie and other conditions <lb/>
            graunted unto hir. /
         </p>
         <p>
            <add place="LM">23</add>
            And in case the Prince chance to predecease, <lb/>
            having children or not, the said Ladie shall free <lb break="no"/>
            =ly injoie hir <del rend="strikethrough">dowrie and other  conditions graun<lb/>
            =ted unto hir</del> jointure (what place soever shee <lb/>
            please to dwell in) w<ex>hi</ex>ch shalbee assigned hir in Lands <lb/>
            Castles and Howses thereon depending of w<ex>hi</ex>ch one <lb/>
            at leaste shalbee such as wherein shee make hir <lb/>
            aboade furnished as is fitting for a Princesse of <lb/>
            hir quallitie. The free disposition of the poffitts <lb/>
            and Commodities of the said Lands, whereof some <lb/>
            shall haue the Title of Dutchie or Comtie, shall <lb/>
            appertaine unto the said Ladie. /
         </p>
         <p>
            <add place="LM">24</add>
            It shalbee lawfull for the said Ladie, be it that <lb/>
            she haue children or noe, to retourne into <lb/>
            France and to carrie w<ex>i</ex>th hir hir mooveables <lb/>
            and Iewells besides hir dowrie as is specified <lb/>
            by the articles before mentioned. And in this <lb/>
            case the king of greate Brittaine shall bee <lb/>
            bounde to see hir conducted at his expences unto	 <lb/>
            Callice in decent manner aaccording to hir quallitie
         </p>
         <p>
            <add place="LM">25</add>	   
            The said Ladie shall renownce all paternall <lb/>
            and matternall successions and all Collaterall, con <lb/>
            <fw type="catch" place="bot-right">=cerning</fw>
            <pb n="97r"/>
            crowne lands and other royallties, subiectt to <lb/>
            reversion, partage or otherwise. /
         </p>
         <p>
            <add place="LM">26</add>
            This contract of marriage shalbee enrolled <lb/>
            in the Court of Parlyam<ex>en</ex>t at Paris, and ratefied <lb/>
            in all inferior Courtes in other places. The said <lb/>
            king and Prince promising to obserue all the <lb/>
            clawses and conditions thereof. /
         </p>
         <p>
            <add place="LM">27</add>
            It is agreed that either of the twoe kings <lb/>
            w<ex>hi</ex>ch shall faile in the accomplishem<ex>en</ex>t of this <lb/>
            present marriage, shalbee bounde to paie the <lb/>
            somme of fower hundered thowsand french crownes <lb/>
            for the penaltie of his defaulte. /
         </p>
         <p>
            <add place="LM">28</add>
            Don and concluded by the Commissioners of <lb/>
            the king of greate Brittaine and of the most <lb/>
            Christian king the 20th daie of nouember 1624 <lb/>
            and under signed Carlile and Holland Ambassa= <lb break="no"/>
            =dors, and the Cardinall de la Rochefoucault, <lb/>
            Armand Cardinall de Richelieu, Halegre, <lb/>
            Schomberg, de Lomenie. And unto each theire <lb/>
            seale of Armes in rancke and order. /    
         </p>
      </body>
   </text>
</TEI>