<TEI xmlns="http://www.tei-c.org/ns/1.0" xmlns:xi="http://www.w3.org/2001/XInclude">
   <teiHeader>
      <fileDesc>
         <titleStmt>
            <title>Speech at the Arraignment of Somerset</title>
            <author>
               <persName corresp="../people/people.xml#P0012">Sir Francis Bacon</persName>
            </author>
            <respStmt xml:id="NM">
               <name>Noah Millstone</name>
               <resp>Principal Investigator MPESE</resp>
            </respStmt>
            <respStmt xml:id="SV">
               <name>Sebastiaan Verweij</name>
               <resp>Co-Investigator MPESE</resp>
            </respStmt>
            <respStmt xml:id="RB">
               <name>Richard Bell</name>
               <resp>Research Associate</resp>
            </respStmt>
            <respStmt xml:id="MJ">
               <name>Mike Jones</name>
               <resp>Research Software Engineer</resp>
            </respStmt>
         </titleStmt>
         <publicationStmt xml:id="mpese_pubstat">
            <publisher>Manuscript Pamphleteering in Early Stuart England (MPESE)</publisher>
            <date when="2017">2017</date>
         </publicationStmt>
         <sourceDesc>
            <listBibl xml:id="mss_witness">
               <bibl>
               </bibl>
            </listBibl>
                <listBibl xml:id="mss_witness_generated">
                    <bibl>
                        <ref type="ms" target="../mss/Alnwick_Castle_MS_528.xml">Alnwick Castle,  MS 528, ff17</ref>
                    </bibl>
                    <bibl>
                        <ref type="ms" target="../mss/BLAddMS18016.xml">British Library, Additional MS 18016, ff. 91r–94v</ref>
                    </bibl>
                    <bibl>
                        <ref type="ms" target="../mss/BLAddMS22591.xml">British Library, Additional MS 22591, ff. 262r–265v</ref>
                    </bibl>
                    <bibl>
                        <ref type="ms" target="../mss/BLHargraveMS226.xml">British Library, Hargrave MS 226, ff. 2r–17v</ref>
                    </bibl>
                    <bibl>
                        <ref type="ms" target="../mss/BLSloaneMS1002.xml">British Library, Sloane MS 1002, ff. 80r–98v</ref>
                    </bibl>
                    <bibl>
                        <ref type="ms" target="../mss/BL_Add_MS_38680.xml">British Library, Additional MS 38680, ff. 83v–99v</ref>
                    </bibl>
                    <bibl>
                        <ref type="ms" target="../mss/BL_Stowe_MS_401.xml">British Library, Stowe MS 401, ff. 58v–67r</ref>
                    </bibl>
                    <bibl>
                        <ref type="ms" target="../mss/Bodl_MS_Rawlinson_D_655.xml">Bodleian Library,  MS Rawlinson D 655, f. 95</ref>
                    </bibl>
                    <bibl>
                        <ref type="ms" target="../mss/Inner_Temple_Petyt_MS_538_27.xml">Inner Temple Library, Petyt MS 538/27, ff. 96r–111x</ref>
                    </bibl>
                    <bibl>
                        <ref type="ms" target="../mss/JRL_Mainwaring_MS_15.xml">John Rylands Library, Mainwaring MS 15, ff. 91v–98r</ref>
                    </bibl>
                    <bibl>
                        <ref type="ms" target="../mss/Longleat_House_MS_110.xml">Longleat House,  MS 110, ff. 259–277</ref>
                    </bibl>
                    <bibl>
                        <ref type="ms" target="../mss/TNA_SP_14_87.xml">The National Archives,  SP 14/87, /28 [ff.59r–67v]</ref>
                    </bibl>
                    <bibl>
                        <ref type="ms" target="../mss/UCL_Ogden_MS_7_52.xml">UCL, Ogden MS 7/52, ff. 10r–13v</ref>
                    </bibl>
                    <bibl>
                        <ref type="ms" target="../mss/Woburn_Abbey_MS_192.xml">Woburn Abbey,  MS 192, pp91–111</ref>
                    </bibl>
                </listBibl>
         </sourceDesc>
      </fileDesc>
      <profileDesc>
         <abstract>
            <p/>
         </abstract>
         <creation>
            <date when="1616">1616</date>
            <placeName/>
         </creation>
         <textClass>
            <keywords n="text-type">
               <term/>
            </keywords>
         </textClass>
         <textClass>
            <keywords n="topic-keyword">
               <term/>
            </keywords>
         </textClass>
      </profileDesc>
      <encodingDesc>
         <editorialDecl>
            <p/>
         </editorialDecl>
      </encodingDesc>
      <revisionDesc>
         <listChange>
            <change when="2018-07-05" who="#RB" status="placeholder"/>
         </listChange>
      </revisionDesc>
   </teiHeader>
   <text>
      <body>
         <p/>
      </body>
   </text>
</TEI>