<TEI xmlns="http://www.tei-c.org/ns/1.0" xmlns:xi="http://www.w3.org/2001/XInclude">
   <teiHeader>
      <fileDesc>
         <titleStmt>
            <title>Argument Concerning Ship Money</title>
            <author>
               <persName corresp="../people/people.xml#P0134">Sir Robert Berkeley</persName>
            </author>
            <respStmt xml:id="NM">
               <name>Noah Millstone</name>
               <resp>Principal Investigator MPESE</resp>
            </respStmt>
            <respStmt xml:id="SV">
               <name>Sebastiaan Verweij</name>
               <resp>Co-Investigator MPESE</resp>
            </respStmt>
            <respStmt xml:id="RB">
               <name>Richard Bell</name>
               <resp>Research Associate</resp>
            </respStmt>
            <respStmt xml:id="MJ">
               <name>Mike Jones</name>
               <resp>Research Software Engineer</resp>
            </respStmt>
         </titleStmt>
         <publicationStmt xml:id="mpese_pubstat">
            <publisher>Manuscript Pamphleteering in Early Stuart England (MPESE)</publisher>
            <date when="2017">2017</date>
         </publicationStmt>
         <sourceDesc>
            <listBibl xml:id="mss_witness">
               <bibl>
               </bibl>
            </listBibl>
                <listBibl xml:id="mss_witness_generated">
                    <bibl>
                        <ref type="ms" target="../mss/All_Souls_College_MS_144.xml">All Souls College,  MS 144, ff. 20r–37r</ref>
                    </bibl>
                    <bibl>
                        <ref type="ms" target="../mss/Alnwick_Castle_MS_544.xml">Alnwick Castle,  MS 544</ref>
                    </bibl>
                    <bibl>
                        <ref type="ms" target="../mss/BLHarleyMS6241.xml">British Library, Harley MS 6241, ff. 23r–42v</ref>
                    </bibl>
                    <bibl>
                        <ref type="ms" target="../mss/BLLansdowneMS616.xml">British Library, Lansdowne MS 616, ff. 41r–97v</ref>
                    </bibl>
                    <bibl>
                        <ref type="ms" target="../mss/BLLansdowneMS617.xml">British Library, Lansdowne MS 617, ff. 41x–62x</ref>
                    </bibl>
                    <bibl>
                        <ref type="ms" target="../mss/BLSloaneMS3933.xml">British Library, Sloane MS 3933, ff. 193r–208r</ref>
                    </bibl>
                    <bibl>
                        <ref type="ms" target="../mss/BL_Add_MS_14030.xml">British Library, Additional MS 14030, ff. 197r–v</ref>
                    </bibl>
                    <bibl>
                        <ref type="ms" target="../mss/Bodl_MS_Add_C_26.xml">Bodleian Library,  MS Add. C 26, ff. 454r–488v</ref>
                    </bibl>
                    <bibl>
                        <ref type="ms" target="../mss/Bodl_MS_Bodley_184.xml">Bodleian Library,  MS Bodley 184, ff. 231r–252v</ref>
                    </bibl>
                    <bibl>
                        <ref type="ms" target="../mss/Bodl_MS_Rawlinson_A_469.xml">Bodleian Library,  MS Rawlinson A 469, ff. 106r–130r</ref>
                    </bibl>
                    <bibl>
                        <ref type="ms" target="../mss/Bodl_MS_Rawlinson_A_470.xml">Bodleian Library,  MS Rawlinson A 470, ff. 105r–111r</ref>
                    </bibl>
                    <bibl>
                        <ref type="ms" target="../mss/Bodl_MS_Rawlinson_C_169.xml">Bodleian Library,  MS Rawlinson C 169, ff. 45r–76r</ref>
                    </bibl>
                    <bibl>
                        <ref type="ms" target="../mss/Bodl_MS_Rawlinson_D_342.xml">Bodleian Library,  MS Rawlinson D 342, ff. 341r–373r</ref>
                    </bibl>
                    <bibl>
                        <ref type="ms" target="../mss/CUL_MS_Dd922.xml">Cambridge University Library,  MS Dd.9.22, ff. 11r–24v</ref>
                    </bibl>
                    <bibl>
                        <ref type="ms" target="../mss/CUL_MS_Ii527.xml">Cambridge University Library,  MS Ii.5.27, ff. 201r–212v</ref>
                    </bibl>
                    <bibl>
                        <ref type="ms" target="../mss/CUL_MS_Ii530.xml">Cambridge University Library,  MS Ii.5.30, ff. 292r–312r</ref>
                    </bibl>
                    <bibl>
                        <ref type="ms" target="../mss/CUL_MS_Ll33.xml">Cambridge University Library,  MS Ll.3.3, ff. 207r–275r</ref>
                    </bibl>
                    <bibl>
                        <ref type="ms" target="../mss/DUL_MSP_45.xml">Durham University Library, MSP 45, p57–99</ref>
                    </bibl>
                    <bibl>
                        <ref type="ms" target="../mss/Harvard_Law_School_MS_1276.xml">Harvard Law School,  MS 1276</ref>
                    </bibl>
                    <bibl>
                        <ref type="ms" target="../mss/Huntington_EL_6977.xml">Huntington Library,  EL 6977, ff. 90–115</ref>
                    </bibl>
                    <bibl>
                        <ref type="ms" target="../mss/Huntington_EL_7877a.xml">Huntington Library,  EL 7877a</ref>
                    </bibl>
                    <bibl>
                        <ref type="ms" target="../mss/Huntington_HM_204.xml">Huntington Library,  HM 204, ff. 73x–94x</ref>
                    </bibl>
                    <bibl>
                        <ref type="ms" target="../mss/Huntington_HM_724.xml">Huntington Library,  HM 724, ff. 282–303</ref>
                    </bibl>
                    <bibl>
                        <ref type="ms" target="../mss/Huntington_Hastings_Ship_Money_Box.xml">Huntington Library, Hastings Ship Money Box, Item 1</ref>
                    </bibl>
                    <bibl>
                        <ref type="ms" target="../mss/NorthsRO_FH59.xml">Northamptonshire Record Office,  FH59, ff. 43r–58v</ref>
                    </bibl>
                    <bibl>
                        <ref type="ms" target="../mss/Queens_College_Oxford_MS_310.xml">Queen's College,  MS 310, ff. 81–143</ref>
                    </bibl>
                </listBibl>
            <listBibl xml:id="modern_print_witness">
               <bibl>
                  <title>State Trials</title>
                  <citedRange unit="volume">3</citedRange>
                  <citedRange unit="page" from="1087" to="1125">1087-1125</citedRange>
               </bibl>
               <bibl>
                  <editor>Gardiner</editor>
                  <title>Constitutional Documents</title>
                  <citedRange unit="page" from="115" to="124">115-124</citedRange>
               </bibl>
            </listBibl>
         </sourceDesc>
      </fileDesc>
      <profileDesc>
         <abstract>
            <p/>
         </abstract>
         <creation>
            <date when="1638">1638</date>
            <placeName/>
         </creation>
         <textClass>
            <keywords n="text-type">
               <term/>
            </keywords>
         </textClass>
         <textClass>
            <keywords n="topic-keyword">
               <term/>
            </keywords>
         </textClass>
      </profileDesc>
      <encodingDesc>
         <editorialDecl>
            <p/>
         </editorialDecl>
      </encodingDesc>
      <revisionDesc>
         <listChange>
            <change when="2018-07-05" who="#RB" status="placeholder"/>
         </listChange>
      </revisionDesc>
   </teiHeader>
   <text>
      <body>
         <p/>
      </body>
   </text>
</TEI>