<TEI xmlns="http://www.tei-c.org/ns/1.0" xmlns:xi="http://www.w3.org/2001/XInclude">
   <teiHeader>
      <fileDesc>
         <titleStmt>
            <title>The Sovereignty of the British Seas</title>
            <author>
               <persName corresp="../people/people.xml#P0136">Sir John Borough</persName>
            </author>
            <respStmt xml:id="NM">
               <name>Noah Millstone</name>
               <resp>Principal Investigator MPESE</resp>
            </respStmt>
            <respStmt xml:id="SV">
               <name>Sebastiaan Verweij</name>
               <resp>Co-Investigator MPESE</resp>
            </respStmt>
            <respStmt xml:id="RB">
               <name>Richard Bell</name>
               <resp>Research Associate</resp>
            </respStmt>
            <respStmt xml:id="MJ">
               <name>Mike Jones</name>
               <resp>Research Software Engineer</resp>
            </respStmt>
         </titleStmt>
         <publicationStmt xml:id="mpese_pubstat">
            <publisher>Manuscript Pamphleteering in Early Stuart England (MPESE)</publisher>
            <date when="2017">2017</date>
         </publicationStmt>
         <sourceDesc>
            <listBibl xml:id="mss_witness">
               <bibl>
               </bibl>
            </listBibl>
                <listBibl xml:id="mss_witness_generated">
                    <bibl>
                        <ref type="ms" target="../mss/BLHarleyMS1323.xml">British Library, Harley MS 1323, ff. 95r–126x</ref>
                    </bibl>
                    <bibl>
                        <ref type="ms" target="../mss/BL_Lansdowne_MS_806.xml">British Library, Lansdowne MS 806, ff. 39x–58*****x</ref>
                    </bibl>
                    <bibl>
                        <ref type="ms" target="../mss/BL_Stowe_MS_286.xml">British Library, Stowe MS 286, ff46</ref>
                    </bibl>
                    <bibl>
                        <ref type="ms" target="../mss/Bodl_MS_Rawlinson_D_553.xml">Bodleian Library,  MS Rawlinson D 553, ff. 45r–71v</ref>
                    </bibl>
                    <bibl>
                        <ref type="ms" target="../mss/Bodl_MS_Tanner_252.xml">Bodleian Library,  MS Tanner 252, ff. 1r–39v</ref>
                    </bibl>
                    <bibl>
                        <ref type="ms" target="../mss/Houghton_fMS_Eng_1266.xml">Houghton Library,  fMS Eng 1266, volume II, ff.1r–41v</ref>
                    </bibl>
                    <bibl>
                        <ref type="ms" target="../mss/LPL_MS_178.xml">Lambeth Palace Library,  MS 178, ff. 144r–206r</ref>
                    </bibl>
                    <bibl>
                        <ref type="ms" target="../mss/LPL_Sion_College_MS_ARC_L_40_2_E50.xml">Lambeth Palace Library, Sion College MS ARC L.40.2/E50, ff. 3r–44r</ref>
                    </bibl>
                </listBibl>
            <listBibl xml:id="C17_print_witness">
               <bibl>
                  <author>
                     <persName corresp="../people/people.xml#P0136">
                        Sir John Borough
                     </persName>
                  </author>
                  <title>The Soveraignty of the British Seas proved by records, history, and the municpall lawes of this kingdome</title>
                  <date when="1651">1651</date>
                  <idno type="Wing">B6129</idno>
               </bibl>
               <bibl>
                  <author>
                     <persName corresp="../people/people.xml#P0136">
                        Sir John Borough
                     </persName>
                  </author>
                  <title>The Soveraignty of the British Seas</title>
                  <date when="1651">1686</date>
                  <idno type="Wing">B6129A</idno>
               </bibl>
            </listBibl>
         </sourceDesc>
      </fileDesc>
      <profileDesc>
         <abstract>
            <p/>
         </abstract>
         <creation>
            <date when="1633">1633</date>
            <placeName/>
         </creation>
         <textClass>
            <keywords n="text-type">
               <term/>
            </keywords>
         </textClass>
         <textClass>
            <keywords n="topic-keyword">
               <term/>
            </keywords>
         </textClass>
      </profileDesc>
      <encodingDesc>
         <editorialDecl>
            <p/>
         </editorialDecl>
      </encodingDesc>
      <revisionDesc>
         <listChange>
            <change when="2018-07-05" who="#RB" status="placeholder"/>
         </listChange>
      </revisionDesc>
   </teiHeader>
   <text>
      <body>
         <p/>
      </body>
   </text>
</TEI>