<TEI xmlns="http://www.tei-c.org/ns/1.0" xmlns:xi="http://www.w3.org/2001/XInclude">
   <teiHeader>
      <fileDesc>
         <titleStmt>
            <title>The State and Peril of a Secretary's Place</title>
            <author>
               <persName corresp="../people/people.xml#P0143">Robert Cecil, 1st Earl of Salisbury</persName>
            </author>
            <respStmt xml:id="NM">
               <name>Noah Millstone</name>
               <resp>Principal Investigator MPESE</resp>
            </respStmt>
            <respStmt xml:id="SV">
               <name>Sebastiaan Verweij</name>
               <resp>Co-Investigator MPESE</resp>
            </respStmt>
            <respStmt xml:id="RB">
               <name>Richard Bell</name>
               <resp>Research Associate</resp>
            </respStmt>
            <respStmt xml:id="MJ">
               <name>Mike Jones</name>
               <resp>Research Software Engineer</resp>
            </respStmt>
         </titleStmt>
         <publicationStmt xml:id="mpese_pubstat">
            <publisher>Manuscript Pamphleteering in Early Stuart England (MPESE)</publisher>
            <date when="2017">2017</date>
         </publicationStmt>
         <sourceDesc>
            <listBibl xml:id="mss_witness">
               <bibl>
               </bibl>
            </listBibl>
                <listBibl xml:id="mss_witness_generated">
                    <bibl>
                        <ref type="ms" target="../mss/BLAddMS72407.xml">British Library, Additional MS 72407, ff. 34r–35v</ref>
                    </bibl>
                    <bibl>
                        <ref type="ms" target="../mss/BLHarleyMS305.xml">British Library, Harley MS 305, ff. 369r–370v</ref>
                    </bibl>
                    <bibl>
                        <ref type="ms" target="../mss/BLHarleyMS354.xml">British Library, Harley MS 354, ff. 34r–35r</ref>
                    </bibl>
                    <bibl>
                        <ref type="ms" target="../mss/BLLansdowneMS491.xml">British Library, Lansdowne MS 491, ff. 49x–51x</ref>
                    </bibl>
                    <bibl>
                        <ref type="ms" target="../mss/BL_Harley_MS_6234.xml">British Library, Harley MS 6234, ff. 2r–3r</ref>
                    </bibl>
                    <bibl>
                        <ref type="ms" target="../mss/Bodl_MS_Ashmole_826.xml">Bodleian Library,  MS Ashmole 826, f. 29r</ref>
                    </bibl>
                    <bibl>
                        <ref type="ms" target="../mss/Bodl_MS_Tanner_103.xml">Bodleian Library,  MS Tanner 103, ff. 131r–132r</ref>
                    </bibl>
                    <bibl>
                        <ref type="ms" target="../mss/Senate_House_MS_308.xml">Senate House, University of London,  MS 308, ff. 251r–254v</ref>
                    </bibl>
                    <bibl>
                        <ref type="ms" target="../mss/TNA_SP_14_69.xml">The National Archives,  SP 14/69, /60</ref>
                    </bibl>
                    <bibl>
                        <ref type="ms" target="../mss/TNA_SP_14_69.xml">The National Archives,  SP 14/69, /61</ref>
                    </bibl>
                </listBibl>
            <listBibl xml:id="C17_print_witness">
               <bibl>
                  <author>
                     <persName corresp="../people/people.xml#P0143">Robert Cecil, 1st Earl Salisbury</persName>
                  </author>
                  <title>The State and dignitie of a secretarie of estates place, with the care and perill thereof</title>
                  <date when="1642">1642</date>
                  <idno type="Wing">S387</idno>
                  <biblScope unit="page" from="8" to="10">8-10</biblScope>
                  <biblScope unit="sigs" from="B1v" to="B2v">B1v-B2v</biblScope>
               </bibl>
            </listBibl>
            
            <listBibl xml:id="modern_print_witness">
               <bibl>
                  <title type="shorttitle">The Harleian Miscellany</title>
                  <edition>1st ed.</edition> 
                  <biblScope unit="volume">2</biblScope>
                  <biblScope unit="page" from="265" to="266">265-266</biblScope>
               </bibl>
               <bibl>
                  <title type="shorttitle">Somers Tracts</title>
                  <edition>2nd ed.</edition> 
                  <biblScope unit="volume">5</biblScope>
                  <biblScope unit="page" from="552" to="554">552-554</biblScope>
               </bibl>
            </listBibl>
         </sourceDesc>
      </fileDesc>
      <profileDesc>
         <abstract>
            <p/>
         </abstract>
         <creation>
            <date when="1612">Before 1612</date>
            <placeName/>
         </creation>
         <textClass>
            <keywords n="text-type">
               <term/>
            </keywords>
         </textClass>
         <textClass>
            <keywords n="topic-keyword">
               <term/>
            </keywords>
         </textClass>
      </profileDesc>
      <encodingDesc>
         <editorialDecl>
            <p/>
         </editorialDecl>
      </encodingDesc>
      <revisionDesc>
         <listChange>
            <change when="2018-07-05" who="#RB" status="placeholder"/>
         </listChange>
      </revisionDesc>
   </teiHeader>
   <text>
      <body>
         <p/>
      </body>
   </text>
</TEI>