<TEI xmlns="http://www.tei-c.org/ns/1.0" xmlns:xi="http://www.w3.org/2001/XInclude">
   <teiHeader>
      <fileDesc>
         <titleStmt>
            <title>A Collection Offered to King James on Calling a Parliament</title>
            <author>
               <persName corresp="../people/people.xml#P0143">Robert Cecil, 1st Earl Salisbury</persName>
            </author>
            <respStmt xml:id="NM">
               <name>Noah Millstone</name>
               <resp>Principal Investigator MPESE</resp>
            </respStmt>
            <respStmt xml:id="SV">
               <name>Sebastiaan Verweij</name>
               <resp>Co-Investigator MPESE</resp>
            </respStmt>
            <respStmt xml:id="RB">
               <name>Richard Bell</name>
               <resp>Research Associate</resp>
            </respStmt>
            <respStmt xml:id="MJ">
               <name>Mike Jones</name>
               <resp>Research Software Engineer</resp>
            </respStmt>
            <respStmt xml:id="PA">
               <name>Pam Abbott</name>
               <resp>Transcription Volunteer</resp>
            </respStmt>
         </titleStmt>
         <publicationStmt xml:id="mpese_pubstat">
            <publisher>Manuscript Pamphleteering in Early Stuart England (MPESE)</publisher>
            <date when="2017">2017</date>
         </publicationStmt>
         <sourceDesc>
            <msDesc corresp="../mss/BLAddMS22591.xml">
               <msIdentifier xml:id="BL_Add_MS_22591">
                <country>United Kingdom</country>
                <settlement>London</settlement>
                <repository>British Library</repository>
                <collection>Additional</collection>
                <idno>MS 22591</idno>
                <msName/>
             </msIdentifier>
                    <p xml:id="ms-label-generated">British Library, Additional MS 22591</p>
            </msDesc>
            <listBibl xml:id="mss_witness">
               <bibl>
               </bibl>
            </listBibl>
                <listBibl xml:id="mss_witness_generated">
                    <bibl>
                        <ref type="ms" target="../mss/BLHarleyMS737.xml">British Library, Harley MS 737, ff. 33r–35v</ref>
                    </bibl>
                    <bibl>
                        <ref type="ms" target="../mss/BL_Harley_MS_2207.xml">British Library, Harley MS 2207, ff. 12r–15r</ref>
                    </bibl>
                    <bibl>
                        <ref type="ms" target="../mss/Beinecke_Osborn_fb40.xml">Beinecke Library, Osborn fb40, ff. 129x–134x</ref>
                    </bibl>
                    <bibl>
                        <ref type="ms" target="../mss/Bodl_MS_Rawlinson_D_918.xml">Bodleian Library,  MS Rawlinson D 918, ff. 1r–2r</ref>
                    </bibl>
                    <bibl>
                        <ref type="ms" target="../mss/CUL_MS_Ll48.xml">Cambridge University Library,  MS Ll.4.8, ff. 3r–4v</ref>
                    </bibl>
                    <bibl>
                        <ref type="ms" target="../mss/NorthsRO_FH44.xml">Northamptonshire Record Office,  FH44, ff. 1–4</ref>
                    </bibl>
                </listBibl>
            <listBibl xml:id="modern_print_witness">
               <bibl>
                  <editor>Pauline Croft</editor>
                  <title>A Collection of Several Speeches and Treatises of the Late Lord Treasurer</title>
                  <series>Camden Miscellany</series>
                  <pubPlace>London</pubPlace>
                  <date when="1987">1987</date>
                  <biblScope unit="volume">29</biblScope>
                  <biblScope unit="page" from="278" to="280">278-280</biblScope>
               </bibl>
            </listBibl>
         </sourceDesc>
      </fileDesc>
      <profileDesc>
         <abstract>
            <p/>
         </abstract>
         <creation>
            <date when="1608">1608?</date>
            <placeName/>
         </creation>
         <langUsage>
            <language ident="EN">English</language>
            <language ident="LA">Latin</language>
         </langUsage>
         <textClass>
            <keywords n="text-type">
               <term/>
            </keywords>
         </textClass>
         <textClass>
            <keywords n="topic-keyword">
               <term/>
            </keywords>
         </textClass>
      </profileDesc>
      <encodingDesc>
         <editorialDecl>
            <p/>
         </editorialDecl>
      </encodingDesc>
      <revisionDesc>
         <listChange>
            <change when="2018-09-23" who="#RB" status="draft"/>
            <change when="2018-08-20" who="#PA" status="transcribed"/>
         </listChange>
      </revisionDesc>
   </teiHeader>
   <text>
      <body>
         <pb n="191r" facs="/bl/add_ms_22591/add_ms_22591_f191r/add_ms_22591_f191r.jpg"/>
         <head rend="align-centre">
            A letter <lb/>
            Fro<ex>m</ex> Sir Robt Cecill to <ex>th</ex>e Com<ex>m</ex>issionors at <lb/>
            Bulloi<ex>n</ex>ge <lb/>
            dated the xxvth of Iulye  Anno 1600:
         </head>
         <p>
            After my hartye com<ex>m</ex>endations, By a Ioynte L<ex>ett</ex>re, From my <lb/>
            Lord Treasuror, My Lord Admirall,  and my selfe, sent vnto you <lb/>
            this Morninge, you haue bine directed amonge other overtures , to be <lb/>
            made, as of your selves to the other Comissioners: For the Contynuinge <lb/>
            of the <del rend="strikethrough">Creatures</del> Treatye, to make an offer to them, that if they will <lb/>
            come and treate, in anye Coast Towne in England, that her ma<ex>jes</ex>ty <lb/>
            wilbe contented, there to give them p<ex>re</ex>cedencye, Since w<ex>hi</ex>ch tyme her <lb/>
            ma<ex>jes</ex>tye vppo<ex>n</ex> A Second Considerac<ex>i</ex>on finding it not convenient to <lb/>
            offer anye such matter, hath Comaunded mee to signifye to you, <lb/>
            that shee will haue you forbeare to make anye such p<ex>ro</ex>posic<ex>i</ex>on att <lb/>
            this tyme, But to p<ex>ro</ex>ceed in the rest, According to your directions, <lb/>
            in your Ioynt L<ex>ett</ex>re, whereof I praye you take notise by these p<ex>re</ex>sents <lb/>
            And soe I leave you to God his Protection Fro<ex>m</ex> the Courte in hast <lb/>
            this xxvth of Julye 1600 /
         </p>
         <p rend="align-centre">
            your very loving Friend <lb/>
            Robte Cecill
         </p>
         <pb n="191v" facs="/bl/add_ms_22591/add_ms_22591_f191v/add_ms_22591_f191v.jpg"/>
         <p rend="align-centre">
            A Collectio<ex>n</ex> <lb/>
            of such thinges as Rob<ex>er</ex>t, late Earle of Salisburye <lb/>
            thought fitt <lb/>
            to offer vnto King James his Maiestye vpon the <lb/>
            Occasion <lb/>
            of calling a parlyament
         </p>
         <p>
            <hi rend="bold">Seeing</hi> yo<ex>u</ex>r Maiesties owne necessities and the Age of <lb/>
            the Prince doth move you to call A Parlyament I haue thought <lb/>
            it fitt to offer such thinges as the tyme and that occasion doth <lb/>
            require, whereof some are such as the dutye of my place per=<lb break="no"/>
            ticularlye imposeth vppon mee The next are such Collections, <lb/>
            as maye giue occasion to some others to p<ex>re</ex>pare themselves ag<ex>ain</ex>st <lb/>
            the Tyme when those things come in question / which doe so neerly <lb/>
            Concerne you and yo<ex>u</ex>rs, This being the som<ex>m</ex>e of all my Labours/
         </p>
         <p>
            <add place="LM">(1)</add>
            <hi rend="bold">First</hi> to shew yo<ex>u</ex>r Ma<ex>jes</ex>tye yo<ex>u</ex>r Present Estate
         </p>
         <p>
            <add place="LM">(2:)</add>
            <hi rend="bold">Secondly</hi> what meanes maye be most likelye to persuade <lb/>
            yo<ex>u</ex>r people to Supplye you
         </p>
         <p>
            <add place="LM">(3)</add>
            <hi rend="bold">Lastlye</hi> what Course maye be taken afterwards to p<ex>re</ex>serve <lb/>
            you from A newe relapse /
         </p>
         <p>
            <hi rend="bold">For</hi> the First there is A table made wherein yo<ex>u</ex>r maiestie <lb/>
            Shall perticulerlye see what all yo<ex>u</ex>r certaine receipts doe <lb/>
            amount vnto in their severall natures What are yo<ex>u</ex>r certaine <lb/>
            Issues that cannot be avoided /  What yo<ex>u</ex>r Extraordinaries haue <lb/>
            beene this yeere and are like to bee / Howe much yo<ex>u</ex>r debts A=<lb break="no"/>
            mount vnto / What yo<ex>u</ex>r Revenue was at the Tyme of the Lord <lb/>
            Treasurers deathe and what you ought  / What hath bine imp<ex>ro</ex>ved <lb/>
            Since you came to the Crowne /  What Landes you haue sold / What <lb/>
            is the yeerelye Charge of the Princes expences w<ex>i</ex>th A blanke  pap<ex>er</ex> <lb/>
            for an Encrease according to yo<ex>u</ex>r Ma<ex>jes</ex>t<ex>ie</ex>s pleasure / What hath beene <lb/>
            assigned to Former Princes respecting Titles, Powers &amp; Territo=<lb break="no"/>
            ries /  What is assured already to the Duke of Yorke w<ex>i</ex>th a Blanke <lb/>
            for an encrease /
         </p>
         <p>
            <add place="LM">
               <hi rend="bold">
                  Some Remembra<ex>n</ex>ces <lb/>
                  For <ex>th</ex>e parlyam<ex>en</ex>t
               </hi>
            </add>
            A Collection of all that hath beene given yo<ex>u</ex>r Ma<ex>jes</ex>tye from your <lb/>
            people Since you came to the Crowne
         </p>
         <p>
            What haue beene the Iustest and greatest Causes of your <lb/>
            Expenses
         </p>
         <p>
            What helpes they haue afforded other Princes
         </p>
         <p>
            What reasons they haue to helpe yo<ex>u</ex>r ma<ex>jes</ex>tye at this tyme w<ex>i</ex>th <lb/>
            a Collection of some obiections &amp; Answeres to them Provisionally
         </p>
         <p>
            A President of two Graunts of Subsidies in Parlyam<ex>en</ex>t
         </p>
         <p>
            A Collection of the Landes sould in the Tyme of Q: Elizabeth
         </p>
         <p>
            A Note of Landes sould in kinge Edwardes Tyme
         </p>
         <p>
            A Collection of K: H: 8th ordinarye Receipts and expenses <lb/>
            w<ex>i</ex>th A noate of the Treasure left him &amp; <ex>th</ex>e debt hee dyed in
         </p>
         <p>
            A collection of such Favors as maye be yeilded to by the <lb/>
            Prince in Casse they shew the<ex>m</ex>selves co<ex>n</ex>formable at this Tyme / 
         </p>
         <p>
            What Obiections are likelye to be made / 
         </p>
         <p>
            What Answeres to be given them
         </p>
         <p>
            Lastlye because yo<ex>u</ex>r ma<ex>jes</ex>tye cannot well haue further help fro<ex>m</ex> <lb/>
            <fw type="catch" place="bot-right">your</fw>
            <pb n="192r" facs="/bl/add_ms_22591/add_ms_22591_f192r/add_ms_22591_f192r.jpg"/>
            your Parlyament except some iust cause of Warre should hape<ex>n</ex> <lb/>
            I haue bethought mee allsoe what course maye be most likelye <lb/>
            to p<ex>re</ex>serve your Ma<ex>jes</ex>tye from anye suddaine necessitye, &amp; there <lb/>
            in haue had respect aswell to the honor of yo<ex>u</ex>r Estate, to matters <lb/>
            of bountye and reward, and to the Furtherance of all other thinges <lb/>
            w<ex>hi</ex>ch maye give ornament to the kingdome, or an encrease to the in=<lb break="no"/>
            dustrie of yo<ex>u</ex>r people, All w<ex>hi</ex>ch maye be comprehended vnder the title <lb/>
            of generall Pollicye to much neglected in this State, where wee <lb/>
            haue A kinge and Councell soe well co<ex>m</ex>posed for such works / 
         </p>
         <p>
            <add place="RM">
               <hi rend="bold">
                  A Coppy of yo<ex>ur</ex> lo<ex>rdshi</ex>pps <lb/>
                  First Speech deliu<ex>ere</ex>d <lb/>
                  to <ex>th</ex>e lower house of <lb/>
                  parlyament /
               </hi>
            </add> <lb/>
            <hi rend="bold">I</hi> am enioyned two Things by the Lordes /  The First to giue <lb/>
            you notice of the Contentm<ex>en</ex>t they haue receaved in this meeting <lb/>
            as well because it is soe good A Preparatiue to the worke w<ex>hi</ex>ch <lb/>
            could not be well ended w<ex>th</ex> out such A begin<ex>n</ex>ing as because you <lb/>
            haue yeilded to it w<ex>i</ex>th such Alacritie and expedition
         </p>
         <p>
            <hi rend="bold">The</hi> Second is to make vnto you A Declarac<ex>i</ex>on of <ex>tha</ex>t w<ex>hi</ex>ch <lb/>
            before I had spoken in the higher house confined to A Relac<ex>i</ex>on <lb/>
            not best to <unclear>E</unclear>lection, either in substance or Circu<ex>m</ex>stance I must <lb/>
            needes suspecte that it will be tedious to their Lord ships to hear <lb/>
            anye thinge twice, and yett I well hope to haue from you A <lb/>
             hearing w<ex>i</ex>th Favor and patience in respecte of the matter w<ex>hi</ex>ch <lb/>
            speaketh soe well for it selfe, and not inregard of my p<ex>er</ex>swatio<ex>n</ex>s <lb/>
            that knowe the Force of my Argum<ex>en</ex>ts , must more consist in <foreign xml:lang="la">
                    <hi rend="italic">Animo <lb/>
            audientis quam in lingua dicentis</hi>
                </foreign>
         </p>
         <p>
            <add place="RM">
               <hi rend="italic">
                  Politique utilitye
               </hi>
            </add>
            <hi rend="bold">The</hi> generall obiect of this Consultac<ex>i</ex>on is publique vtilitye <lb/>
            In the handlinge of the Conference. The Lordes make noe <lb/>
            distinction of powers, but acknowledge vnion and equallitye of <lb/>
            Interrests knowing well that the kinge (being <ex>th</ex>e publique head <lb/>
            can receave noe other good from the bodye of this Parlyam<ex>en</ex>t (seured <lb/>
            in it selfe) then the naturall can receave Comforte when there is <lb/>
            interuption of the Passages betweene the braine and <ex>th</ex>e heart, <lb/>
            whereof the best Issue can be noe other but the effect of a dead <lb/>
            Palsye w<ex>hi</ex>ch taketh awaye motion First and liffe after / 
         </p>
         <p rend="align-right">
            <hi rend="bold">For</hi> my declarac<ex>i</ex>ons it <lb/>
            consists of two Parts
         </p>
         <p>
            <add place="RM">
               <hi rend="italic">
                  Causes of calling the <lb/>
                  Parlyament
               </hi>
            </add>
            <hi rend="bold">The</hi> First to make knowne the Causes of Callinge this <lb/>
            Parlyament
         </p>
         <p>
            <hi rend="bold">The</hi> Second to p<ex>ro</ex>pound some Motions
         </p>
         <p>
            <hi rend="bold">In</hi> the First you shall haue truth but at great lengthe
         </p>
         <p>
            <hi rend="bold">For</hi> the Second, they shall be such both in nature and vse, as <lb/>
            when you haue heard and well waighed, then I doubt not but you <lb/>
            will receave them <foreign xml:lang="la">
                    <hi rend="italic">Paucis mambus</hi>
                </foreign>
         </p>
         <p>
            <add place="RM">
               <hi rend="italic">
                  Instituc<ex>i</ex>on of this <lb/>
                  Monarchie
               </hi>
            </add>
            <hi rend="bold">From</hi> the First Instituc<ex>i</ex>on of the Monarchie w<ex>hi</ex>ch consists (as <lb/>
            all others doe) of people governem<ex>en</ex>t and Revenue All wise Prince <lb/>
            whensoever there was cause to w<ex>i</ex>thstand p<ex>re</ex>sent Euells or future <lb/>
            p<ex>er</ex>ills ( soe much the more p<ex>er</ex>illous because invisible) haue allwayes <lb/>
            addressed themselves to their Parlyaments for Councell &amp; defence <lb/>
            according to the severall sortes, For States to worke vpo<ex>n</ex>
         </p>
         <p>
            <hi rend="bold">Some</hi> Parlyaments haue bene called for making of lawes, <lb/>
            the Soule of the Com<ex>m</ex>on weale As in the Tyme of Ed: the First
         </p>
         <p>
            <hi rend="bold">Others</hi> for entayling possessions to the Crowne as in the 5: <lb/>
            of <hi rend="italic">Hen: 4:</hi> And in the Tyme of <hi rend="italic">Hen: 8:</hi> There was A Parlyam<ex>en</ex>t <lb/>
            for the establishing of A Succession, And therein not onlye the <lb/>
            Members of both houses sworne, and their names subscribed <lb/>
            to A Parchm<ex>en</ex>t Roll declating soe much, but Com<ex>m</ex>issions sent <lb/>
            <fw type="catch" place="bot-right">throughout</fw>
            <pb n="192v" facs="/bl/add_ms_22591/add_ms_22591_f192v/add_ms_22591_f192v.jpg"/>
            <add place="LM">
               <hi rend="italic">
                  The sessions of <lb/>
                  Parlyament called <lb/>
                  for two Causes / <lb/>
                  Supply -
               </hi>
            </add>
            throughout to sweare everye man and woman by the Poll
         </p>
         <p>
            <hi rend="bold">Having</hi> thus breiffelye poynted at some few Causes of calling <lb/>
            Former Parlyaments, I will now discend to the p<ex>er</ex>ticuler causes <lb/>
            of Assembling this present Parlyament /  They are onlye Two / 
         </p>
         <p>
            <hi rend="bold">One</hi> to p<ex>ro</ex>cure supplye for his Ma<ex>jes</ex>te State, w<ex>i</ex>th some ease to <lb/>
            be given to the Subiecte <foreign xml:lang="la">
                    <hi rend="italic">Pulcher Thesaurus bene locata gratia</hi>
                </foreign>
         </p>
         <p>
            <hi rend="bold">The</hi> other to make you wittnesses (as some other kinges haue <lb/>
            done yo<ex>u</ex>r Predecessors of those great honors and Favors which <lb/>
            his ma<ex>jes</ex>tye intendeth to performe to his Royall Sonne in Creating <lb/>
            him Prince of Wales , and Earle of Chester, of which parte <lb/>
            though it be the Second member of my devision , yett because it is <lb/>
            A Sub<ex>jec</ex>te that hath raysed much discourse (some asking whether it <lb/>
            might be done w<ex>i</ex>thout A Parlyam<ex>en</ex>t, others whye it is lefte to <lb/>
            Parlyament, If there were noe such necesitie, I willbe bould to <lb/>
            shew you some of my observations, though not much worth hearing, <lb/>
            yet not alltogether imp<ex>er</ex>tinent, to be by you reported to men of <lb/>
            inferior Iudgment because they doe rather looke vpo<ex>n</ex> the Sup<ex>er</ex>=<lb break="no"/>
            ficies then the Inner causes
         </p>
         <p>
            <add place="LM">
               <hi rend="italic">
                  England neuer had <lb/>
                  more then eleven <lb/>
                  Princes of Wales 
               </hi>
            </add>
            <hi rend="bold">In</hi> all my observac<ex>i</ex>ons as well of that whereof Story maketh <lb/>
            menc<ex>i</ex>ons As of that w<ex>hi</ex>ch appeareth in Authentique Records and <lb/>
            Au<ex>n</ex>tient Charters, I finde that this kingdome had never more <lb/>
            then Eleaven Princes of Wales / 
         </p>
         <p>
            <hi rend="bold">The</hi> First was the Sonne of <hi rend="italic">H: 3:</hi> whoe was after called Ed: <lb/>
            1: Created at London, of whose Creation it is writte<ex>n</ex> <ex>tha</ex>t <foreign xml:lang="la">
                    <hi rend="italic">Pater <lb/>
               ouis</hi>
                </foreign> (meaning <hi rend="italic">H: 3</hi>) <foreign xml:lang="la">
                    <hi rend="italic">mortaliter p<ex>ro</ex>ganisus est</hi>
                </foreign> This was <ex>th</ex>e kinge <lb/>
            that setled the Lawes and governem<ex>en</ex>t in first &amp; best repose / 
         </p>
         <p>
            <add place="LM">
               <hi rend="italic">Ed: 2:)</hi>
            </add>
            <hi rend="bold">Next</hi> was his Sonne (after called Edward 2: created <lb/>
            at London
         </p>
         <p>
            <add place="LM">
               <hi rend="italic">Ed: 3:)</hi>
            </add>
            <hi rend="bold">Then</hi> his Sonne (after called Ed: 3: created at Yorke / 
         </p>
         <p>
            <hi rend="bold">For</hi> these three I haue the warrant of divers Historiograph<ex>er</ex>s <lb/>
            (the Particular Charters being not extant, And the Story saithe <lb/>
            that they were created in A greate Councell or Parlyam<ex>en</ex>t
         </p>
         <p>
            <add place="LM">
               <hi rend="bold">
                  of Princes whose <lb/>
                  Charters are extant <lb/>
                  <hi rend="italic">Ed:<ex>th</ex>e Black Prince</hi>
               </hi>
            </add>
            The First was Edward the Blacke Prince Sonne of Ed: 3: <lb/>
            Created at London and by Parlyam<ex>en</ex>t w<ex>i</ex>the theise wordes (<foreign xml:lang="la">
                    <hi rend="italic">ex con=<lb break="no"/>
            sensu Pralatorum et comunitatis</hi>
                </foreign>
         </p>
         <p>
            <add place="LM">
               <hi rend="italic">
                  ( Rich: 2:
               </hi>
            </add>
            <hi rend="bold">His</hi> Sonne who was after called Richard the Second created <lb/>
            at Havering w<ex>i</ex>thout Parlyament
         </p>
         <p>
            <add place="LM">
                    <hi rend="italic">(Hen: 5:)</hi>
                </add>
            <hi rend="bold">After</hi> him <hi rend="italic">Hen: 5:</hi> the eldest Sonne of <hi rend="italic">Hen: 4:</hi> Created <lb/>
            at London by Parlyament
         </p>
         <p>
            <add place="LM">
               <hi rend="italic">(Ed: 4:)</hi>
            </add>
            <hi rend="bold">After</hi> him Edward the Sonne of <hi rend="italic">Hen: 6: </hi>created at Reading <lb/>
            by Parlyament
         </p>
         <p>
            <hi rend="bold">The</hi> next was the Sonne of Ed: 4: whoe was afterwardes <lb/>
            called Ed: 5: Created at London w<ex>i</ex>thout Parlyament
         </p>
         <p>
            <add place="LM">
               <hi rend="italic">
                  Ed: sonne of Rich=<lb break="no"/>
                  3:)</hi>
            </add>
            <hi rend="bold">Next</hi> was Ed: the Sonne of Rich: 3: Created at London <lb/>
            w<ex>i</ex>thout Parlyament
         </p>
         <p>
            <add place="LM">
               <hi rend="italic">
                  The Two Sonnes of <lb/>
                  Hen: 7: ) 
               </hi>
            </add>
            <hi rend="bold">Lastlye</hi> the Two Sonnes of <hi rend="italic">H: 7:</hi> Arthur and <hi rend="italic">Hen:</hi> were <lb/>
            created at London by Parlyament
         </p>
         <p>
            <hi rend="bold">Kinge</hi> Ed : 6: had noe Creation nor the Lady Marye more <lb/>
            then Titularye sent into Wales w<ex>i</ex>th divers of his Ma<ex>jes</ex>ts cou<ex>n</ex>cell <lb/>
            and other officers to direct hir governem<ex>en</ex>t
         </p>
         <p rend="align-right">
            <hi rend="bold">Out</hi> of all this (w<ex>hi</ex>ch is but Vulgar) there be <lb/>
            two thinges I desire you to noate /
         </p>
         <p>
            <add place="LM">
               <hi rend="italic">
                  Parlyam<ex>en</ex>t hath no esse<ex>n</ex>ci=<lb break="no"/>
                  all power in the creatio<ex>n</ex> <lb/>
                  of Princes 
               </hi>
            </add>
            <hi rend="bold">The</hi> one that the Parlyament hath noe Essentiall power in <ex>th</ex>e <lb/>
            Creation of Princes as maye appeare by the au<ex>n</ex>sweare of <lb/>
            <fw type="catch" place="bot-right">Edward</fw>
            <pb n="193r" facs="/bl/add_ms_22591/add_ms_22591_f193r/add_ms_22591_f193r.jpg"/>
            Edward: 3: when the Com<ex>m</ex>ons made suite to haue his grandchilde <lb/>
            Rich: 2: created in Parlyament, It was au<ex>n</ex>swered That both <ex>th</ex>e time <lb/>
            place, and power of Creation was onlye in <foreign xml:lang="la">
                    <hi rend="italic">Suic Regis</hi>
                </foreign> &amp; therefore <lb/>
            it might be done at some greate Feast, and soe it was
         </p>
         <p>
            <hi rend="bold">The</hi> second thinge I desire you to note (though for anye sub=<lb break="no"/>
            stantiall parte it bee little better then the old wives tale) it is <lb/>
            onlye this that howsoever some others haue had their Crosses, yett <lb/>
            everye one of those that haue bene made out of Parlyam<ex>en</ex>t haue <lb/>
            beene Princes of infortunitie, Richard the Second deposed <lb/>
            Ed: 5: murthered, And the Sonne of Richard the third dyed with <lb/>
            in three Monthes after / 
         </p>
         <p>
            <hi rend="bold">But</hi> what doe I speake of Tyme, place, and such like circu<ex>m</ex>sta<ex>n</ex>ce <lb/>
            w<ex>hi</ex>ch are but the Shells and Shadowes of this Accou<ex>nt</ex>, Let vs leave <lb/>
            this and behold the Prince himselfe w<ex>i</ex>th Comfort and admiration <lb/>
            A Prince in whom there are more strang Images of externall <lb/>
            formositie, vigour, and Activitie, And for the internall faculties <lb/>
            of the Mynde greater Capacitie, promptnes to Learning &amp; Iudgm<ex>en</ex>t <lb/>
            in pointe of elect<ex>i</ex>on then ever appeared in Prince of England / It <lb/>
            is true I mought haue forborne this Comendac<ex>i</ex>on amongst you <lb/>
            whose Eyes I need not open to behold his virtues, yett such is <lb/>
            my Ioye when I see him. and soe doe my affecc<ex>i</ex>ons kindle when <lb/>
            I must speake of him as though I had never had <foreign xml:lang="la">
                    <hi rend="italic">Promptum ad <lb/>
            adulaconem Ingeniu<ex>m</ex>
                    </hi>
                </foreign> yett when I am speaking I cannot <del rend="strikethrough">but</del> <lb/>
            chuse but speake what I thinke
         </p>
         <p>
            <add place="RM">
               <hi rend="italic">
                  Earldome of Chester</hi>
            </add>
            <hi rend="bold">For</hi> the Earldome of Chester, though it be lesse then <ex>th</ex>e former <lb/>
            in pointe of dignitie, yett considering howe the state there of <lb/>
            was by wisedome of Parlyament in the Tyme of <hi rend="italic">H</hi>: 8: changed <lb/>
            and reduced  for the good of the kingdome <foreign xml:lang="la">
                    <hi rend="italic">Quoad votestatem</hi>
                </foreign> <lb/>
            and to goe on w<ex>i</ex>th the rest of my Fragm<ex>en</ex>ts of the Antiquaryes I <lb/>
            cannot omitt to saye something of the State thereof, w<ex>hi</ex>ch hath in <lb/>
            it at this daye all Regallities and powers incident to a Cou<ex>n</ex>tie <lb/>
            Pallatine that are not directlye take<ex>n</ex> away by <ex>th</ex>e Stat<ex>ute</ex> 27: <hi rend="italic">H</hi>:8:
         </p>
         <p>
            <add place="RM">
               <hi rend="italic">
                  Hughe Lupus first <lb/>
                  Earle of Chester
               </hi>
            </add>
            <hi rend="bold">The</hi> first Earle of Chester (before it came to A Sonne of <lb/>
            the Crowne was <hi rend="italic">Hugo Lupus</hi> to whom the Conqueror gave <lb/>
            the Earledome in these wordes <foreign xml:lang="la">
                    <hi rend="italic">Tenendu<ex>m</ex> ita libere ad gladiu<ex>m</ex> <lb/>
            sicut <unclear>..se</unclear> Rex tenet Angliam et Coronam</hi>
                </foreign>, Soe it continued <lb/>
            till it came to <hi rend="italic">Joh<ex>ann</ex>es Scotus</hi> After whom it fell to the heyres <lb/>
            <add place="RM">
               <hi rend="italic">
                  By Conquest E: of Flint <lb/>
                  Bishopricke of St <lb/>
                  Asaphe in <ex>th</ex>e Princes <lb/>
                  Presentac<ex>i</ex>on 
               </hi>
            </add>
            Males, And then by <hi rend="italic">Hen</hi>: 3: it was vpo<ex>n</ex> Composit<ex>i</ex>on resumed to <lb/>
            the Crowne <unclear>..e</unclear> <foreign xml:lang="la">
                    <hi rend="italic">tanta haereditas deuideretur inter colas.</hi>
                </foreign> A=<lb break="no"/>
            mong other things, I finde that as he is Earle of Flint (w<ex>hi</ex>ch hee <lb/>
            was by Conquest <ex>th</ex>e Bish<ex>o</ex>p: of St Assaph is in his Presentat<ex>i</ex>on
         </p>
         <p>
            <hi rend="bold">I</hi> haue now dwelt to long vpon the observat<ex>i</ex>ons of these things <lb/>
            that are as well knowne to you as to my Selfe, For w<ex>hi</ex>ch I must crave <lb/>
            pardon, and patience to add thus much further (thoughe it be but <lb/>
            <add place="RM">
               <hi rend="italic">
                  Duke of cornewall &amp; <lb/>
                  Dolphin of Fraunce <lb/>
                  not much differinge <lb/>
                  in their Age
               </hi>
            </add>
            Triviall, that the honor of the Duke of Cornewall, and that of <lb/>
            the dolphine of Fraunce, are not much differing in theire Age <lb/>
            the one being established vpon the First Sonne of the kinge by <lb/>
            Parlym<ex>en</ex>t in the Tyme of Ed: 3: The other by the three States <lb/>
            vpon the Eldest Sonne of Fraunce in the Tyme of Charles the <lb/>
            5: w<ex>hi</ex>ch tuo kinges are, <space unit="characters" extent="10"/> Raigning at the same Tyme
         </p>
         <p>
            <hi rend="bold">And</hi> nowe to come to the First part w<ex>hi</ex>ch is for supplie <lb/>
            I must needs laye before you the discription of his Ma<ex>jes</ex>ts Estate <lb/>
            And thereof make the wants soe greate as I might entertayne <lb/>
            some suspic<ex>i</ex>on, that the Truth of my Relation might be doubted <lb/>
            <fw type="catch" place="bot-right">If</fw>
            <pb n="193v" facs="/bl/add_ms_22591/add_ms_22591_f193v/add_ms_22591_f193v.jpg"/>
            If I did not knowe that all mens wordes are weighed heere in <lb/>
            the ballance of honor and Iustice or could haue accused my selfe <lb/>
            to haue deserved soe little Creditt heere (where on <ex>th</ex>e Contrary <lb/>
            both the Father and the Sonne, haue had soe good experience of ex=<lb break="no"/>
            traordinarye p<ex>ri</ex>vate duetie in this place where I sett, not by anye <lb/>
            p<ex>er</ex>sonall or Temporarye honnor or Office But as A Peere that by <lb/>
            his ma<ex>jes</ex>t<ex>ie</ex>s Favor haue such A fixed porc<ex>i</ex>on in the greatnes of this <lb/>
            Estate. As onlye breach of Loyaltie ca<ex>n</ex> take it fro<ex>m</ex> me or my posteritie
         </p>
         <p>
            <hi rend="bold">Bee</hi> pleased therefore seeing in Courts of Justice much trust <lb/>
            is given to A single Affidavit (though sometimes of an obscure <lb/>
            p<ex>er</ex>sonn, to beleeve w<ex>ha</ex>t I shall tell you For I protest before God I <lb/>
            will not willinglie speake an vntruth
         </p>
         <p>
            <add place="LM">
               <hi rend="italic">How to Judge of <lb/>
                  Princes States /
               </hi>
            </add>
            <hi rend="bold">Who</hi>soever will rightlie Iudge of Princes State, must examy<ex>n</ex> <lb/>
            whether his ordinarie receipt be sufficient to beare his ordinary <lb/>
            yssues, leaving allwayes A porc<ex>i</ex>on to answere extraordinaryes, <lb/>
            w<ex>hi</ex>ch are soe certaine in proofe as all men must p<ex>ro</ex>vide, For thoughe <lb/>
            they knowe them not before hand especiallie in the Condic<ex>i</ex>on of A <lb/>
            greate Prince, Seing there is noe private man that makes a good <lb/>
            reckoning but shall conclude that the Extraordinary will amount <lb/>
            to the 4th parte of his Ordinarye Nor anye prince can be safe and <lb/>
            happie, that is not able to offend his Enemie vpo<ex>n</ex> iust cause to de=<lb break="no"/>
            fend himselfe vpo<ex>n</ex> suddaine Iniurye or assist his Freind in Cases <lb/>
            of oppression and violence
         </p>
         <p>
            <hi rend="bold">Of</hi> w<ex>hi</ex>ch severall Considerac<ex>i</ex>ons though the last may seeme <ex>th</ex>e <lb/>
            least yet hath the Experience of her late Ma<ex>jes</ex>tyes happie and <lb/>
            politique gou<ex>er</ex>nm<ex>en</ex>t made both by the vse and the honor of <ex>tha</ex>t cou<ex>n</ex>cell <lb/>
            appeare by her proceedings towards the French king and the <lb/>
            States in the Tyme of their soe Eminent perill &amp; Confusion. As <lb/>
             there is noe man of Como<ex>n</ex> Sence and vnderstanding that will not <lb/>
            acknowledge <ex>tha</ex>t that kingdome and those provinces must needs haue <lb/>
            p<ex>ro</ex>ved dau<ex>n</ex>gerous neighbours to this Crowne For if it be co<ex>n</ex>side=<lb break="no"/>
            red that Forraigne Amities depends vpo<ex>n</ex> Treaties and that <lb/>
            all Treaties are Subiect to contingent causes, That State can <lb/>
            never be accounted safe nor provident w<ex>hi</ex>ch is to seeke for meanes <lb/>
            <add place="LM">
               <hi rend="italic">
                  Queene Elizabeth <lb/>
                  in the 2: of her raign <lb/>
                  had in deposite aboue <lb/>
                  2: Millions of Crowns
               </hi>
            </add> <lb/>
            when there is occasion / A matter soe farr fro<ex>m</ex> neglect in her ma<ex>jesties</ex> <lb/>
            tyme as before shee had any Warre w<ex>i</ex>th Spayne or had sent anye <lb/>
            forces into the low Cou<ex>n</ex>tryes, hir people had soe Enabled her <lb/>
            w<ex>i</ex>th frequent Subsidies as shee had at one Instant in the 27th <lb/>
            of her raigne aboue Two Millions of Crownes in deposite / 
         </p>
         <p>
            <hi rend="bold">If</hi> it be obiected that some other warres w<ex>hi</ex>ch shee had at seu<ex>er</ex>all <lb/>
            Tymes, were cause of those Subsidyes, Soe that I Maye answere, <lb/>
            that they were of small consequence till <ex>th</ex>e rebellio<ex>n</ex> in Dismond
         </p>
         <p>
            <add place="LM">
               <hi rend="italic">
                  subsidies &amp; fifteenes <lb/>
                  giuen to the late Q <lb/>
                  from 1<ex>st</ex> till An<ex>n</ex>o 27: <lb/>
                  came to allmost fiue <lb/>
                  Millions of Crownes
               </hi>
            </add>
            <hi rend="bold">For</hi> the First was onelye a Change of some fewe forces <lb/>
            sent to Hithe, The Second to Newhaven, towards all w<ex>hi</ex>ch her <lb/>
            people gave hir soe much in Subsidyes and Fifteenes as it will <lb/>
            appeare, That if love and providence had not beene <ex>th</ex>e motives <lb/>
            of those Subsidyes they would never haue come soe freelye nor <lb/>
            soe frequentlye, For accou<ex>n</ex>ting fro<ex>m</ex> <hi rend="italic">Primo</hi> till An<ex>n</ex>o. 27: it came <lb/>
            to allmost 5: Millyons of Crownes
         </p>
         <p>
            <hi rend="bold">Of</hi> all w<ex>hi</ex>ch and manye other thinges because I meane not to <lb/>
            deliver you matters at Randome I haue heere the accompts in <lb/>
            my bagg / I would the monye were in the Chamber, Fro<ex>m</ex> Example <lb/>
            men maye well Collect, that the Provisions for Princes safetie <lb/>
            are Children of Peace and not of Warre / 
         </p>
         <p>
            <hi rend="bold">But</hi> nowe to speake regularlye of his Ma<ex>jes</ex>t<ex>ie</ex>s State wherein <lb/>
            <fw type="catch" place="bot-right">I</fw>
            <pb n="194r" facs="/bl/add_ms_22591/add_ms_22591_f194r/add_ms_22591_f194r.jpg"/>
            I would be loath to deliver you that for Truthe to daye w<ex>hi</ex>ch <lb/>
            should be falce tomorrowe In w<ex>hi</ex>ch kinde I would not willingly <lb/>
            take my Farewell that knowe not whether ever I shall speake <lb/>
            againe on this place vpo<ex>n</ex> such A Subiect, I must deliver plainely <lb/>
            vnto you by the duetie I owe vnto <ex>th</ex>e K: by who<ex>m</ex> I am warranted
         </p>
         <p>
            <add place="RM">
               <hi rend="italic">
                  His Ma<ex>jes</ex>t<ex>ie</ex>s expenses <lb/>
                  vpon his certaine <lb/>
                  ordinaries exceed <lb/>
                  every yeere <ex>th</ex>e vtter <lb/>
                  most of his Receipts 
               </hi>
            </add>
            <hi rend="bold">That</hi> his Ma<ex>jes</ex>t<ex>ie</ex>s expenses vpon his certaine ordinaryes, ex <lb/>
            ceed everye yeere, the vttermost of his Receipts (<foreign xml:lang="la">
                    <hi rend="italic">omnibus viis <lb/>
            et modis</hi>
                </foreign>) not accounpting such Extraordinaries as are incident <lb/>
            and ordinarye to all Princes, neither doe I speake of those cha<ex>n</ex>g<ex>e</ex>s <lb/>
            w<ex>hi</ex>ch breake out in tyme of Warre because that Torrent when itt <lb/>
            comes doth ruine w<ex>i</ex>th such A streame as noe man can make an <lb/>
            estimate that will stopp it nor better prevent anye such Contin=<lb break="no"/>
            gent p<ex>er</ex>ill or disaster, Then by enabling the Estate before hand <lb/>
            w<ex>i</ex>th the readye and sufficient meanes to resist the same
         </p>
         <p>
            <add place="RM">
               <hi rend="italic">
                  The kings Debt
               </hi>
            </add> 
            <hi rend="bold">To</hi> this I must allsoe add that Further weight w<ex>hi</ex>ch makes the <lb/>
            Ballance much more heavye, and that is the great debts of the <lb/>
            kinge, whereof I resolve to speake p<ex>er</ex>ticularlye and to support <lb/>
            my declarac<ex>i</ex>on by taking my grounds from that Relation w<ex>hi</ex>ch <lb/>
            was made in this place, by my p<ex>re</ex>decessor the Earle of Dorsett <lb/>
            nowe w<ex>i</ex>th god
         </p>
         <p>
            <add place="RM">
               <hi rend="italic">
                  A declarac<ex>i</ex>on of his <lb/>
                  Ma<ex>jes</ex>t<ex>ie</ex>s Debt vnder <ex>th</ex>e <lb/>
                  hand of the late Lo: <lb/>
                  Tre<ex>asure</ex>r Dorsett / 
               </hi>
            </add>
            <hi rend="bold">For</hi> the veritye whereof that I shall nowe speake, w<ex>hi</ex>ch could <lb/>
            not nowe be p<ex>ro</ex>duced Anew to serue anye p<ex>re</ex>sent turne, And <lb/>
            that in the declarac<ex>i</ex>on Extant, heere vunder his owne hande, <lb/>
            conteyning that w<ex>hi</ex>ch followeth (Vizt)
         </p>
         <p>
             <hi rend="bold">That</hi> in Anno 3: his Ma<ex>jes</ex>ty was indebted the some of seave<ex>n</ex> <lb/>
            hundred and thirtye Thousand poundes
         </p>
         <p>
            <hi rend="bold">That</hi> his receipt was shorte of his Ordinarye yssue <ex>th</ex>e some <lb/>
            of Fourescore and one Thousand poundes. Besydes the want <lb/>
            of Treasure to discharge all Extraordinarye Expence which <lb/>
            never came soe lowe in anye yeere either before or since, As <lb/>
            one hundred Thousand poundes For this debt and <ex>tha</ex>t vnequallity <lb/>
            you maye therefore safelye Conclude, That the debt could not <lb/>
            but be Swolne to A highe p<ex>ro</ex>porc<ex>i</ex>on of late, because in everye <lb/>
            one of the Succeeding Ages Fro<ex>m</ex> No.3: till Mich<ex>alm</ex>as No.6: there <lb/>
            was such an encrease vppon the ordinarye by reenforcing the <lb/>
            Armye into Ireland since the beginning of Odoherties Rebellio<ex>n</ex> <lb/>
            and vppo<ex>n</ex> some other home causes, As made the vnequallity <lb/>
            of Fourescore one Thousand poundes (as it stood No. 3:) Rise <lb/>
            by degrees to one hundred and Fortye Thousand poundes, att <lb/>
            Mich<ex>alm</ex>as Anno 6: Soe as by the End of that yeere, <ex>th</ex>e whole debt <lb/>
            was raysed by that meanes, and by the yeerelye groweinge <lb/>
            charges vpon the Extraordinarye to noe lesse then Fourteene <lb/>
            hundred Thoousand poundes. A matter soe well knowne to diu<ex>er</ex>se <lb/>
            of the Lordes (that haue wyned w<ex>i</ex>th mee in councell and en=<lb break="no"/>
            deavord to resist that necessitie w<ex>hi</ex>ch was w<ex>i</ex>thout example <lb/>
            in this Monarchie, as I doubt not, I haue their Testimony toe <lb/>
            the Truthe thereof
         </p>
         <p>
            <add place="RM">
               <hi rend="italic">
                  The Debt <lb/>
                  diminished
               </hi>
            </add>
            <hi rend="bold">This</hi> news I am sure is vnwellcome to you And therefore <lb/>
            I will hold you noe longer in expectatio<ex>n</ex> either what is now the <lb/>
            debt or the inequallitie, Because though it be farr from well, it <lb/>
            is better then it was, For I acknowledge that fro<ex>m</ex> Fourteene <lb/>
            hundred Thousand poundes at Mich<ex>alm</ex>as An<ex>n</ex>o 6: it is drawn <lb/>
            downe to Three hundred Thousand poundes would God I <lb/>
            could saye his Reuenewe held noe lesse disporoporc<ex>i</ex>on w<ex>hi</ex>ch his <lb/>
            certaine expence respecting meere ordinaryes and those <lb/>
            <fw type="catch" place="bot-right">Extraordinaries</fw> <lb/>
            <pb n="194v" facs="/bl/add_ms_22591/add_ms_22591_f194v/add_ms_22591_f194v.jpg"/>
            Extraordinaryes w<ex>hi</ex>ch everye yeere must require ( though I can <lb/>
            not Enumerate the Species, howbeit I maye saye thus much that <lb/>
            from that late Inequallitie of one hundred and Forty Thousand <lb/>
            pounds to answere meere Ordinaryes, as it stood at Mach<ex>alm</ex>as <lb/>
            was Twelve monthes, The receipts doe nowe Equall the Issues w<ex>i</ex>thin <lb/>
            Fortye Six Thousand poundes (thoughe for the Extraordinaryes <lb/>
            there remayneth Still lacke of Provicion
         </p>
         <p>
            <hi rend="bold">Having</hi> nowe layd open <ex>th</ex>e great difficultie in his ma<ex>jes</ex>t<ex>ie</ex>s Estate <lb/>
            litle by Comparison of what it was, Allthoughe I meane not to <lb/>
            trouble you w<ex>i</ex>th my diffinition or discription of that w<ex>hi</ex>ch maye be <lb/>
            the consequence thereof, that knowe how much the necessitie of <lb/>
            Princes invite Forraigne Practises begett contempt at home <lb/>
            and Clogg the passages to all noble designes, yet I may boldly <lb/>
            saye this, that from the want of kings vnrepaired, there riseth <lb/>
            such A Hydra of evills, As all men ought that love their Cou<ex>n</ex>trye <lb/>
            to make hast to distroye this monster, both in Radice of <unclear>G</unclear>emine
         </p>
         <p>
            <hi rend="bold">and</hi> for my particular I must saye this much, That if sittinge <lb/>
            soe neere the Storme and seeing it come in the Ayre, I shoulde <lb/>
            haue suffered it to breake and be<unclear>..  </unclear>aued my selfe in a private <lb/>
            Corner w<ex>i</ex>thout reporting to the naturall place for remedye I were <lb/>
            not worthye to carrye this Staffe in my hand
         </p>
         <p>
            <add place="LM">
               <hi rend="italic">
                  what hath bene giue<ex>n</ex> <lb/>
                  to his Ma<ex>jes</ex>tye Since <lb/>
                  his happy Augurac<ex>i</ex>o<ex>n</ex>
               </hi>
            </add> 
            <hi rend="bold">It</hi> remayneth likewise now in further congruitie that I doe al <lb/>
            soe giue you an accompte, what hath bine given by his ma<ex>jes</ex>t<ex>ie</ex>s people <lb/>
            in the whole since his happye Augurac<ex>i</ex>on, and what use his ma<ex>jes</ex>ty <lb/>
            hath made of it, as well for support of his generall expence <lb/>
            As for drawing downe his huge debt to the State it now is
         </p>
         <p>
            <add place="LM">
               <hi rend="italic">subsidyes</hi>
            </add>
            <hi rend="bold">First</hi> his Ma<ex>jes</ex>tye receaved his Subsidies due to the queene <lb/>
            noe lesse then Three hundfed fiftye Thousand poundes He hath <lb/>
            had 4 hundred fiftye thousand pounds in Subsidies, <unclear>sin<ex>ce</ex>
                </unclear> <ex>th</ex>e Parlyament
         </p>
         <p>
            <add place="LM">
               <hi rend="italic">Ayde /</hi>
            </add>
            <hi rend="bold">hee</hi> hath had Twenty thousand poundes For the Ayde, where <lb/>
            in (Mr Recorder to you I speake it) this is worthie of note, though <lb/>
            not worthie to remayne for A record, that the Lords Spirrituall <lb/>
            and Temporall haue disbursed neere the pointe of 4 thousand <lb/>
            Poundes, For that Ayde, w<ex>hi</ex>ch is foure tymes as much as <ex>th</ex>e cittye <lb/>
            of London, put all these togither, then haue you Eight hundred and <lb/>
            twentye Thousand pounds
         </p>
         <p>
            <add place="LM">
               <hi rend="italic">Privye Seales</hi>
            </add>
            <hi rend="bold">Yf</hi> you will saye I haue left out the Monye the king hath <lb/>
            had by privye Seales w<ex>hi</ex>ch is little lesse then one hundred 20: <lb/>
            Thousand Poundes, my best au<ex>n</ex>swere must ne vnto you that my <lb/>
            memorye Spends apace, and the rather in this p<ex>er</ex>ticuler, w<ex>i</ex>th which <lb/>
            I meant not to charge it, because it is repayd to the right Hon<ex>er</ex>s <lb/>
            w<ex>i</ex>thin Five Thousand Poundes and that readye to be receaved <lb/>
            <del rend="strikethrough">when the right</del> as Fast as it is called for /
         </p>
         <p>
            <hi rend="bold">Of</hi> this great Sum<ex>m</ex>e and others Raysed out of his owne Estate <lb/>
            his Ma<ex>jes</ex>tye hath made this use
         </p>
         <p>
            <add place="LM">
               <hi rend="italic">
                  A Declarac<ex>i</ex>on of w<ex>ha</ex>t <lb/>
                  use his Ma<ex>jes</ex>tye hath <lb/>
                  made of these great <lb/>
                  Summes / 
               </hi>
            </add>
            <hi rend="bold">First</hi> the three hundred and Fiftye Thousand poundes of <lb/>
            Subsidies due to the queene, and paid to the kinge, his ma<ex>jes</ex>ty <lb/>
            tooke it w<ex>i</ex>th the one hand and paid it w<ex>i</ex>th the other for her owne <lb/>
            debts, Hee redeemed the Landes of the Crowne w<ex>hi</ex>ch shee had <lb/>
            morgaged to the Cittie
         </p>
         <p>
            <hi rend="bold">he</hi> paid the Reckonings of the base monye in Ireland to the <lb/>
            valewe in Silver, discharged an arreare of the debts to <ex>th</ex>e Army <lb/>
            in the Admiralltye, Wardrobe and ells where w<ex>hi</ex>ch amounted <lb/>
            to three Thousand Fiftie Thousand pounds /
         </p>
         <p>
            <hi rend="bold">For</hi> these Three Subsidies w<ex>hi</ex>ch haue bene geuen to his ma<ex>jes</ex>ty
            <fw type="catch" place="bot-right">himselfe,</fw>
            <pb n="195r" facs="/bl/add_ms_22591/add_ms_22591_f195r/add_ms_22591_f195r.jpg"/>
            himselfe in Parlyament, at w<ex>hi</ex>ch Tyme the kings debt was de=<lb break="no"/>
            clared to be Seaven hundred Thirtie Thousand Poundes, which <lb/>
            haue since soe much increased, it hath abated Foure hundred fiftye <lb/>
            thousand Poundes &amp; <ex>th</ex>e ayde Twentie two Thousand Poundes
         </p>
         <p>
            <add place="RM">
               <hi rend="italic">Parte of <ex>th</ex>e K<ex>ing</ex>s Debts <lb/>
                  discharged by Sale <lb/>
                  of his Lands 
               </hi>
            </add>
            <hi rend="bold">For</hi> the rest of the debt it hath beene discharged partlye by <lb/>
            the Sale of some of his Ma<ex>jes</ex>t<ex>ie</ex>s Landes, For the most parte p<ex>er</ex>sonage <lb/>
            Chauntryes in Fee Farme wich hath raysed Foure hundred and <lb/>
            odd Thousand Poundes /
         </p>
         <p>
            <add place="RM">
               <hi rend="italic">
                  Defectiue titles woods <lb/>
                  and Coppy holds
               </hi>
            </add>
            <hi rend="bold">There</hi> hath allsoe defectiue Titles vpon Sale of woods, vpo<ex>n</ex> <lb/>
            Fynes for Coppye holds, (Comonlye drunke vp by the Stewards) <lb/>
            bine raysed the some of one hundred thousand poundes since <lb/>
            Mich<ex>alm</ex>as was twelve Monthes
         </p>
         <p>
            <add place="RM">
               <hi rend="italic">
                  Calling in of Iust <lb/>
                  debts Sence 30: of <lb/>
                  Eliz: etc
               </hi>
            </add>
            There hath allsoe bine raysed by calling in of Iust debts and <lb/>
            Arrerages ( w<ex>hi</ex>ch should haue bine in former yeeres All due since <lb/>
            the 30: yeere of the Queene togither w<ex>i</ex>th some other Effects of A=<lb break="no"/>
            bridginge loose Accompts, and liberall expence in Inferiour <lb/>
            Mynisters well neere the some of Two Thousand pounds
         </p>
         <p>
            <hi rend="bold">And</hi> nowe that I am come soe farr onward in this wild<ex>er</ex>nes <lb/>
            of Accoumpt, w<ex>hi</ex>ch are things more fitt for mee to take of others <lb/>
            as I am Treasurer of England, then to make any other, The p<ex>er</ex>so<ex>n</ex> <lb/>
            of the kinge excepted And this place w<ex>hi</ex>ch hath such A Re=<lb break="no"/>
            p<ex>re</ex>sentat<ex>i</ex>on of the kingdome I will be bold to saye some thing <lb/>
            of the Tyme Past and therein take occasion to Answere some <lb/>
            tacit obiections against the Expences since the Queenes death <lb/>
            and the Causes thereof, and soe make hast to that motion, which <lb/>
            hath bine the principall of this Conference <foreign xml:lang="la">
                    <hi rend="italic">nam causa et orige <lb/>
            et materia negotii</hi>
                </foreign> /
         </p>
         <p>
            <add place="RM">
               <hi rend="italic">
                  The late Q<ex>ueen</ex>s Coffers e<ex>m</ex>=<lb break="no"/>
                  ptied at hir death <lb/>
                  by the Warres in <lb/>
                  Ireland
               </hi>
            </add>
            <hi rend="bold">When</hi> Q<ex>ueen</ex> Elizabeth of pretious and famous memorye dyed <lb/>
            her Coffers were emptied principallye by the warres in <lb/>
            Ireland, wherein shee expended betweene the yeere 94: (some <lb/>
            fewe yeeres before S<ex>i</ex>r Henrye Bagnoll was defeated at the <lb/>
            Nerove and the Tyme of her deathe the some of nineteene
         </p>
         <p>
            <add place="RM">
               <hi rend="italic">
                  Expence in thos wars <lb/>
                  betweene <ex>th</ex>e yeere <lb/>
                  94: and the time of <lb/>
                  her death   19:
               </hi>
            </add> 
            hundred Twentye Fower Thousand Poundes, Besydes <ex>th</ex>e Cha<unclear>rge</unclear>s <lb/>
            of the Lowe Countryes w<ex>hi</ex>ch cost her Foure hundred Thirtye <lb/>
            Foure Thousand poundes
         </p>
         <p>
            <hi rend="bold">The</hi> helpe to the French kinge, amounting to little lesse the<ex>n</ex> <lb/>
            foure hundred thousand Poundes, make alltogither Twentye <lb/>
            eight hundred fiftye eight Thousand poundes, A masse <ex>th</ex>at <lb/>
            had left her Croune noe better then A doddard Tree, yf the <lb/>
            Subsidies had not helped her w<ex>i</ex>th Fifteene hundred Sixtie <lb/>
            Thousand poundes, For soe much did they giue her betweene <lb/>
            31 of her Raigne and 43:
         </p>
         <p>
            <hi rend="bold">The</hi> Remaine w<ex>hi</ex>ch was Twelve hundred Ninetye Eighte <lb/>
            Thousand poundes being to be borne vpon her ordinarye made <ex>th</ex>is <lb/>
            hir debt such as it was when it pleased god to call her to his m<ex>er</ex>cye
         </p>
         <p>
            <add place="RM">
               <hi rend="italic">
                  The number of the <lb/>
                  Subsidies giuen the <lb/>
                  late Queene fro<ex>m</ex> the <lb/>
                  begining of her raigne <lb/>
                  to her deathe
               </hi>
            </add> 
            <hi rend="bold">Yf</hi> you will aske what from the First daye of hir raigne <lb/>
            tell the last daye of hir breath That renowned Lady had of her <lb/>
            loving Subiects noe lesse then nyneteene Subsidies of <ex>th</ex>e Clergy <lb/>
            Twentye Subsidies and Thirtye nyne Fifteenes of the Laitye <lb/>
            All amounting to three Millions Five hundred nynetye thous=<lb break="no"/>
            and Five hundred Sixtye Fower poundes
         </p>
         <p>
            <add place="RM">
               <hi rend="italic">
                  charges in Ireland <lb/>
                  betweene <ex>th</ex>e Earle of <lb/>
                  Essex and <ex>th</ex>e Earle of <lb/>
                  Deu<ex>on</ex>sheire at the be=<lb break="no"/>
                  seige of King Saile /
               </hi>
            </add> 
            <hi rend="bold">Of</hi> theise latter Charges in Ireland in her latter tyme <lb/>
            there was spent in one yeere and odd monthes, betweene the <lb/>
            Earle of Essex goeing, and the Earle of Devonsheyre Foure <lb/>
            hundred Thousand pounds and odd	
         </p>
         <p>
            <hi rend="bold">In</hi> another yeere which was when King Saile was <lb/>
            <fw type="catch" place="bot-right">beleaguerd</fw>
            <pb n="195v" facs="/bl/add_ms_22591/add_ms_22591_f195v/add_ms_22591_f195v.jpg"/>
            beleaguerd and the Realme of Ireland laye at stake there <lb/>
            was spent vnder the Earle of Devonsheire, noe lesse then five <lb/>
            hundred Thousand poundes, wherein allthoughe it might be sayd, <lb/>
            that this Narration hath noe p<ex>er</ex>ticuler reference to his Ma<ex>jes</ex>tyes <lb/>
            since her deathe / yet haue I layd it before you <ex>th</ex>at you maye see <lb/>
            howe impossible it was for the kinge on the suddaine to discharg <lb/>
            that greate Armye w<ex>hi</ex>ch was noe lesse then 14000: men in a litle <lb/>
            before her deathe But by degrees both in pointe of honor &amp; Con=<lb break="no"/>
            science whereby soe manye of the Noblest that were Com<ex>m</ex>anders <lb/>
            and other well deserving Soldiers should haue bene disposed to <lb/>
            want and penurye And in pointe of Pollicye it being not safe <lb/>
            for his ma<ex>jes</ex>ty after soe inveterate A deffecc<ex>i</ex>on soe newly supp<ex>re</ex>sed <lb/>
            not haue kept the Sworde in his hand, Noe what soeu<ex>er</ex> be the opynions <lb/>
            That the kinge is nowe in peace I maye boldlye affirme <ex>th</ex>at betweene <lb/>
            the queene till Christmas last, Ireland onelye and the low Cou<ex>n</ex>trys <lb/>
            haue cost the kinge nyne hundred Thousand pounds, and by the <lb/>
            certeine Establishment of that paye w<ex>hi</ex>ch is yssued nowe at every <lb/>
            quarter since this Armie was abated, those two places draw fro<ex>m</ex> <lb/>
            his Ma<ex>jes</ex>ty One hundred Thousand pounds Sterling A Summe of <lb/>
            Monye that would haue made king H: 7: looke about him ( yf in <lb/>
            time of peace he had heard of such an Assignac<ex>i</ex>on
         </p>
         <p>
            <hi rend="bold">And</hi> w<ex>hi</ex>ch is more, For all the Myllions, that were left to K <lb/>
            H: 8: (whose Expence did never equall in Tyme of Warre, the <lb/>
            Expence of the kinge. For these and other materiall Co<ex>n</ex>siderac<ex>i</ex>ons <lb/>
            he would haue left the Crowne at Pawne, For more then it was <lb/>
            worthe. Not w<ex>i</ex>thstanding all the power hee assumed to himselfe in <lb/>
            Parlyam<ex>en</ex>t yf he had not raysed to himselfe in Effecte another <lb/>
            Crowne in poynt of Reuenue by the fall of Abbyes, whereof <ex>th</ex>e rent <lb/>
            as it was in their handes, though he gaue much of it awaye was noe <lb/>
            lesse in old Rent Then one hundred Twentye thousand poundes / 
         </p>
         <p>
            <hi rend="bold">And</hi> because I must follow my directio<ex>n</ex>, w<ex>hi</ex>ch is not onlye to tell <lb/>
            Truthe, I will desire you to remember one litle Su<ex>m</ex>me more, And yet <lb/>
            it exceedeth all that you haue given to king James which he hath <lb/>
            spent, And I am sure yo<ex>u</ex>rselves will not mislike when I shall lay <lb/>
            the Summe before you
         </p>
         <p>
            <add place="LM">
               <hi rend="italic">
                  Charges at the kings <lb/>
                  and Qs Entraunce
               </hi>
            </add>
            <hi rend="bold">Would</hi> you, or could you haue wished, that the king ( <ex>th</ex>e Leinall <lb/>
            and naturall Successor of that p<ex>re</ex>tious Ladye should haue left her <lb/>
            vnburyed, Noe he was noe Soner advertizedof her death but he <lb/>
            was carefull to doe her that honor Had it bene fitt for him to come <lb/>
            from Edenborough like A private Gentleman when he brought a <lb/>
            Crowne on his head, and was to receave another heere / 
         </p>
         <p>
            <hi rend="bold">Had</hi> it beene comelye <ex>th</ex>at <ex>th</ex>e Queene discended of that Royall <lb/>
            birthe carrying w<ex>i</ex>th her soe many markes of State and greatnes <lb/>
            Mother of our Future hopes, in her passage through England with <lb/>
            her p<ex>re</ex>cious Iewells, like the Sun in Transita to haue come in with <lb/>
            A Coach and Foure horses like the wife of an Earle had it not bene <lb/>
            dishonorable to haue wanted magnificence at the kings royall entry <lb/>
            at the coming of the kinge of denmarke / 
         </p>
         <p>
            <add place="LM">
               <hi rend="italic">
                  Forraine Ambassadors
               </hi> 
            </add>
            <hi rend="bold">Should</hi> the Embassadors of Forraigne Princes (more then eu<ex>er</ex> <lb/>
            this Crowne receaved) haue blased abroad the kings wants, For <lb/>
            lacke of such p<ex>re</ex>sents as other Princes vse to giue
         </p>
         <p>
            <add place="LM">
               <hi rend="italic">
                  sending of Ambassa=<lb break="no"/>
                  dors to Forraine <lb/>
                  Princes
               </hi>
            </add>
            <hi rend="bold">Could</hi> the Extraordinarye Charg of sending Ambassadours to <lb/>
            Forraine Princes, or the Entertaynent of soe many Com<ex>m</ex>issioners <lb/>
            in matters of Treaties haue bene saved by p<ex>ro</ex>vidence Noe surelye <lb/>
            I p<ex>re</ex>sume you all would haue thought it as error, w<ex>hi</ex>ch makes me assured <lb/>
            that you will not wonder at that expence, such as it is, you shall knowe <lb/>
            <fw type="catch" place="bot-right">it</fw>
            <pb n="196r" facs="/bl/add_ms_22591/add_ms_22591_f196r/add_ms_22591_f196r.jpg"/>
            <add place="RM">
               <hi rend="italic">
                  Amounting to <lb/>
                  £500000:
               </hi>
            </add> 
            it w<ex>i</ex>th the rest Amounting to noe lesse then Five hundred thousand <lb/>
            poundes, w<ex>hi</ex>ch some if you will please to take into the Reconinge <lb/>
            of his Ma<ex>jes</ex>t<ex>ie</ex>s Tyme For w<ex>hi</ex>ch you shall haue both the <unclear>V</unclear>ouch of honor <lb/>
            and oathe of divers men. Omitting other Expences of seu<ex>er</ex>all natures <lb/>
            <add place="RM">
               <hi rend="italic">
                  Buryall of two young <lb/>
                       Princes / 
               </hi>
            </add> 
            As the birth of Two young Princes and the buryall of them in w<ex>hi</ex>ch <lb/>
            noe necessary Expence hath bene omitted, I am p<ex>er</ex>suaded you <lb/>
            will be able to satisfye any of thos that shall wonder at <ex>th</ex>e wante <lb/>
            or starte at the Supplye, except it be such as studdye nothing but <lb/>
            theire owne Ends, Nor beleeve nothing but <ex>th</ex>at w<ex>hi</ex>ch they finde written <lb/>
            in the Storyes of their owne Ignorance, Among w<ex>hi</ex>ch I will take <lb/>
            <add place="RM">
               <hi rend="italic">
                  A Bruite raysed vpo<ex>n</ex> <lb/>
                  binding of Printed <lb/>
                  Proclamac<ex>i</ex>ons into <lb/>
                  A Booke / 
               </hi>
            </add>
            those persons to be, whoe hearing of A Cou<ex>r</ex>se to binde vpp all the <lb/>
            printed Proclamac<ex>i</ex>ons into A booke to the Intent there maye bee <lb/>
            better notice taken of those thinges w<ex>hi</ex>ch they comaund, haue beene <lb/>
            Content to rayse A bruite That it was intended at this Parlym<ex>en</ex>t <lb/>
            to make the Power of Proclamac<ex>i</ex>ons equall to the lawes
         </p>
         <p>
            <hi rend="bold">Vpon</hi> w<ex>hi</ex>ch occasion seeing this is the Tyme I haue leave to wa<ex>n</ex>der <lb/>
            I thinke it not amisse to lett you allso knowe howe falselye some <lb/>
            <add place="RM">
               <hi rend="italic">
                  A false report for ta=<lb break="no"/>
                  king <ex>th</ex>e forfeitures <lb/>
                  of monyes lent at In=<lb break="no"/>
                  terest 
               </hi>
            </add>
            haue reported, That the kinge haveing made A Tryall of his owne <lb/>
            borrowing whoe were monyes men had nowe given order to follow <lb/>
            the lawe w<ex>hi</ex>ch giues the Forfeiture of all the Intrest that is taken <lb/>
            though it doth not exceed Tenn in the hundred
         </p>
         <p>
            <hi rend="bold">heere</hi> would I be content to closse vpp that parte which <lb/>
            conteyneth matter of Acte. The Conclusion whereof is this, that <lb/>
            for the Eight hundred and twentie Thousand poundes w<ex>hi</ex>ch his ma<ex>jes</ex>ty <lb/>
            hath receaved, he hath spent in the Millitarye Charge, and those of <lb/>
            Magnificence Fourteene hundred Thousand poundes
         </p>
         <p>
            <hi rend="bold">But</hi> mee thinkes I heare it should be obiected. That the king <lb/>
            mought haue bene in better case had he stayed his hand from an <lb/>
            irregular Bountie
         </p>
         <p>
            <add place="RM">
               <hi rend="italic">
                  His Ma<ex>jes</ex>t<ex>ie</ex>s Bountye
               </hi>
            </add>
            <hi rend="bold">Itt</hi> is true that he mought haue giuen if soe it had pleased <lb/>
            him, yett is that bountie A disease, that few complayned of in <lb/>
            Q<ex>ueen</ex> Elizabeths dayes, w<ex>hi</ex>ch I speak not to cast any aspertio<ex>n</ex> vpo<ex>n</ex> <lb/>
            her, For there are manye ( in w<ex>hi</ex>ch nu<ex>m</ex>ber I am one ) <ex>th</ex>at haue tasted <lb/>
            of her Bountye, But true it is the Grandchilde of A Frugall Grand <lb/>
            Father, daughter of A loose handed Father, w<ex>hi</ex>ch made her studie more <lb/>
            A Mediocritie there in then some others did before / For as it is <lb/>
            true, that bountye is insep<ex>er</ex>able from this kinge / whoe as he is a man <lb/>
            cannot be w<ex>i</ex>thput desires though never man soe moderate, yf they <lb/>
            concerne himselfe, Soe as he is a kinge Yf he did not giue, I should <lb/>
            hold that his Subiects lived in A miserable clymate / And for <lb/>
            my parte of <ex>th</ex>at w<ex>hi</ex>ch hath beene bestowed vpo<ex>n</ex> those, w<ex>hi</ex>ch were not <lb/>
            borne amongst vs, it must be reme<ex>m</ex>bred that he was borne amongst <lb/>
            them Soe as to haue A king, wished to haue left soe many vnrewarded <lb/>
            of Worthe and Mirritt, had beene enough to haue changed his <lb/>
            virtue because he had Changed his Fortune
         </p>
         <p>
            <hi rend="bold">I</hi> will therefore conclud this pointe that Q: Marye A Ladye <lb/>
            of greate devotion in hir kinde, and morall virtue (betweene <lb/>
            whose Fortune and his there must be a great disparitie) did giue <lb/>
            awaye in hir Tyme, by waye of Restitution of perticler men Nyne <lb/>
            Thousand two hundred pound Land And <foreign xml:lang="la">
                    <hi rend="italic">Donatiuo genere</hi>
                </foreign> Seaven <lb/>
            Thousand and Sixe hundred poundes, Besydes huge porc<ex>i</ex>on in <lb/>
            Parsonages, Tithes and Cerritories to the Sea of yorke at  the suite <lb/>
            of Cardinall Poole, though that was afterwards revoked by Queene <lb/>
            Elizabeth in A<ex>nn</ex>o 1 <ex>pri</ex>mo.
         </p>
         <p>
            <hi rend="bold">It</hi> is nowe more then Tyme For mee to reduce my selfe to the <lb/>
            last p<ex>ar</ex>te of my Lordes direct<ex>i</ex>on whereof there are two Braunches <lb/>
            <fw type="catch" place="bot-right">The</fw>
            <pb n="196v" facs="/bl/add_ms_22591/add_ms_22591_f196v/add_ms_22591_f196v.jpg"/>
            The one is to moue you w<ex>i</ex>th all Earnestnes to consider of some <lb/>
            such supplye as maye make this State both safe and happye. <lb/>
            The other to assure you of our Intentio<ex>n</ex> to ioyne w<ex>i</ex>th you in <lb/>
            anye reasonable request For the publique good w<ex>hi</ex>ch may serve <lb/>
            you for an Answere to anye that shall obiect disadvantage to <lb/>
            you by Conferring w<ex>i</ex>th vs seeing wee haue the happynesse to <lb/>
            serve vnder such a kinge as is not vnlike to receave any motion <lb/>
            of ours wherein wee shall both hould A iust Symmetrie &amp; p<ex>ro</ex>porc<ex>i</ex>ons <lb/>
            amongst our Selves, and observe those duties, w<ex>hi</ex>ch are due to a <lb/>
            great and gratious kinge. In w<ex>hi</ex>ch I assure myselfe wee should <lb/>
            never Fayle, were it possible wee might often meet &amp; exchang <lb/>
            mutuall thoughts, p<ex>re</ex>vent Iealousies, &amp; not p<ex>re</ex>cipitately p<ex>ro</ex>iect causes <lb/>
            For whoe doth not knowe that even in the vulgar Corporat<ex>i</ex>ons (in w<ex>hi</ex>ch <lb/>
            the greater Number are of meane vnderstanding) produce good &amp; <lb/>
            discreete Orders, much more in A Courte of Parlyament For <lb/>
            in <foreign xml:lang="la">
                    <hi rend="italic">Multitudine prudentiu<ex>m</ex> magna visinest</hi>
                </foreign> /
         </p>
         <p>
            <hi rend="bold">To</hi> come neere therefore to that w<ex>hi</ex>ch is our obiect: For the king <lb/>
            I haue noe more to saye but this. That if his Ma<ex>jes</ex>tye be pleased <lb/>
            to vouchsafe vs those Favors w<ex>hi</ex>ch are in his power to doe, thoughe <lb/>
            wee cannot challeng, de <hi rend="italic">Iure</hi>, whatsoever may <del rend="strikethrough">shall</del> be thought shall <lb/>
            be our Motion <ex>th</ex>e Advantage shalbe wilbe yo<ex>ur</ex>s, &amp; o<ex>ur</ex>s in Retribution / 
         </p>
         <p>
            <hi rend="bold">For</hi> the kinge desires not anye thinge that maye make you <lb/>
            feare any change of Liberties pressing of new lawes to satisfye <lb/>
            Furye or private passion. Everye man maye dwell in saffetie vnder <lb/>
            his owne Olive in this kings dayes of whom maye be well sayde <lb/>
            <foreign xml:lang="la">
                    <hi rend="italic">non sum Athemensis qui Leges Sanguine conscriptus vellim</hi>
                </foreign>
         </p>
         <p>
            <hi rend="bold">Hee</hi> desired nothing more then wee should all <foreign xml:lang="la">
                    <hi rend="italic">Eatari et bene <lb/>
            facere,</hi>
                </foreign> And wee for him at this Tyme onelye some supplye of mony <lb/>
            w<ex>hi</ex>ch I beleeve is lesse then you expected after such an Indigested <lb/>
            <hi rend="italic">chaos</hi> of wordes, <del rend="strikethrough">what</del> for what this there of lesse value where <lb/>
            there is question of the Interest of Such A Father whome we may <lb/>
            rightlye tearme the deare parent of the Countrye or of such A <lb/>
            Sonne as is Iustlie termed <foreign xml:lang="la">
                    <hi rend="italic">Pars patris</hi>
                </foreign> Naye w<ex>hi</ex>ch is more for I <lb/>
            haue seene it in divers Charters where hee is sayde to bee <lb/>
            <foreign xml:lang="la">
                    <hi rend="italic">Eadem p<ex>er</ex>sona cum patre</hi>
                </foreign> thoughe it is True that in the Eye of <ex>th</ex>e <lb/>
            Lawe  there is A distinction <foreign xml:lang="la">
                    <hi rend="italic">Quoad protestatem</hi>
                </foreign> Strange I saye <lb/>
            it were If wee should not Studdie to p<ex>re</ex>serue both theis From whom <lb/>
            wee haue receaved such A world of Plentie or doubt that you <lb/>
            will not concurre w<ex>i</ex>th vs for supplye to the paym<ex>en</ex>t of his debts <lb/>
            for support of his yeerelye Expeence. For Provisione for his <lb/>
            Navye, For his Magazines and such like w<ex>i</ex>th soe much more as <lb/>
            you would wish a king of Brittaine to haue in store to answere <lb/>
            all occasions
         </p>
         <p>
            <hi rend="bold">But</hi> you will saye p<ex>er</ex>adventure <ex>th</ex>at the nature of <ex>th</ex>e demau<ex>n</ex>d <lb/>
            is w<ex>i</ex>thout pr<ex>e</ex>s<ex>e</ex>dent Let vs not I pray you researche and stirre vp <lb/>
            ould P<ex>re</ex>sidents, For there were some of Stranger nature in matt<ex>er</ex> <lb/>
            of paym<ex>en</ex>t and supplye wittnes the Comission of <hi rend="italic">Mayle Baston</hi> in <lb/>
            Ed: 1: his Tyme by the severitie whereof soe greate Summes <lb/>
            were levyed  /  Wittnes likewise paym<ex>en</ex>t by the Pole Fro<ex>m</ex> <ex>th</ex>e duke <lb/>
            to the Bagger. And lastlye the Acte of Parlyam<ex>en</ex>t in the 21: <hi rend="italic">H</hi>: 8: <lb/>
            whereby there was A remission of all the Kings debts generall <lb/>
            without Schedule or Lymitac<ex>i</ex>on being A Matter of soe great and <lb/>
            <fw type="catch" place="bot-right">in iust</fw>
            <pb n="197r" facs="/bl/add_ms_22591/add_ms_22591_f197r/add_ms_22591_f197r.jpg"/>
            in iust inequallitye, as it might be divers mens ruines and for <lb/>
            some others scarce felt Besydes whoe doth not knowe <ex>th</ex>at wise <lb/>
            men must liue <foreign xml:lang="la">
                    <hi rend="italic">non ad similitudinem sed ad rationem, </hi>
                    <unclear>neap<ex>er</ex>
                    </unclear>
                </foreign> <lb/>
            being the Father of Presidents, and it being the manner only of <lb/>
            Creatures destitute of Reason like Flocks of Sheepe to goe <lb/>
            <foreign xml:lang="la">
                    <hi rend="italic">non quo eundam est sed quo itur</hi>
                </foreign> It is but one, onelye monye <lb/>
            that is desired, A matter easilye granted, yf you will make A <lb/>
            right vse of this base Creature, whereof noe wise man speaks <lb/>
            w<ex>i</ex>thout contempt In soe much as <hi rend="italic">Plato</hi> speaking of Riches saith <lb/>
            That true Ritches are but food and Rayment, the Rest is <lb/>
            <foreign xml:lang="la">
                    <hi rend="italic">nugatorum quiddam</hi>
                </foreign> And other Philosophers saye it is but <lb/>
            <foreign xml:lang="la">
                    <hi rend="italic">Parvor pare tarrae</hi>
                </foreign>, And soe but <foreign xml:lang="la">
                    <hi rend="italic">Orassior pars Aquae</hi>
                </foreign> A thing <lb/>
            vnworthie the denyall to such A kinge In whom <foreign xml:lang="la">
                    <hi rend="italic">Beatitudo nostra <lb/>
            et nata et data est /</hi>
                </foreign> A kinge not onlye the wisest of kings (well <lb/>
            I maye saye of men But the verye Image of an Angell <ex>th</ex>at doth <lb/>
            both bring  good Tydings &amp; puts vs in <ex>th</ex>e fruit<ex>i</ex>on of all good things
         </p>
         <p>
            <hi rend="bold">Is</hi> not this hee that hath declared himselfe soe farr for the <lb/>
            good of the Church out of the depth of knowledg, as well as out <lb/>
            of Conscience as hee deserues better then anye to carrye the <lb/>
            Title of <foreign xml:lang="la">
                    <hi rend="italic">fidei Defensor</hi>
                </foreign>, Is not this hee that hath brough vs <lb/>
            an yssue that makes all neighboure Princes Studdie rather <lb/>
            how to keepe that they haue then to gaine vpo<ex>n</ex> this Crowne Is <lb/>
            not nowe the Backe dore shutt that was want to divert vs fro<ex>m</ex> <lb/>
            all forraine Enterprises In soe much as both the yellow &amp; Red <lb/>
            Lyon can stand soe quiettlye in one windowe, without breaking <lb/>
            Peyne of Glasse, yes surelye this is the kinge of the Realme w<ex>hi</ex>ch <lb/>
            Ed: 1: soe readilye sought to make an Union, did not H: 7: expres <lb/>
            greate Contentment in the match of his daughter to the K: great <lb/>
            GrandFather. did not the State in the Tyme of Ed:6: w<ex>i</ex>th great <lb/>
            affection seeke to Marye that Royall Queene Marye the kings <lb/>
            Mother And can it savour either of gratitude or discresion <lb/>
            to suffer this kinge or his Olive Branches to fall vpo<ex>n</ex> <ex>th</ex>e Rocke <lb/>
            of his Necessitie w<ex>hi</ex>ch to the meanest man is <foreign xml:lang="la">
                    <hi rend="italic">Duru<ex>m</ex> Telur</hi>
                </foreign> / Noe <lb/>
            surelye, and yett in all this, and whatsoever els I shall saye, <lb/>
            I desire to be thus vnderstood, that there is noe king be he neu<ex>er</ex> <lb/>
            soe greate that ought to burthen his people at pleasure / Noe <lb/>
            more ought Subiects to denye the Requests of kings out of honor <lb/>
            I meane not this to the house as Taxing you or them of honor Bee <lb/>
            it farre from mee But I yeild it you as an Answere to those <lb/>
            Countryes that will aske you an Accompte, whye you haue charged <lb/>
            them / And truelye for my owne opynion, I haue eu<ex>er</ex> held itt <lb/>
            to the True scale and Measure of kings Prorogatiues when <lb/>
            theire desire of this nature haue an ope<ex>n</ex> co<ex>n</ex>currence w<ex>i</ex>th <ex>th</ex>e publique good / 
         </p>
         <p>
            <hi rend="bold">It</hi> is true that the king impose vpo<ex>n</ex> Forraigne Comodityes, <lb/>
            yett not soe as to destroye Com<ex>m</ex>erce, yett such is the Abuse (would <lb/>
            god there were A Lawe p<ex>ro</ex>vided against it) as where the kinge <lb/>
            hath imposed but A penny for his owne necessarye vse, <ex>th</ex>e Shop <lb/>
            keep<ex>er</ex> will rayse A Shilling, and yett that is lest talked of the<ex>n</ex> <lb/>
            the Penny that is paid to our Caesar
         </p>
         <p>
            <hi rend="bold">For</hi> other Rights <ex>th</ex>at beloged to Princes they are of two sorts
         </p>
         <p>
            <hi rend="bold">Some</hi> are such as are their owne <foreign xml:lang="la">
                    <hi rend="italic">de Iure Corona</hi>
                </foreign> As for <lb/>
            <fw type="catch" place="bot-right">Example</fw>
            <pb n="197v" facs="/bl/add_ms_22591/add_ms_22591_f197v/add_ms_22591_f197v.jpg"/>
            example whoe is Ignorant that the kings hath power of his <lb/>
            Freehold giving as he hath <ex>th</ex>e Tutelage of <ex>th</ex>e <unclear/>Como<ex>n</ex> wealthe      
         </p>
         <p>
            The Wardshipp of Children paying him Fynes for Alienac<ex>i</ex>ons <lb/>
            government of Widdowes, and such like power to dispose &amp; order <lb/>
            both the Courte and fines of Justice / 
         </p>
         <p>
            <hi rend="bold">In</hi> all w<ex>hi</ex>ch wee must aknowledge our selves happilye borne <lb/>
            while wee finde A moderate hand Soe is there A Seco<ex>n</ex>d power <lb/>
            w<ex>hi</ex>ch the Lawes of our owne making hath invested in the kings of <lb/>
            England. Wherein wee shalbe ill Advised yf we doe not seeke to <lb/>
            deliver our selves by humble petition from those burthens wher <lb/>
            of wee cannot complayne. And therein as in anye oth<ex>er</ex> Thinge, <lb/>
            that maye giue the Subiect due repose, The Lords hath give<ex>n</ex> mee <lb/>
            in Charge to assure you, that you never mett w<ex>i</ex>th such an vpper <lb/>
            house, For readines to Concurre w<ex>i</ex>th you in Consultac<ex>i</ex>on ioyne <lb/>
            w<ex>i</ex>th you in humble requestes, For A Favorable Retribution in <lb/>
            Case  / You deale Clerelye and Freelye w<ex>t</ex>hvs in our Co<ex>n</ex>ference <lb/>
            and retayne all those respects , that are due to Soveraigntie, <lb/>
            and modest in yo<ex>u</ex>r proceedings, Neither doe the Lords meane <lb/>
            to presse you For the one, as to Conclude w<ex>i</ex>thout the other, Soe <lb/>
            farre, as to bread notorious delaye or Confusion
         </p>
         <p>
            <hi rend="bold">For</hi> proofe of w<ex>hi</ex>ch intenc<ex>i</ex>on of ours amongst other thinges <lb/>
            wee haue had some thinge in Confference, Concerning Statute <lb/>
            Lawes w<ex>hi</ex>ch wee haue devided into Three Clauses
         </p>
         <p>
            <hi rend="bold">Some</hi> are vtterlye Impossible
         </p>
         <p>
            <hi rend="bold">Some</hi> more fitt when they were made then nowe according <lb/>
            to those Constitutions w<ex>hi</ex>ch are called the Lawes of Tyme
         </p>
         <p>
            <hi rend="bold">Some</hi> very fitt to be observed and of those many <ex>th</ex>at are <lb/>
            defective in their direction and Rigorous in their Execution
         </p>
         <p>
            <hi rend="bold">And</hi> in all this Seeing that <foreign xml:lang="la">
                    <hi rend="italic">veina est benae Remissio Et <lb/>
            ueina a bono Rege datur non debitur</hi>
                </foreign> Lett vs therefore neither <lb/>
            A kinge trie the power he hath the purpose, nor lett vs seeke <lb/>
            precipitate remedyes what soever wee maye suppose the <lb/>
            grevaunce, For allthough the best Bodyes are not free fro<ex>m</ex> <lb/>
            some diseases yett in all diseases <foreign xml:lang="la">
                    <hi rend="italic">Imatura remedia pericatissis<unclear>ina</unclear>
                    </hi>
                </foreign>
         </p>
         <p>
            <hi rend="bold">So</hi> as for Conclusion of this Extravagant Masse of my <lb/>
            Speeche Conteyning the Causes of his wants, the necessitye of <lb/>
            Supplyes , and the Condition whervpon it is demaunded I will <lb/>
            make an End not doubting that God will soe direct the kinge <lb/>
            betweene the Loue and Feare of his Subiects <foreign xml:lang="la">
                    <hi rend="italic">nam Docet <lb/>
            Caesarem timeri ac p<ex>ro</ex>teis dilige</hi>
                </foreign> And so to blesse his Coun=<lb break="no"/>
            cells that wee maye enioye him to Raigne over vs, And wee <lb/>
            to liue vnder him <foreign xml:lang="la">
                    <hi rend="italic">Iuto comode /</hi>
                </foreign>
         </p>
      </body>
   </text>
   <facsimile>
      <graphic n="1" url="/bl/add_ms_22591/add_ms_22591_f191r/add_ms_22591_f191r.jpg"/>
      <graphic n="2" url="/bl/add_ms_22591/add_ms_22591_f191v/add_ms_22591_f191v.jpg"/>
      <graphic n="3" url="/bl/add_ms_22591/add_ms_22591_f192r/add_ms_22591_f192r.jpg"/>
      <graphic n="4" url="/bl/add_ms_22591/add_ms_22591_f192v/add_ms_22591_f192v.jpg"/>
      <graphic n="5" url="/bl/add_ms_22591/add_ms_22591_f193r/add_ms_22591_f193r.jpg"/>
      <graphic n="6" url="/bl/add_ms_22591/add_ms_22591_f193v/add_ms_22591_f193v.jpg"/>
      <graphic n="7" url="/bl/add_ms_22591/add_ms_22591_f194r/add_ms_22591_f194r.jpg"/>
      <graphic n="8" url="/bl/add_ms_22591/add_ms_22591_f194v/add_ms_22591_f194v.jpg"/>
      <graphic n="9" url="/bl/add_ms_22591/add_ms_22591_f195r/add_ms_22591_f195r.jpg"/>
      <graphic n="10" url="/bl/add_ms_22591/add_ms_22591_f195v/add_ms_22591_f195v.jpg"/>
      <graphic n="11" url="/bl/add_ms_22591/add_ms_22591_f196r/add_ms_22591_f196r.jpg"/>
      <graphic n="12" url="/bl/add_ms_22591/add_ms_22591_f196v/add_ms_22591_f196v.jpg"/>
      <graphic n="13" url="/bl/add_ms_22591/add_ms_22591_f197r/add_ms_22591_f197r.jpg"/>
      <graphic n="14" url="/bl/add_ms_22591/add_ms_22591_f197v/add_ms_22591_f197v.jpg"/>
   </facsimile>
</TEI>