<TEI xmlns="http://www.tei-c.org/ns/1.0" xmlns:xi="http://www.w3.org/2001/XInclude">
   <teiHeader>
      <fileDesc>
         <titleStmt>
            <title>Letter to Shah Safi of the Safavid Empire</title>
            <author>
               <persName corresp="../people/people.xml#P0007">Charles I</persName>
            </author>
            <respStmt xml:id="NM">
                    <name>Noah Millstone</name>
                    <resp>Principal Investigator MPESE</resp>
                </respStmt>
            <respStmt xml:id="SV">
                    <name>Sebastiaan Verweij</name>
                    <resp>Co-Investigator MPESE</resp>
                </respStmt>
            <respStmt xml:id="RB">
                    <name>Richard Bell</name>
                    <resp>Research Associate</resp>
                </respStmt>
                <respStmt xml:id="VA">
                    <name>Victoria Anker</name>
                    <resp>BRIHC Research Impact Fellow</resp>
                </respStmt>
            <respStmt xml:id="MJ">
                    <name>Mike Jones</name>
                    <resp>Research Software Engineer</resp>
                </respStmt>
         </titleStmt>
         <publicationStmt xml:id="mpese_pubstat">
                <publisher>Manuscript Pamphleteering in Early Stuart England (MPESE)</publisher>
                <date when="2017">2017</date>
            </publicationStmt>
         <sourceDesc>
            <msDesc corresp="../mss/BLHarleyMS390.xml">
               <msIdentifier xml:id="BL_Harley_MS_390">
                  <country>United Kingdom</country>
                  <settlement>London</settlement>
                  <repository>British Library</repository>
                  <collection>Harley</collection>
                  <idno>MS 390</idno>
                  <msName>Newsletters from Joseph Meade to Sir M Stuteville, vol. II, 1626-1631</msName>
               </msIdentifier>
                    <p xml:id="ms-label-generated">British Library, Harley MS 390</p>
            </msDesc>
                <listBibl xml:id="mss_witness_generated"/>
         </sourceDesc>
      </fileDesc>
      <profileDesc>
         <abstract>
                <p/>
            </abstract>
         <creation>
            <date when="1630">1630</date>
            <placeName corresp="../places/places.xml#PL0007">Palace of Westminster</placeName>
         </creation>
         <langUsage>
            <language ident="EN">English</language>
         </langUsage>
         <textClass>
            <keywords n="text-type">
               <term>letter</term>
            </keywords>
         </textClass>
         <textClass>
            <keywords n="topic-keyword">
               <term>diplomacy</term>
               <term>Safavids</term>
               <term>Persia</term>
            </keywords>
         </textClass>
      </profileDesc>
      <encodingDesc>
         <editorialDecl>
            <p/>
         </editorialDecl>
      </encodingDesc>
      <revisionDesc>
         <listChange>
            <change when="2018-05-29" who="#NM" status="proofread"/>
            <change when="2017-10-04" who="#RB" status="transcribed"/>
         </listChange>
      </revisionDesc>
   </teiHeader>
   <text>
      <body>
         <pb n="537r" facs="/bl/harley_ms_390_part/harley_ms_390_f537r/harley_ms_390_f537r.jpg"/>
         <head>
            Charles by the grace of God King of <lb/>
            England, Scotland, France &amp; Ireland, <lb/>
            Defender of the Christian Faith. &amp;c./
         </head>
         <p>
            To the High &amp; Excellent Monarch the great Lord Shaugh <lb/>
            Suffie Emp<ex>ero</ex>r of Persia, Media, Parthia, Armenia, &amp; of <lb/>
            the famous kingdomes of Larr &amp; Ormus &amp; of many other large <lb/>
            &amp; populous provinces sendeth greeting &amp; wisheth health &amp; prosperity, <lb/>
            &amp; to your sword the edge &amp; glory of victory. When with ioy &amp; <lb/>
            pleasure we call to mind the glory of y<ex>ou</ex>r father of renowned memory <lb/>
            the valiant &amp; victorious Shaugh Abbas, &amp; like the renewing of a <lb/>
            sweet perfume doe remember the mutuall freindship betweene our <lb/>
            ancestors: wee could no longer omitt, both to congratulate the inauguration <lb/>
            oyf our Highnesse vnto your kingdomes &amp; dominions so long &amp; <lb/>
            gratiously possessed &amp; derived from your Royall Progenitors; <lb/>
            and to signify vnto you our ioy &amp; desire to continue with the same <lb/>
            freindship, amity &amp; correspondence; w<ex>hi</ex>ch shall on our part bee <lb/>
            inviolably kept &amp; maintained. Neither can wee refuse in this occasion <lb/>
            to acknowledge &amp; give you thankes for the favour, protection &amp; <lb/>
            Iustice w<ex>hi</ex>ch you are pleased to extend to our Subiects &amp; Merchants <lb/>
            trading &amp; residing in your dominions: w<ex>hi</ex>ch as I doubt not, is &amp; shall <lb/>
            bee profitable for both our Estates &amp; Kingdomes, so the fame <lb/>
            thereof spreadeth it selfe like the sunne-beames upon the fruitfull <lb/>
            Medowes, to the Comfort of our freinds, &amp; Confusion &amp; despight <lb/>
            of all the Envious. Amongst other your Regall virtues, the <lb/>
            Renowne of y<ex>ou</ex>r prowesse &amp; valour in Armes having like lightning <lb/>
            throwne it selfe into all the parts of o<ex>u</ex>r dominions, &amp; inflamed <lb/>
            the hearts of many of our subiects to see that glory of w<ex>hi</ex>ch they heare <lb/>
            with so much admiration: it hath occasioned this bearer, o<ex>u</ex>r Cozin <lb/>
            subiect &amp; servant Will<ex>ia</ex>m Earle of Denbigh to desire to bee <lb/>
            an eye-witnesse, &amp; satisfy his heart with the fullnesse of <del rend="strikethrough">his</del> <lb/>
            your princely presence, &amp; the glory of your Royall Court &amp; <lb/>
            greatnesse. And this being the only Cause of his vndertaking <lb/>
            so great a Voyage, wee have beene content to spare him from <lb/>
            our necessary service, being one of the Princes of our kingdome, <lb/>
            famous in armes &amp; faithfull in Counsell, who hath served vs in <lb/>
            our Court &amp; Warres as Admirall &amp; cheife Com<ex>m</ex>aunder of <lb/>
            our victorious Armadas &amp; Fleetes at sea. Wee shall therefore <lb/>
            <fw type="catch" place="bot-right">desire</fw>
            <pb n="537v" facs="/bl/harley_ms_390_part/harley_ms_390_f537v/harley_ms_390_f537v.jpg"/>
            desire you, to receive him, &amp; to extend vnto him your grace &amp; favour <lb/>
            in that measure as to our freindship &amp; greatnesse of y<ex>ou</ex>r bounty <lb/>
            &amp; greatnesse of his merit &amp; quality shall bee requisite; &amp; to give <lb/>
            him leave, when he hath satisfyed himselfe w<ex>i</ex>th the aboundance <lb/>
            of your glory, to returne vnto vs, to bring vs the welcome newes <lb/>
            &amp; assurance of your health &amp; prosperity; w<ex>hi</ex>ch shall bee as acceptable <lb/>
            to vs as the gold &amp; spices of both the Indyes. so wee pray vnto<lb/>
            the allmighty God to honour &amp; blesse all them that depend vnto <lb/>
            him. Given at o<ex>u</ex>r Royall Pallace at Westminster in the sixt <lb/>
            yeare of o<ex>u</ex>r raigne, &amp; of o<ex>u</ex>r obedience to the blessed Law of Iesus <lb/>
            the Sonne of God &amp; only Saviour of man. 1630.
         </p>
      </body>
   </text>
   <facsimile>
      <graphic n="1" url="/bl/harley_ms_390_part/harley_ms_390_f537r/harley_ms_390_f537r.jpg"/>
      <graphic n="2" url="/bl/harley_ms_390_part/harley_ms_390_f537v/harley_ms_390_f537v.jpg"/>
   </facsimile>
</TEI>