<TEI xmlns="http://www.tei-c.org/ns/1.0" xmlns:xi="http://www.w3.org/2001/XInclude">
   <teiHeader>
      <fileDesc>
         <titleStmt>
            <title>A Conference at the Castle of Count Angelo</title>
            <author>
               <persName corresp="../people/people.xml#P0006">John Taylor, 'The Water Poet'[?]</persName>
            </author>
            <respStmt xml:id="NM">
                    <name>Noah Millstone</name>
                    <resp>Principal Investigator MPESE</resp>
                </respStmt>
            <respStmt xml:id="SV">
                    <name>Sebastiaan Verweij</name>
                    <resp>Co-Investigator MPESE</resp>
                </respStmt>
            <respStmt xml:id="RB">
                    <name>Richard Bell</name>
                    <resp>Research Associate</resp>
                </respStmt>
                <respStmt xml:id="VA">
                    <name>Victoria Anker</name>
                    <resp>BRIHC Research Impact Fellow</resp>
                </respStmt>
            <respStmt xml:id="MJ">
                    <name>Mike Jones</name>
                    <resp>Research Software Engineer</resp>
                </respStmt>
         </titleStmt>
         <publicationStmt xml:id="mpese_pubstat">
                <publisher>Manuscript Pamphleteering in Early Stuart England (MPESE)</publisher>
                <date when="2017">2017</date>
            </publicationStmt>
         <sourceDesc>
            <msDesc corresp="../mss/BLHarleyMS390.xml">
               <msIdentifier xml:id="BL_Harley_MS_390">
                  <country>United Kingdom</country>
                  <settlement>London</settlement>
                  <repository>British Library</repository>
                  <collection>Harley</collection>
                  <idno>MS 390</idno>
                  <msName>Newsletters from Joseph Meade to Sir M Stuteville, vol. II, 1626-1631</msName>
               </msIdentifier>
                    <p xml:id="ms-label-generated">British Library, Harley MS 390</p>
            </msDesc>
                <listBibl xml:id="mss_witness_generated">
                    <bibl>
                        <ref type="ms" target="../mss/BLAddMS24863.xml">British Library, Additional MS 24863, ff. 84r–85v</ref>
                    </bibl>
                    <bibl>
                        <ref type="ms" target="../mss/BL_Add_MS_72479.xml">British Library, Additional MS 72479, ff. 2r–3v</ref>
                    </bibl>
                    <bibl>
                        <ref type="ms" target="../mss/Beinecke_Osborn_b197.xml">Beinecke Library, Osborn b197, ff. 214–217</ref>
                    </bibl>
                    <bibl>
                        <ref type="ms" target="../mss/Bodl_MS_Rawlinson_D_398.xml">Bodleian Library,  MS Rawlinson D 398, ff. 198r–199v</ref>
                    </bibl>
                    <bibl>
                        <ref type="ms" target="../mss/Bodl_MS_Rawlinson_poetry_26.xml">Bodleian Library,  MS Rawlinson poetry 26, ff. 65r–66v</ref>
                    </bibl>
                    <bibl>
                        <ref type="ms" target="../mss/Bodl_MS_Tanner_205.xml">Bodleian Library,  MS Tanner 205, reversing volume, 87v–85v</ref>
                    </bibl>
                    <bibl>
                        <ref type="ms" target="../mss/Bodl_MS_Tanner_306.xml">Bodleian Library,  MS Tanner 306, ff. 225r–231r</ref>
                    </bibl>
                    <bibl>
                        <ref type="ms" target="../mss/CUL_MS_Ff523.xml">Cambridge University Library,  MS Ff.5.23, ff. 1r–3v</ref>
                    </bibl>
                    <bibl>
                        <ref type="ms" target="../mss/Huntington_HM_122.xml">Huntington Library,  HM 122, ff. 1r–30r</ref>
                    </bibl>
                    <bibl>
                        <ref type="ms" target="../mss/SA_DDWO56914II.xml">Somerset Archives,  DD\WO/56/9/14.II, ff. 1r–4v</ref>
                    </bibl>
                </listBibl>
            <listBibl xml:id="C17_print_witness">
               <bibl>
                  <title>Prosopopoeia. Or, A conference held at Angelo Castle, between the Pope, the Emperor, and the King of Spaine.</title>
                  <pubPlace>London</pubPlace>
                  <date cert="medium">1619?</date>
                  <idno type="STC2nded">20443</idno>
               </bibl>
            </listBibl>
         </sourceDesc>
      </fileDesc>
      <profileDesc>
         <abstract>
                <p/>
            </abstract>
         <creation>
            <date when="1619">1619?</date>
         </creation>
         <langUsage>
            <language ident="EN">English</language>
         </langUsage>
         <textClass>
            <keywords n="text-type">
               <term>verse</term>
               <term>satire</term>
            </keywords>
         </textClass>
         <textClass>
            <keywords n="topic-keyword">
               <term>anti-catholicism</term>
               <term>Pope</term>
               <term>Spain</term>
            </keywords>
         </textClass>
      </profileDesc>
      <encodingDesc>
         <editorialDecl>
            <p/>
         </editorialDecl>
      </encodingDesc>
   </teiHeader>
   <text>
      <body>
         <pb n="84r"/>
         <head>A Conference at the Castle of S<ex>ai</ex>nt Angello betweene<lb/>
         the Pope, the Emperor, and the Kinge of Spayne</head>
         <lg>
            <l>
                    <add place="LM">Pope</add>Wellcome Deare sonns vnto o<ex>u</ex>r Cort of Roome,</l>
            <l>Blessing Apostolicke, &amp; an holy doome</l>
            <l>Sheild the howse of Austria from mischance,</l>
            <l>And both his fortunes, <del>&amp;</del> &amp; his Crowne advance.</l>
         </lg>
         <lg>
            <l>
                    <add place="LM">Emperor
                    </add>Thy feete most holy Father doe I Kisse,</l>
            <l>Off Churches Benediction doe I misse,</l>
            <l>The Imperiall Crowne from Austria will bee gon,</l>
            <l>W<ex>hi</ex>ch Heaveans forbid for then w'are all vndone,</l>
            <l>Bohemians Rebells w<ex>i</ex>th Hungaria ioyne,</l>
            <l>The Heretiques from Danuby to Reine,</l>
            <l>Theire heads, theire Armes, theire sowrts doe combine</l>
            <l>Against Rome, and Austria; Oh the Palatine,</l>
            <l>That cursed Calvinist, w<ex>i</ex>th his partakers!</l>
            <l>Those damned schismaticks, &amp; church forsakers,</l>
            <l>Vppon o<ex>u</ex>r Ruines seeke to raise theire fortune</l>
            <l>W<ex>hi</ex>ch makes mee thus yo<ex>u</ex>r Holinesse importune.</l>
         </lg>
         <lg>
            <l>
                    <add place="LM">Pope</add>The keyes of <del>P</del> Peter, &amp; the sword of Paull</l>
            <l>Shall shutt, and open; cutt in peices all</l>
            <l>The gates of Heaven, Nations Laws, &amp; rights,</l>
            <l>And turne cleare day into the darkest nights,</l>
            <l>Ere one of Calvines, or of Luthers secte</l>
            <l>W<ex>i</ex>th Roman Bayes, or Eagle shal bee dect.</l>
         </lg>
         <lg>
            <l>
                    <add place="LM">Emperor
                    </add> The threats &amp; Curses of the Catholiques</l>
            <l>Are now despis'd by those vile Heretiques</l>
            <l>Helpe vs by Counsell theirefore Holy Sir</l>
            <l>And shew vs meanes to quiett all this stirre.</l>
         </lg>
         <lg>
            <l>
                    <add place="LM">Pope</add>Thou maist by reasons, &amp; Ambassages,</l>
            <l>By questions, Answers, &amp; like passages,</l>
            <l>Winne tyme a while, but now th'are out of Date</l>
            <l>Now swords, not words doe Kingdomes Arbitrate.</l>
            <l>To Neighbors, freinds, &amp; subiects quickly send</l>
            <l>That from surprise thou maist thy self defend.</l>
            <l>My Natives, &amp; my Legates I'le dispatch</l>
            <l>More fvries 'mongst the Catholiques to hatch</l>
            <l>Ments, Colon, Triers, Catholique Babeere</l>
            <l>Hast thou in Germanie, with others the<add place="above">a</add>re.</l>
            <l>Thy vncle Albert, &amp; a Polish Kinge</l>
            <l>Vnto thee quickly may theire sowrds bringe</l>
            <l>Although my selfe w<ex>i</ex>th Florence may not send</l>
            <l>Our armes soe soone, yett mony will wee lend.</l>
            <l>The Canton of the Switzers shall bee waged,</l>
            <l>That to o<ex>u</ex>r Seas doe hold themselves ingaged;</l>
            <l>Soe is the Saxon Duke w<ex>i</ex>th his estate</l>
            <l>To thee in Dresden, and the Electorate</l>
            <l>Whose elder Cosens hopes will make him feare,</l>
            <l>And to thy fortunes, &amp; thy howse adheare.</l>
            <l>I'le allso send to Savoy, and to Venice,</l>
            <l>To Fraunce, o<ex>u</ex>r eldest sonne, &amp; to St Dennis,</l>
            <l>But I'le those Drunken, &amp; base Germans quell</l>
            <l>Or make them stoope, or damne to pitt of Hell;</l>
            <l>Besides thy Spanish Cosen pr<ex>e</ex>sent heere,</l>
            <l>Whom Europe, and the new found world doe feare</l>
            <l>The Churches Atlas, and teh Empires proppe</l>
            <l>By strength by freinds, by witt, or gold will stoppe</l>
            <l>Those proud attempts, and darings of the Dutch,</l>
            <l>And breake theire forces, cost it he're so much.</l>
         </lg>
         <lg>
            <l>
                    <add place="LM">Kings of Spaine</add>Iff Cæsar &amp; yo<ex>u</ex>r Holinesse have done,</l>
            <l>Observe the Answer of yo<ex>u</ex>r Spanish sonne.</l>
            <l>Nott Germane Prelattes, or Bavarians can,</l>
            <l>Nor Kinge of Pole himselfe, nor any man,</l>
            <l>Nor Tuscaine Duke, nor Allbert my poore Brother</l>
            <l>The Canton Catholiques, nor any other</l>
            <l>Bringe timely succour against the Coniuration,</l>
            <l>Those Allmaine Graves have made in every nation.</l>
            <l>Expect not helpe from Savoy or Venetia,</l>
            <l>Who deadly feare, &amp; hate the house of Austria</l>
            <l>I looke for nothing from o<ex>u</ex>r sonne of Fraunce</l>
            <l>For if hee saw vs downe, hee'de sing &amp; daunce.</l>
            <l>And why should you from Saxon looke for more</l>
            <l>Then Charles my Grandsire reapt from him before,</l>
            <l>Who gave all, &amp; more then you doe mention,</l>
            <l>Yett shortly after, in the great Contention</l>
            <l>Twixt him &amp; German Rebells, hee forsooke</l>
            <l>
                    <del>He</del> His Benefactors, &amp; against him tooke.</l>
            <l>And Cesar if at houre thou looke for ayde</l>
            <l>Thy Kingdomes <del>selfe</del> both <del>decay'd</del> are lost thy selfe decaydes</l>
            <l>Thyne Austrian subiects allso are infected</l>
            <l>W<ex>i</ex>th Luthers heresie, &amp; have reiected</l>
            <l>The Papall dignitie, &amp; may doe thine,</l>
            <l>And w<ex>i</ex>th theire fellow Lutherans combine</l>
            <l>And if for succour thou doe send to Thracia</l>
            <l>The faythlesse Turke, (thou knowst) will come from Asia</l>
            <l>Spaine then must helpe or w<ex>ha</ex>t will Cæsar doe?</l>
            <l>And how shall Spayne helpe Rome, &amp; Cæsar too?</l>
            <l>Shall Indian Armies been recalled from thence?</l>
            <l>Italian forces march away from hence?</l>
            <l>Leave Millaine, Naples, &amp; o<ex>u</ex>r silver fountaines</l>
            <l>Vnguarded, naked? to march over mountaines?</l>
            <l>Through Grizons countrye lead the strength of Spayne?</l>
            <l>Or venture o<ex>u</ex>r Armado once againe</l>
            <l>To narrow seas, and soe at once loose more</l>
            <l>Then wee have gott in sixscore yeares <del>agoe</del> before.</l>
            <pb n="85r"/>
            <l>Soe th<del>en</del>
                    <add place="above">ou</add> in Haspurgh, I in Arragon</l>
            <l>May showe o<ex>u</ex>r Crownes, turne Monkes, and live alone.</l>
            <l>You count yo<ex>u</ex>r freinds, but count <del>yo<ex>u</ex>r</del> <add place="above">not</add> all yo<ex>u</ex>r foes,</l>
            <l>Whose strength, and number you cannot oppose,</l>
            <l>The Northerne trackt of Europe from Brittania</l>
            <l>Tending to East, as far as Transilvania,</l>
            <l>Save Poland, and some Trifles are theire owne</l>
            <l>Ah mee in forescore yeares, how are they growne?</l>
            <l>Three Kingdomes England, Scotland, and Ireland bee</l>
            <l>W<ex>i</ex>th Demnarke, Norway, Sweden, six you see</l>
            <l>Besides those two w<ex>hi</ex>ch <del>you</del> <add place="above">they</add> have gott from thee</l>
            <l>Being eight in all, &amp; o<ex>u</ex>r Kings are but three</l>
            <l>The number of theire princes, Dukes, &amp; Counts</l>
            <l>
                    <add place="LM">theire</add>W<ex>i</ex>th <del>yo<ex>u</ex>r
                    </del> free states, and Lords ours far surmounts</l>
            <l>Besides theire many Palsgraves, &amp; Burgraves</l>
            <l>W<ex>i</ex>th all theire Lantsgraves, &amp; Margraves.</l>
            <l>And as theire numbers, soe theire spiritts are</l>
            <l>made great w<ex>i</ex>th hopes of the <expan>p<ex>ro</ex>digious</expan> starre</l>
            <l>W<ex>hi</ex>ch blazd ore Allmaine, last December</l>
            <l>As all the world doth well remeber.</l>
            <l>Theire expositions, and theire Calculations</l>
            <l>of times and scepters, and of Scytuations.</l>
            <l>Of Tome, &amp; Babell, and of Hills, &amp; Dales</l>
            <l>of Beasts &amp; Draggons, and of fearefull tailes</l>
            <l>Wheare w<ex>i</ex>th they cheare themselves, &amp; theire new Kinge</l>
            <l>As if they Victors weare, &amp; Bells did ringe</l>
            <l>Alas, for Rome, alas for Ferdinand</l>
            <l>Alas for Phillip must hee needs w<ex>i</ex>thstand</l>
            <l>His owne, the Popes, &amp; Empires foes?</l>
            <l>And goe himselfe, the Church, &amp; Empire lose.</l>
            <l>Have all my Ancestors to five descents</l>
            <l>Tyed Earledomes, Dukedomes, Church &amp; Empire fast?</l>
            <l>And is the period of o<ex>u</ex>r greatnes past?</l>
            <l>And o<ex>u</ex>r declining now begin to haste?</l>
            <l>Hoping for Westerne Monarchie at last</l>
            <l>Ah Nassau, Nassau, hatefull sonne, &amp; Father</l>
            <l>Curst bee yo<ex>u</ex>r name &amp; house, you did gather</l>
            <l>Those fearefull Rebells into warlike bands.</l>
            <l>W<ex>hi</ex>ch now doe state it in the Netherlands.</l>
         </lg>
         <lg>
            <l>
                    <add place="LM">Emperor
                    </add>
               Thus are o<ex>u</ex>r Dangers, thus o<ex>u</ex>r feares related</l>
            <l>Thus bee o<ex>u</ex>r minds perplext, o<ex>u</ex>r hearts amated</l>
            <l>If Rome have any secret wisdome hidde,</l>
            <l>layed for evill times, or ever did</l>
            <l>Make wicked Heretiques feele Churches power.</l>
            <l>Then Father, now's the tume &amp; this the hower.</l>
            <l>Remember 'twas Frederick here to fore</l>
            <l>Frighted thy <expan>p<ex>re</ex>decessors</expan>; this may more</l>
            <l>hazard thy fortune vtterly oppresse</l>
            <l>The roman Church, thy selfe, &amp; vs, vnlesse</l>
            <l>By some privy Stratagem, fetcht from the deepe</l>
            <l>Thou doest thy selfe and vs from daunger keepe.</l>
         </lg>
         <lg>
            <l>
                    <add place="LM">Pope</add>And are o<ex>u</ex>r freinds soe few? &amp; soe vntrusty?</l>
            <l>And bee o<ex>u</ex>r <del>freinds</del> <add place="above">foes</add> soe many? &amp; soe lusty?</l>
            <l>One Innocent in Rome in former ages</l>
            <l>Had vsed three ings for laqueis &amp; for Pages</l>
            <l>And doe they now against o<ex>u</ex>r liking make</l>
            <l>Both Kings &amp; Cæsar, then the furyes wake,</l>
            <l>Helpe mee to store of Pistolls, poysons, knives</l>
            <l>To fier, &amp; power, Manacles, &amp; <del>knives</del> gives</l>
            <l>Bid Ravilliack, &amp; Clement hie them hether</l>
            <l>Lett Gerrard Fawkes, &amp; Garnett come together,</l>
            <l>Come yee Ignatians, bringe Assassinates</l>
            <l>Left handed Ehuds that doe rule the fates</l>
            <l>And cut the threids of Princes lifes asunder</l>
            <l>Those Roman Scevolas shall grave men wonder,</l>
            <l>To see those vpstart Kings w<ex>i</ex>th theire partakers</l>
            <l>In every Kingdome slaughterd by Massacres</l>
            <l>I'le rayse vp Parsons, S<add place="above">c</add>uarez, and Bellarmine,</l>
            <l>Loyola himselfe theire Father, and refine</l>
            <l>All human witt to one poore quintessence,</l>
            <l>Against whose vertue shall bee noe defence.</l>
            <l>Theirefor (Deare Sonnes) at nothing bee dismaid</l>
            <l>Remember w<ex>ha</ex>t yo<ex>u</ex>r Father now hath said.</l>
            <l>You to Vienna; you to Civill goe,</l>
            <l>Helpe as you may, to give the fatall blow.</l>
         </lg>
         <lg>
            <l>
                    <add place="LM">King of<lb/>spayne</add>Come Lerma looke not sadly on thy freind,</l>
            <l>But lett's w<ex>i</ex>th Spanish patience wayt the end.</l>
         </lg>
         <trailer>Finis</trailer>
      </body>
   </text>
</TEI>