<TEI xmlns="http://www.tei-c.org/ns/1.0" xmlns:xi="http://www.w3.org/2001/XInclude">
   <teiHeader>
      <fileDesc>
         <titleStmt>
            <title>A Discourse to prove that conjunction by alliance of marriage of England and Spain is the most safe, honorable and profitablest course for both the monarchies</title>
            <author>
               <persName corresp="../people/people.xml#P0109">Sir Charles Cornwallis</persName>
            </author>
            <respStmt xml:id="NM">
               <name>Noah Millstone</name>
               <resp>Principal Investigator MPESE</resp>
            </respStmt>
            <respStmt xml:id="SV">
               <name>Sebastiaan Verweij</name>
               <resp>Co-Investigator MPESE</resp>
            </respStmt>
            <respStmt xml:id="RB">
               <name>Richard Bell</name>
               <resp>Research Associate</resp>
            </respStmt>
                <respStmt xml:id="VA">
                    <name>Victoria Anker</name>
                    <resp>BRIHC Research Impact Fellow</resp>
                </respStmt>
            <respStmt xml:id="TW">
               <name>Tim Wales</name>
               <resp>Research Assistant</resp>
            </respStmt>
         </titleStmt>
         <publicationStmt xml:id="mpese_pubstat">
            <publisher>Manuscript Pamphleteering in Early Stuart England (MPESE)</publisher>
            <date when="2017">2017</date>
         </publicationStmt>
         <sourceDesc>
            
            <msDesc corresp="../mss/BLAddMS4149.xml">
               <msIdentifier xml:id="BL_Add_MS_4149">
                <country>United Kingdom</country>
                <settlement>London</settlement>
                <repository>British Library</repository>
                <collection>Additional</collection>
                <idno>MS 4149</idno>
                <msName/>
             </msIdentifier>
                    <p xml:id="ms-label-generated">British Library, Additional MS 4149</p>
            </msDesc>
                <listBibl xml:id="mss_witness_generated"/>
         </sourceDesc>
      </fileDesc>
      <profileDesc>
         <abstract>
                <p/>
            </abstract>
         <creation>
            <date when="1607-09">September 1607</date>
            <placeName/>
         </creation>
         <langUsage>
            <language ident="EN">English</language>
            <language ident="LA">Latin</language>
         </langUsage>
         <textClass>
            <keywords n="text-type">
               <term>discourse</term>
            </keywords>
         </textClass>
         <textClass>
            <keywords n="topic-keyword">
               <term>diplomacy</term>
               <term>Spain</term>
               <term>royal marriage</term>
               <term>confessional conflict</term>
               <term>religious conversion</term>
               <term>Catholicism</term>
            </keywords>
         </textClass>
      </profileDesc>
      <encodingDesc>
         <editorialDecl>
            <p/>
         </editorialDecl>
      </encodingDesc>
      <revisionDesc>
         <listChange>
            <change when="2018-05-25" who="#RB" status="proofread"/>
            <change when="2018-04-19" who="#RB" status="draft"/>
            <change when="2018-04-17" who="#TW" status="transcribed"/>
         </listChange>
      </revisionDesc>
   </teiHeader>
   <text>
      <body>
         <pb n="153r" facs="/bl/add_ms_4149_part/add_ms_4149_f153r/add_ms_4149_f153r.jpg"/>
         <head rend="indent">
            <hi rend="italic">
               A Discource written by S<ex>i</ex>r Charles Cornewallis <lb/>
               Ambassador in Spayne, to proue that a Coniunc=<lb break="no"/>
               tion by Alyance of Marriag of England and <lb/>
               Spaine is the most safe honorable and profit=<lb break="no"/>
               ablest Course for both <ex>th</ex>e monarchies especially <lb/>
               for Spaine. Dated the <space extent="2" unit="chars"/> of September <hi rend="underline">1607</hi>
            </hi>
         </head>
         <p>
            The suredst, most solid and honorable Meanes for a Conti=<lb break="no"/>
            nuance and Confirmac<ex>i</ex>on of a perpetuall peace on bothe <lb/>
            partes were a Coniunction by Alyiance, the parties to bee, <lb/>
            the Prince of England and the Infanta of Spayne./.
         </p>
         <p>
            The dower of the princesse to be the vnited Prouinces that <lb/>
            haue so longe seperated them selues from obedience to Sp=<lb break="no"/>
            aine./.
         </p>
         <p>
            The vtilitie honoure and safetie to spaine are Manyfeste <lb/>
            by a freedom from so Chargeable and euerlastinge a warre, <lb/>
            Bestowinge a daughter in a kingdom soe potent and proper <lb/>
            to assist that Crowne in all their enterprises, w<ex>i</ex>thout Much <lb/>
            emptyinge of theire Treasure, but w<ex>i</ex>th endinge the occasyo<ex>n</ex> <lb/>
            that hath so longe exhausted them, Perfecte and perpetuall <lb/>
            Consolidac<ex>i</ex>on, and securetie give to theire distracted domini=<lb break="no"/>
            ons, w<ex>hi</ex>ch by a league offencive and defenciue w<ex>i</ex>th England <lb/>
            wilbe made as secure as the inwardest <sic>pare</sic> of Spaine <lb/>
            it selfe./.
         </p>
         <p>
            This Alliance (Notw<ex>i</ex>thstandinge the difference in some points <lb/>
            of Religeon) is on Neither syde Contrary to the Lawes of God <lb/>
            Nor to the Rules and practise of the Romaine Church as I <lb/>
            dare vndertake to Make <del rend="strikethrough">good</del> manifest, yf that be the point <lb/>
            that shalbe Controuerted./.
         </p>
         <p>
            The danger More on our parte, then on theirs both in gene=<lb break="no"/>
            rall and particuler./.
         </p>
         <p>
            In generall for that More easie it is for one of the Romaine <lb/>
            Church to make a Change of opinion in a protestant then <lb/>
            for a Protestant to Converte a Romanist./.
         </p>
         <fw type="catch" place="bot-right">The Protestant</fw>
         <pb n="154v" facs="/bl/add_ms_4149_part/add_ms_4149_f154v/add_ms_4149_f154v.jpg"/>
         <p>
            The Protestant fightes as a Champion in the plaine feild <lb/>
            in his dublet and hose, vsinge only the weapons of the Scri=<lb break="no"/>
            ptures and the practice of the first Churches: The Roman=<lb break="no"/>
            istes hathe his bulwarke and repayres, for beinge Convict=<lb break="no"/>
            ted, by the first, he retyres to the Authoritie of the Churche, <lb/>
            to the determinac<ex>i</ex>on of Councelles, and opinions of doctors <lb/>
            and there restes, as in an invincible forteresse./.
         </p>
         <p>
            In particuler More difficult it is for the Husband to change <lb/>
            the opinione of the Wyfe, then the Wife of the Husband./. 
         </p>
         <p>
            The Woman is Comonly vncapeable of the force of an Ar=<lb break="no"/>
            gument, Weake in vnderstandinge such high Matters as <lb/>
            questions of Faith, and by Meanes thereof Much More su=<lb break="no"/>
            spitious and fearefull to be deceaued, by those that knowe <lb/>
            more, beinge Not able to reache to a discussion of Cont=<lb break="no"/>
            rouercie, they hould the implicit faith for surest, and <lb/>
            rest in that w<ex>hi</ex>ch they haue receaued from their Cradle./.
         </p>
         <p>
            From the tyme of Adame (who had the first tast of the force <lb/>
            of a Womans perswasions) vntill this daye, Many More <lb/>
            Wilbe founde, perswaded by their Wifes, then wives by <lb/>
            theire Husbandes./.   
         </p>
         <p>
            Ad herevnto to that the Romane Religeon shall hereby recea=<lb break="no"/>
            ve No litle honor and those that professe it in England <lb/>
            No small benefit where (as very likelie it is) libertie <lb/>
            of Consyence, and vse of Religeon wilbe graunted to <lb/>
            the princes and all her Retinewe, and that yeilded to in <lb/>
            Courte, and soe Neere to the kinges presence Must Nee=<lb break="no"/>
            des proue of great Consequence to drawe on a More <lb/>
            easie hand to be Carried ouer other his Subiectes <ex>tha</ex>t <lb/>
            are of like proffessyon./.
         </p>
         <p>
            All other Circomstances and Necessary adiunctes (as ex<lb break="no"/>
            change of Townes w<ex>i</ex>thin the limites of the inheritance <lb/>
            to the issue only that shall succeed of the Prince and <lb/>
            Infanta, and for defecte then to returne to Spaine, The <lb/>
            League offencyve and defencyve and the lymited p<ex>er</ex>=<lb break="no"/>
            <fw type="catch" place="bot-right">p<ex>er</ex>petuall assist</fw>
            <pb n="154r" facs="/bl/add_ms_4149_part/add_ms_4149_f154r/add_ms_4149_f154r.jpg"/>
            p<ex>er</ex>petuall assistances to be given on either parte vpon <lb/>
            occasions and to be advised vpon and agreed by suche <lb/>
            as shall by both kinges be appointed to treat and Concl=<lb break="no"/>
            ude the busines./.
         </p>
         <p>
            By this Meanes shall the kinge of Spaine attaine <lb/>
            an honour and in those <del rend="strikethrough">thinges</del> Warres W<ex>hi</ex>ch by experi=<lb break="no"/>
            ence hath given proofe to be otherwise likely to become <lb/>
            imortall: Two Princes shall ioyne Who of all other <lb/>
            the Monarke of the World haue Most aptnes to serve <lb/>
            by entercourse and secure strength their Mutuall est=<lb break="no"/>
            ates and dominions shall by that Meanes become in=<lb break="no"/>
            assalteable by others, and hable to give lawe to all th=<lb break="no"/>
            eire Neighboures. The kinge shall spare the Many <lb/>
            Millions of Money and the Multetude of bodies that he <lb/>
            Nowe Consumeth in those warres and Converte the <lb/>
            same to his More honoure vtillitie and safetie aga=<lb break="no"/>
            inst the Com<ex>m</ex>on Ennemy, his further discouerys <lb/>
            in the Indies Wilbe Made safe the Nauegation of <lb/>
            his Subiectes thither and vnto all other partes of Ch=<lb break="no"/>
            ristendome secured, his Charge of the Most parte <lb/>
            of his garrisons in all partes of his dominions either <lb/>
            ended or Much abated, A great <del rend="strikethrough">power</del> temper <del rend="strikethrough">broug=<lb break="no"/>
            ht</del> brought vpon discord in Matter of Religeon, Which <lb/>
            When reasone of State shalbe seperated from that of op=<lb break="no"/>
            inion, verie probable it is that either in tyme it May <lb/>
            please God to worke some good agreement, or at least <lb/>
            breed Charitie in the heartes of all Christians who con=<lb break="no"/>
            fessing all one Substance doe only differ in the Circom=<lb break="no"/>
            stance and Man<ex>n</ex>er./.
         </p>
         <p rend="align-centre">
            <hi rend="italic">
               Obiections and their answers./. <lb/>
            </hi>
         </p>
         <p>
            If it be obiected that it is Neither Honorable, profitable <lb/>
            Nor safe for his Ma<ex>jes</ex>tie of Spayne, to aparte so valuable, <lb/>
            and important a parte of his dominions from his Cr=<lb break="no"/>
            owne, and especially to Make the same an adiunct to <lb/>
            <fw type="catch" place="bot-right">a Prince al=</fw>
            <pb n="154v" facs="/bl/add_ms_4149_part/add_ms_4149_f154v/add_ms_4149_f154v.jpg"/>
            a Prince alredy soe potent by Sea wherein those proui=<lb break="no"/>
            nces Will bringe vnto him soe imeasurable an addic<ex>i</ex>on, <lb/>
            It is easelie, and invincibly to be answered by these Rea=<lb break="no"/>
            sons followinge./. 
         </p>
         <p>
            First it is apparant that the Crowne of Spaine, app=<lb break="no"/>
            artes Nothinge from it, but that whereof (w<ex>i</ex>t<ex>h</ex> so infinite <lb/>
            an effusion both of Treasure and bloudd) the Souera=<lb break="no"/>
            yntie hath bene sought for the space of so many years <lb/>
            and at this daye No Neerer the attayninge then att <lb/>
            the first,/.
         </p>
         <p>
            By the Emperor (this kinges grandfather) vpon the <lb/>
            Marriage of kinge Phillipe w<ex>i</ex>th Mary Queene of En=<lb break="no"/>
            gland, and by this <sic>kines</sic> father vpon that of the Ar=<lb break="no"/>
            cheduke and the infanta the like was done of the <lb/>
            Wholle .17. provinces, for the Emperors tyme when <ex>th</ex>e <lb/>
            same were in his quiet and peaceable possessyon: <lb/>
            In the late Kinges wher was Muche More hope of re=<lb break="no"/>
            couery then at this Instant./. To.
         </p>
         <p>
            The kinge of great Brittaine Nothinge shalbe added <lb/>
            but that which it is very likely (were he either soe <lb/>
            Ambitious or desirous of acquiringe dominyons that <lb/>
            appertayne Not to him) he Might obtaine w<ex>i</ex>thoute <lb/>
            Contractinge W<ex>i</ex>th the kinge of Spaine, The like ha=<lb break="no"/>
            vinge heretofore ben offered to his predecessor a Wo=<lb break="no"/>
            man and w<ex>i</ex>thout successyon and therefore Neither soe <lb/>
            able to defend them, Nor soe likely if she had vndertook <lb/>
            it to Continewe it./.
         </p>
         <p>
            The strength encreased to the kinge of Great Brittany (so <lb/>
            longe as the league and Condicons to be agreed on shall <lb/>
            hould firme) shall accrue in as large a Measure to his <lb/>
            perpetuall Confederat and allye the kinge of Spayne, <lb/>
            who in regard thereof shalbe as well in Warre defency=<lb break="no"/>
            ve as offencyve soe greatlie fortefyed./.
         </p>
         <p>
            Yf the same shall breake hereafter by any Manyfest de=<lb break="no"/>
            <fw type="catch" place="bot-right">defaut of the</fw>
            <pb n="155r" facs="/bl/add_ms_4149_part/add_ms_4149_f155r/add_ms_4149_f155r.jpg"/>
            defaut of the kinge of great Brittayn, then I Make No <lb/>
            doubte but one Condicon will be that the Crowne of Sp=<lb break="no"/>
            aine shalbe restored to the same right and titll that they <lb/>
            Now pretende, Neither will it be more diffile to drawe <lb/>
            it out of the handes of the kinge of great Brittaine: <lb/>
            (vpon whome the envy and Ielousy of all his Neigh=<lb break="no"/>
            bours wilbe cast vpon the accession of those Catryes to <lb/>
            his other kingdoms) then from those that Nowe possesse <lb/>
            it, sithence all other Confyninge Princes, in regard <lb/>
            of Iellosie of Stat, <del rend="strikethrough">that Neither</del>, and vphouldinge a pe=<lb break="no"/>
            ople that give Spaine Neither Meanes Nor leysure <lb/>
            to thinke of any other attempt against their dominions <lb/>
            and Not likely to growe greater in them selues then <lb/>
            May be tollerated by theire Neighbores) are in all rea=<lb break="no"/>
            son likelie Neuer to leaue either ouertly or Couertly to <lb/>
            fom<ex>en</ex>t them, whereas in the other case the greatest of <lb/>
            them, for diueres both generall and particular interestes <lb/>
            would become of other affection: Moreouer it hath Ne=<lb break="no"/>
            ver ben read, that the kinges of great brittayne haue <lb/>
            bene breakers of Faith and league Made w<ex>i</ex>th other pr=<lb break="no"/>
            inces or sought to vsurpe any thinge vpon their Neigh=<lb break="no"/>
            bours, Now, <add place="above">with</add> <del rend="strikethrough">what</del> lesse reason then euer, when suche <lb/>
            should be the apte Coniunction, strength and Riches <lb/>
            of theire domynions as they should Not Need to envy <lb/>
            the greatest potentat vpon earth especially beinge <lb/>
            Ioyned w<ex>i</ex>th soe Mightie and incomparable a Prince in <lb/>
            Treasure and other power as the kinge of Spayne wo=<lb break="no"/>
            uld <del rend="strikethrough">be</del> in fewe yeares be if such a coniunction and <lb/>
            league were agreed: Besides the kinge of great Br=<lb break="no"/>
            ittayne Must vpon a breach w<ex>i</ex>th him adventure Not <lb/>
            only the losse of those <sic>proinces</sic> and of so mightie &amp; <lb/>
            assured an alye and freinde but also drawe vpon <lb/>
            them a dangerouse and perpetuall warre from this <lb/>
            Crowne, hauinge such an imortaletie of meanes by <lb/>
            <fw type="catch" place="bot-right">theire Indiane</fw>
            <pb n="155v" facs="/bl/add_ms_4149_part/add_ms_4149_f155v/add_ms_4149_f155v.jpg"/>
            theire Indian Treasure./.
         </p>
         <p>
            The honorablest ende of warre is the atayninge by Amy=<lb break="no"/>
            tye and w<ex>i</ex>thout bloodshed that w<ex>hi</ex>ch hath bene sought by <lb/>
            <sic>by</sic> force and furye. The kinge of Spaine is to be said <lb/>
            to haue attayned those Countryes, because in this Contr=<lb break="no"/>
            acte he gives and disposeth them, and therein he Can=<lb break="no"/>
            not but be said to receyue Much Honour and Strength <lb/>
            incomparable: The first by endinge, by soe peacible a <lb/>
            Meane, soe bloudy and longe continued a warre, the <lb/>
            braunches and depondencies whereof infest all Christe=<lb break="no"/>
            ndome. The Second by ioyninge vnto him soe potente <lb/>
            a kinge and so apte to Supplie him w<ex>i</ex>th all thinges wh=<lb break="no"/>
            erein <del rend="strikethrough">soeuer</del> his owne Countryes and forces are Most <lb/>
            defectiue./.
         </p>
         <p rend="indent">
            <hi rend="italic">
               This Discours is Continued prouing the <lb/>
               Lawfulnes of Coniunction on both sides no=<lb break="no"/>
               twithstandinge the differenc in Religeon./
            </hi>
         </p>
         <p>
            In formore discourse had of this subiecte, I offered to pr=<lb break="no"/>
            ooue that the allyance betweene the Prince of greate <lb/>
            Brittaine and the Infanta of Spayne (though different <lb/>
            in Religeon) is on Neither side contrary either to the law=<lb break="no"/>
            es of god or practise of theire owne Church: This I <lb/>
            will indevoure, conforminge My selfe to the Condicon of <lb/>
            those I haue to deale w<ex>i</ex>th, who although in their acc<ex>i</ex>ons <lb/>
            <del rend="strikethrough">too</del> demonstrate to affecte Nothinge More then delaye and leng=<lb break="no"/>
            th of tyme, <del rend="strikethrough">
                    <gap reason="illegible" quantity="2" unit="chars"/>
                </del> yet in wordes and writinge vse Muche brevitie <lb/>
            them selues and desire the like in others./.
         </p>
         <p>
            Yt will not I assure my selfe be denyed, that a Roman positi=<lb break="no"/>
            on it is, that Matrimony betweene a beleever and an vnbe=<lb break="no"/>
            leever is by No lawe Made void or vneffectuall./.
         </p>
         <p>
            Not by lawe of Nature, as that w<ex>hi</ex>ch takes Not away <ex>th</ex>e ende <lb/>
            of Matrymony; for Children May be borne vnto them, and <lb/>
            by possibillitie also, brought vpp and instructed in true <lb/>
            <fw type="catch" place="bot-right">Religeon; there</fw>
            <pb n="156r" facs="/bl/add_ms_4149_part/add_ms_4149_f156r/add_ms_4149_f156r.jpg"/>
            Religeon, there is also hope of inducinge the other partie <lb/>
            to the faith in w<ex>hi</ex>ch Case in reason it is Manyfest, that the <lb/>
            Marriage is Not only Not evill but good./.
         </p>
         <p>
            If in the Lawe of Nature such Marriages had bine re<lb break="no"/>
            puted vnlawfull, Iacob would Not haue ioyned him <lb/>
            selfe in Marryage w<ex>i</ex>th the daughter of Laban an Idolatr=<lb break="no"/>
            er: Ioseph w<ex>i</ex>th the daughter of Potipharr an egiptian; <lb/>
            Nor Moses w<ex>i</ex>th Her of Iethro an ethiopian./.
         </p>
         <p>
            If in the Lawe written, such coniunctions had Not bine <lb/>
            held effectuall, Hester should Not by the especiall prouid=<lb break="no"/>
            ence of God haue ben Marryed to Ahesuerus an Ethenike <lb/>
            kinge of the Persians, Salomon to the daughter Pharae <lb/>
            or david to her of the kinge of Geshur./.
         </p>
         <p>
            Yf in the Lawe of grace Marryages of persons eyther diffe=<lb break="no"/>
            ringe in faith or worshippe had bine disallowed, Monaca <lb/>
            the Christian Mother of St Augostine should Not haue <lb/>
            bine ioyned in Matrimony w<ex>i</ex>th his father beinge a pa=<lb break="no"/>
            gan: Clolildis a Christian Princesse w<ex>i</ex>th Clodonevs kin=<lb break="no"/>
            ge of Fraunce beinge then an infidell: Ema the daugh=<lb break="no"/>
            ter of Charles kinge of Fraunce (surnamed the Simple) <lb/>
            w<ex>i</ex>th Rolo prince of Normandie a bitter persecutor of <lb/>
            Christians: Clotildis daughter of Clodonevs w<ex>i</ex>th Albar=<lb break="no"/>
            icus then kinge of Spaine an Aryan Heretyque: <unclear>Imia</unclear> <lb/>
            the daughter of fortunio kinge of Navarr, w<ex>i</ex>th Abduramo<ex>n</ex> <lb/>
            the second kinge of Cordoba a Moore: Teresa sister of <lb/>
            don Alonso the first <unclear>tosebdalable</unclear> Kinge of Toledo, Nor <lb/>
            the, <del rend="strikethrough">Nor</del> late Marriage in oure age, of the Lady Cath=<lb break="no"/>
            erine daughter of the kinge of Polona, w<ex>i</ex>th Iohn kinge <lb/>
            of Sweveland in Many of w<ex>hi</ex>ch the Pope either by playne <lb/>
            dispensation, tacite Consent, or interpretiue Lycence <lb/>
            is presumed to haue had his hand, as respecting Mo=<lb break="no"/>
            re the publique good of Com<ex>m</ex>on wealth then the perill <lb/>
            of particuler persons, especially where there is more <lb/>
            hope of good then doubte of daunger: I omitt divers <lb/>
            <fw type="catch" place="bot-right">other Moderne</fw>
            <pb n="156v" facs="/bl/add_ms_4149_part/add_ms_4149_f156v/add_ms_4149_f156v.jpg"/>
            other Moderne examples as well of princes as of privat per=<lb break="no"/>
            sons, Neither recite I more proofes, because I haue promy=<lb break="no"/>
            sed brevitie: This one Maye suffise to demonstrate plain=<lb break="no"/>
            lie that euen in this Country of Spaine in tymes passed <lb/>
            Marriages of such Condic<ex>i</ex>on were frequent and Muche <lb/>
            practized, Ells would Not that Nac<ex>i</ex>onall Counsell of To=<lb break="no"/>
            ledo haue by espetiall Sanctions Comaunded a seperac<ex>i</ex>o<ex>n</ex> <lb/>
            betweene Christians Marryed to Iewes, w<ex>hi</ex>ch in publique <lb/>
            as well as sperituall regardes was held inconvnie=<lb break="no"/>
            nt: St Ierome also in his first booke against Iovinia<ex>n</ex> <lb/>
            And St Augustine in his of faith and workes witten=<lb break="no"/>
            esse that in their tymes, those sortes of <del rend="strikethrough">Tyme</del> Marrya=<lb break="no"/>
            ges were verie vsuall, the places and passages of <lb/>
            Scripture, aswell in the Newe as olde Testament, <ex>tha</ex>t <lb/>
            carry any apparance to contradicte and forbid suche <lb/>
            Coniunctions were in those of the Newe rather Co=<lb break="no"/>
            uncells then preceptes; and those that were of St <lb/>
            Paule only, w<ex>hi</ex>ch (were they preceptes) accordinge  <lb/>
            to <del rend="strikethrough">the</del> Cardinall Bellarmyne are dispensable by the <lb/>
            Pope, In the olde only preceptes of the Iudiciall <lb/>
            Lawe w<ex>hi</ex>ch is Abrogated or peculiar to the Iewes Not <lb/>
            to Ioyne them selues w<ex>i</ex>th some especiall prohibited pe=<lb break="no"/>
            ople: And if in any thinge they towched or tasted of <lb/>
            the Morrall, the same was only in regard of the pe=<lb break="no"/>
            rrill of avertinge those of True faith to strange gods <lb/>
            or erronyous Religeon, w<ex>hi</ex>ch in case where No perill <lb/>
            is, (or soe litle as the same is ouerballanced eith=<lb break="no"/>
            er by assurance or hope) of a greater good) risethe <lb/>
            No question./.
         </p>
         <p>
            In the Marriage of Iacobe, Ioseph, Moses, Esher &amp; <lb/>
            others devines hould, there was No danger, the <lb/>
            Reason, there <del rend="strikethrough">was</del> singuler vnderstandinges, perfe=<lb break="no"/>
            cte instructions in the truith, and firmnes in theire <lb/>
            faythe./.
         </p>
         <fw type="catch" place="bot-right">To omitt the</fw>
         <pb n="157r" facs="/bl/add_ms_4149_part/add_ms_4149_f157r/add_ms_4149_f157r.jpg"/>
         <p>
            To omytt the rest, and to Make a more equall parralell <lb/>
            what was there to be promysed of Ester that May Not <lb/>
            be expected of the Princes we treate of, Ester was Not <lb/>
            w<ex>i</ex>th more dilligent care instructed in the knowledg of <lb/>
            the Livinge God by her kinsman Mordecheus then the <lb/>
            Princesse is, and is like to be, in the faith professed by <lb/>
            the Roman Church, by the kinge <del rend="strikethrough">p</del> her parentes./.
         </p>
         <p>
            Yf Ester were indewed w<ex>i</ex>th the forceable attractives of <lb/>
            vnderstandinge and bewtie exceedinge the proporc<ex>i</ex>on <lb/>
            of other Women: of the first I cannot but take ample <lb/>
            Notise by myne ears: of the second by myne eyes, that <lb/>
            God beinge pleased to contynewe to her growinge ye=<lb break="no"/>
            ares, that w<ex>hi</ex>ch Nature hath so bountifully begune in <lb/>
            her infancye: the Princes will in Neither yeild  <lb/>
            her the least advantage, Neither can it be denyed <lb/>
            but Ester was exposed to Much More perrill, Shee <lb/>
            to the hande of Infidells that knewe Not God, seper=<lb break="no"/>
            ated from her owne Nation, and from all Manner <lb/>
            of vse of her Religeon and worshippe. The Infanta <lb/>
            to those Princes Christian, Clement, Pyous Char=<lb break="no"/>
            itable and endued w<ex>i</ex>th all Maner of virtues, And <lb/>
            all thoughe differinge in some pointes of Cerimony <lb/>
            and circomstance yet firmly and wholly agreeing <lb/>
            in all or Most poy<ex>n</ex>tes of the fundamentall partes <lb/>
            either of faith or doctrine, to the one in regarde <lb/>
            of benefite she Might drawe to her people was <lb/>
            denyed all Comforte to her owne Soule: To the <lb/>
            other hauinge the like or More probable Meanes to <lb/>
            releeve those of her owne professyon, yt is likely there will Not <lb/>
            only be assured Meanes for the free vse of her Conscyence but <lb/>
            an vnquestionable allowance to be euer served and accompa=<lb break="no"/>
            nyed w<ex>i</ex>th those both of her owne Nac<ex>i</ex>on and professyon <del rend="strikethrough">for</del>./.
         </p>
         <p>
            For conclusion I cannot forgett an Auntient and authentique <lb/>
            example of Myn owne Country, where in the yeare .621. <ex>th</ex>e <lb/>
            <fw type="catch" place="bot-right">Most Christian</fw>
            <pb n="157v" facs="/bl/add_ms_4149_part/add_ms_4149_f157v/add_ms_4149_f157v.jpg"/>
            Most Christian Lady Ethelburga daughter to the deuout and <lb/>
            zelous king Ethelberte was given in Marry=age by her sayd <lb/>
            father to Edwyn kinge of the Northumbers, then an Infidell <lb/>
            only vpon hope of his Convertion to the faith, w<ex>hi</ex>ch after by <lb/>
            her Meanes, and the preachinge of St Paiclynus ensued <lb/>
            accordinge to his expectac<ex>i</ex>on: In this case there is Neither <lb/>
            the like difficultie Nor difference. To be Ioyned to an infidell <lb/>
            Might Raise a question of the validitie of the Marryage, for <lb/>
            that, the one parte May be said Not to be Capeable of a Sac=<lb break="no"/>
            rament, in this ther can be No such, where both parties be=<lb break="no"/>
            inge Christians and bap<add place="above">b</add>tised, to Neither of them Can be de=<lb break="no"/>
            nyed habillitie to enter in to Marryage, W<ex>hi</ex>ch by those of the Rom=<lb break="no"/>
            ane Church, is held a Sacrament: In this there is a vny=<lb break="no"/>
            forme Consent in articles of faith: And only the Question Resteth <lb/>
            Whether the Romane Church hath Not thorough her ease <lb/>
            and accession of worldlie authoritie (out of her owne inve=<lb break="no"/>
            ntion) added too much to the foundac<ex>i</ex>on or ours in too much <lb/>
            vehemency and dislike of her surplusages to refuse <add place="above">her</add> in some <lb/>
            thinges <del rend="strikethrough">her</del> thinges she houldes, w<ex>i</ex>th reason: yet Must I con=<lb break="no"/>
            fesse that Neuer was there duell of this kinde More evenly <lb/>
            reported, for as to the princes cannot be denyed, a fulnes <lb/>
            of all those Adamantine partes, that haue power to dra=<lb break="no"/>
            we affection to the highest stayre of extremetie, soe are <lb/>
            the perfections of our Prince such, and soe incomparable <lb/>
            as are hardlie resistable by any hearte of Flesh: It seem=<lb break="no"/>
            eth that God and Nature haue framed and fashioned in a <lb/>
            Mould, Not Made to give shape or beinge to any other: such <lb/>
            are their Concordancies and congruities, as they appeare <lb/>
            to be the onlie equall Moyties that haue power to Make <lb/>
            the highest, and most glorious Coniunction on earth Compl=<lb break="no"/>
            eat in all perfection: Non other stringes there are vnder <lb/>
            heaven to be found that can give the right sounde to these <lb/>
            peereles Instrumentes: For Myne owne partyculere I <lb/>
            freely acknowledge, that such is My affection to the good of <lb/>
            <fw type="catch" place="bot-right">both Crownes</fw>
            <pb n="158r" facs="/bl/add_ms_4149_part/add_ms_4149_f158r/add_ms_4149_f158r.jpg"/>
            both Crownes and Nac<ex>i</ex>ons, as Might I lyve to be partaker <lb/>
            of soe blessed and sweete a Harmony, well coulde I bee <lb/>
            Contented to singe My last him<ex>m</ex>e, of <foreign xml:lang="la">Nuncke dimittas</foreign>./.
         </p>
         <p rend="align-centre">
            <hi rend="italic">. Finis .</hi>
         </p>
      </body>
   </text>
   <facsimile>
      <graphic n="1" url="/bl/add_ms_4149_part/add_ms_4149_f153r/add_ms_4149_f153r.jpg"/>
      <graphic n="2" url="/bl/add_ms_4149_part/add_ms_4149_f153v/add_ms_4149_f153v.jpg"/>
      <graphic n="3" url="/bl/add_ms_4149_part/add_ms_4149_f154r/add_ms_4149_f154r.jpg"/>
      <graphic n="4" url="/bl/add_ms_4149_part/add_ms_4149_f154v/add_ms_4149_f154v.jpg"/>
      <graphic n="5" url="/bl/add_ms_4149_part/add_ms_4149_f155r/add_ms_4149_f155r.jpg"/>
      <graphic n="6" url="/bl/add_ms_4149_part/add_ms_4149_f155v/add_ms_4149_f155v.jpg"/>
      <graphic n="7" url="/bl/add_ms_4149_part/add_ms_4149_f156r/add_ms_4149_f156r.jpg"/>
      <graphic n="8" url="/bl/add_ms_4149_part/add_ms_4149_f156v/add_ms_4149_f156v.jpg"/>
      <graphic n="9" url="/bl/add_ms_4149_part/add_ms_4149_f157r/add_ms_4149_f157r.jpg"/>
      <graphic n="10" url="/bl/add_ms_4149_part/add_ms_4149_f157v/add_ms_4149_f157v.jpg"/>
      <graphic n="11" url="/bl/add_ms_4149_part/add_ms_4149_f158r/add_ms_4149_f158r.jpg"/>
   </facsimile>
</TEI>