<TEI xmlns="http://www.tei-c.org/ns/1.0" xmlns:xi="http://www.w3.org/2001/XInclude">
   <teiHeader>
      <fileDesc>
         <titleStmt>
            <title>An Answer to Certain Arguments (Raised From Supposed Antiquity, and Practice), by Some Members of the Lower House of Parliament to Prove that Ecclesiastical Laws Ought to be Enacted by Temporal Men</title>
            <author>
               <persName corresp="../people/people.xml#P0001">Sir Robert Cotton</persName>
            </author>
            <respStmt xml:id="NM">
               <name>Noah Millstone</name>
               <resp>Principal Investigator MPESE</resp>
            </respStmt>
            <respStmt xml:id="SV">
               <name>Sebastiaan Verweij</name>
               <resp>Co-Investigator MPESE</resp>
            </respStmt>
            <respStmt xml:id="RB">
               <name>Richard Bell</name>
               <resp>Research Associate</resp>
            </respStmt>
            <respStmt xml:id="MJ">
               <name>Mike Jones</name>
               <resp>Research Software Engineer</resp>
            </respStmt>
         </titleStmt>
         <publicationStmt xml:id="mpese_pubstat">
            <publisher>Manuscript Pamphleteering in Early Stuart England (MPESE)</publisher>
            <date when="2017">2017</date>
         </publicationStmt>
         <sourceDesc>
            <listBibl xml:id="mss_witness">
               <bibl>
               </bibl>
            </listBibl>
                <listBibl xml:id="mss_witness_generated">
                    <bibl>
                        <ref type="ms" target="../mss/BLAddMS48063.xml">British Library, Additional MS 48063, ff. 221r–226r</ref>
                    </bibl>
                    <bibl>
                        <ref type="ms" target="../mss/BLEgertonMS3378.xml">British Library, Egerton MS 3378, ff. 10r–14r</ref>
                    </bibl>
                    <bibl>
                        <ref type="ms" target="../mss/BL_Cotton_MS_Titus_F_IV.xml">British Library, Cotton MS Titus F IV, ff. 170r–173v</ref>
                    </bibl>
                    <bibl>
                        <ref type="ms" target="../mss/BL_Hargrave_MS_225.xml">British Library, Hargrave MS 225, ff. 240r–248v</ref>
                    </bibl>
                    <bibl>
                        <ref type="ms" target="../mss/BL_Harley_MS_3142.xml">British Library, Harley MS 3142, ff. 64r–67r</ref>
                    </bibl>
                    <bibl>
                        <ref type="ms" target="../mss/Beinecke_Osborn_b22.xml">Beinecke Library, Osborn b22, ff. 20r–27x?</ref>
                    </bibl>
                    <bibl>
                        <ref type="ms" target="../mss/Bodl_MS_Rawlinson_D_1350.xml">Bodleian Library,  MS Rawlinson D 1350, ff. 89–91</ref>
                    </bibl>
                    <bibl>
                        <ref type="ms" target="../mss/GonvilleCaius_College_MS_291274.xml">Gonville &amp; Caius College,  MS 291/274, pp387–391</ref>
                    </bibl>
                    <bibl>
                        <ref type="ms" target="../mss/GonvilleCaius_College_MS_7340.xml">Gonville &amp; Caius College,  MS 73/40, ff. 162r–164v</ref>
                    </bibl>
                    <bibl>
                        <ref type="ms" target="../mss/SheffA_WWMMS8.xml">Sheffield Archives,  WWM/MS/8, ff. 151r–154r</ref>
                    </bibl>
                    <bibl>
                        <ref type="ms" target="../mss/Woburn_Abbey_MS_4E60.xml">Woburn Abbey,  MS 4E-60, ff. 231–227</ref>
                    </bibl>
                </listBibl>
            <listBibl xml:id="C17_print_witness">
               <bibl>
                  <author>Robert Cotton</author>
                  <title>Cottoni Posthuma</title>
                  <date when="1651">1651</date>
                  <biblScope unit="page" from="201" to="217">201-217</biblScope>
                  <biblScope unit="sigs" from="O6r" to="P5r">O6r-P5r</biblScope>
               </bibl>
               <bibl>
                  <author>Robert Cotton</author>
                  <title>Cottoni Posthuma</title>
                  <date when="1672">1672</date>
                  <biblScope unit="page" from="203" to="217">203-217</biblScope>
                  <biblScope unit="sigs" from="O6r" to="P5r">O6r-P5r</biblScope>
               </bibl>
               <bibl>
                  <author>Robert Cotton</author>
                  <title>Cottoni Posthuma</title>
                  <date when="1679">1679</date>
                  <biblScope unit="page" from="203" to="217">203-217</biblScope>
                  <biblScope unit="sigs" from="O5r" to="P4r">O5r-P4r</biblScope>
               </bibl>
            </listBibl>
            <listBibl xml:id="selected_criticism">
               <bibl type="article">
                  <author>
                     <persName>Marc L. Schwarz</persName>
                  </author>
                  <title level="a">"Twenty-Four Arguments": Sir Robert Cotton Confronts the Catholics and the Church of England</title>
                  <title level="j">Albion</title>
                  <biblScope unit="volume">8</biblScope>
                  <biblScope unit="number">1</biblScope>
                  <date>1976</date>
                  <biblScope unit="page" from="35" to="49">35-49</biblScope>
               </bibl>
            </listBibl>
         </sourceDesc>
      </fileDesc>
      <profileDesc>
         <abstract>
            <p/>
         </abstract>
         <creation>
            <date when="1606">1606?</date>
            <placeName/>
         </creation>
         <textClass>
            <keywords n="text-type">
               <term/>
            </keywords>
         </textClass>
         <textClass>
            <keywords n="topic-keyword">
               <term/>
            </keywords>
         </textClass>
      </profileDesc>
      <encodingDesc>
         <editorialDecl>
            <p/>
         </editorialDecl>
      </encodingDesc>
      <revisionDesc>
         <listChange>
            <change when="2018-07-05" who="#RB" status="placeholder"/>
         </listChange>
      </revisionDesc>
   </teiHeader>
   <text>
      <body>
         <p/>
      </body>
   </text>
</TEI>