<TEI xmlns="http://www.tei-c.org/ns/1.0" xmlns:xi="http://www.w3.org/2001/XInclude">
   <teiHeader>
      <fileDesc>
         <titleStmt>
            <title>That the Sovereign's Person Is Required in the Great Councils or Assemblies of the State, as well the Consultations as at the Conclusionss</title>
            <author>
               <persName corresp="../people/people.xml#P0001">Sir Robert Cotton</persName>
            </author>
            <respStmt xml:id="NM">
               <name>Noah Millstone</name>
               <resp>Principal Investigator MPESE</resp>
            </respStmt>
            <respStmt xml:id="SV">
               <name>Sebastiaan Verweij</name>
               <resp>Co-Investigator MPESE</resp>
            </respStmt>
            <respStmt xml:id="RB">
               <name>Richard Bell</name>
               <resp>Research Associate</resp>
            </respStmt>
            <respStmt xml:id="MJ">
               <name>Mike Jones</name>
               <resp>Research Software Engineer</resp>
            </respStmt>
         </titleStmt>
         <publicationStmt xml:id="mpese_pubstat">
            <publisher>Manuscript Pamphleteering in Early Stuart England (MPESE)</publisher>
            <date when="2017">2017</date>
         </publicationStmt>
         <sourceDesc>
            <listBibl xml:id="mss_witness">
               <bibl>
               </bibl>
            </listBibl>
                <listBibl xml:id="mss_witness_generated">
                    <bibl>
                        <ref type="ms" target="../mss/BLHarleyMS1858.xml">British Library, Harley MS 1858, ff. 96r–108v</ref>
                    </bibl>
                    <bibl>
                        <ref type="ms" target="../mss/BLLansdowneMS254.xml">British Library, Lansdowne MS 254, ff. 253r–256v</ref>
                    </bibl>
                    <bibl>
                        <ref type="ms" target="../mss/BLLansdowneMS811.xml">British Library, Lansdowne MS 811, ff. 158x–175*x</ref>
                    </bibl>
                    <bibl>
                        <ref type="ms" target="../mss/Bodl_MS_Dugdale_51.xml">Bodleian Library,  MS Dugdale 51, ff. 184r–198v</ref>
                    </bibl>
                    <bibl>
                        <ref type="ms" target="../mss/Bodl_MS_Eng_hist_c_51.xml">Bodleian Library,  MS Eng. hist. c. 51, ff. 8r–18v</ref>
                    </bibl>
                    <bibl>
                        <ref type="ms" target="../mss/Houghton_fMS_Eng_919.xml">Houghton Library,  fMS Eng 919, item 1, pp14</ref>
                    </bibl>
                    <bibl>
                        <ref type="ms" target="../mss/Woburn_Abbey_MS_198.xml">Woburn Abbey,  MS 198, pp268–280*</ref>
                    </bibl>
                </listBibl>
            <listBibl xml:id="C17_print_witness">
               <bibl>
                  <author>
                     <persName corresp="../people/people.xml#P0001">Robert Cotton
                     </persName>
                  </author>
                  <title>A treatise, shewing that the soveraignes  person is required in the great councells or assemblies of the state, as well at  the consultations as at the conclusions</title>
                  <idno type="Wing">C6503</idno>
                  <date when="1642">1651</date>
               </bibl>
               <bibl>
                  <author>Robert Cotton</author>
                  <title>Cottoni Posthuma</title>
                  <date when="1651">1651</date>
                  <biblScope unit="page" from="41" to="57">41-57</biblScope>
                  <biblScope unit="sigs" from="D5r" to="E5r">D5r-E5r</biblScope>
               </bibl>
               <bibl>
                  <author>Robert Cotton</author>
                  <title>Cottoni Posthuma</title>
                  <date when="1672">1672</date>
                  <biblScope unit="page" from="41" to="57">41-57</biblScope>
                  <biblScope unit="sigs" from="D5r" to="E5r">D5r-E5r</biblScope>
               </bibl>
               <bibl>
                  <author>Robert Cotton</author>
                  <title>Cottoni Posthuma</title>
                  <date when="1679">1679</date>
                  <biblScope unit="page" from="41" to="57">41-57</biblScope>
                  <biblScope unit="sigs" from="D5r" to="E5r">D5r-E5r</biblScope>
               </bibl>
            </listBibl>
         </sourceDesc>
      </fileDesc>
      <profileDesc>
         <abstract>
            <p/>
         </abstract>
         <creation>
            <date/>
            <placeName/>
         </creation>
         <textClass>
            <keywords n="text-type">
               <term/>
            </keywords>
         </textClass>
         <textClass>
            <keywords n="topic-keyword">
               <term/>
            </keywords>
         </textClass>
      </profileDesc>
      <encodingDesc>
         <editorialDecl>
            <p/>
         </editorialDecl>
      </encodingDesc>
      <revisionDesc>
         <listChange>
            <change when="2018-07-05" who="#RB" status="placeholder"/>
         </listChange>
      </revisionDesc>
   </teiHeader>
   <text>
      <body>
         <p/>
      </body>
   </text>
</TEI>