<TEI xmlns="http://www.tei-c.org/ns/1.0" xmlns:xi="http://www.w3.org/2001/XInclude">
   <teiHeader>
      <fileDesc>
         <titleStmt>
            <title>That the Kings of England have been pleased usually to consult with their peers in the great Council, and the Commons in Parliament of Marriage, Peace and War</title>
            <author>
               <persName corresp="../people/people.xml#P0001">Sir Robert Cotton</persName>
            </author>
            <respStmt xml:id="NM">
               <name>Noah Millstone</name>
               <resp>Principal Investigator MPESE</resp>
            </respStmt>
            <respStmt xml:id="SV">
               <name>Sebastiaan Verweij</name>
               <resp>Co-Investigator MPESE</resp>
            </respStmt>
            <respStmt xml:id="RB">
               <name>Richard Bell</name>
               <resp>Research Associate</resp>
            </respStmt>
            <respStmt xml:id="MJ">
               <name>Mike Jones</name>
               <resp>Research Software Engineer</resp>
            </respStmt>
         </titleStmt>
         <publicationStmt xml:id="mpese_pubstat">
            <publisher>Manuscript Pamphleteering in Early Stuart England (MPESE)</publisher>
            <date when="2017">2017</date>
         </publicationStmt>
         <sourceDesc>
            <listBibl xml:id="mss_witness">
               <bibl>
               </bibl>
            </listBibl>
                <listBibl xml:id="mss_witness_generated">
                    <bibl>
                        <ref type="ms" target="../mss/Alnwick_Castle_MS_556.xml">Alnwick Castle,  MS 556, pp3–18</ref>
                    </bibl>
                    <bibl>
                        <ref type="ms" target="../mss/BLAddMS48101.xml">British Library, Additional MS 48101, ff. 141r–163x</ref>
                    </bibl>
                    <bibl>
                        <ref type="ms" target="../mss/BLHarleyMS444.xml">British Library, Harley MS 444, ff. 144r–161r</ref>
                    </bibl>
                    <bibl>
                        <ref type="ms" target="../mss/BLHarleyMS737.xml">British Library, Harley MS 737, ff. 151r–158v</ref>
                    </bibl>
                    <bibl>
                        <ref type="ms" target="../mss/BL_Add_MS_50198.xml">British Library, Additional MS 50198, ff. 1r–20r</ref>
                    </bibl>
                    <bibl>
                        <ref type="ms" target="../mss/BL_Hargrave_MS_225.xml">British Library, Hargrave MS 225, ff. 67r–90r</ref>
                    </bibl>
                    <bibl>
                        <ref type="ms" target="../mss/BL_Harley_MS_158.xml">British Library, Harley MS 158, ff. 197r–v</ref>
                    </bibl>
                    <bibl>
                        <ref type="ms" target="../mss/Beinecke_OSB_MSS_28.xml">Beinecke Library, OSB MSS 28, Box 1, Folder 15, item 16, ff.265r–271v</ref>
                    </bibl>
                    <bibl>
                        <ref type="ms" target="../mss/Beinecke_Osborn_File_6138.xml">Beinecke Library, Osborn File 6138</ref>
                    </bibl>
                    <bibl>
                        <ref type="ms" target="../mss/Beinecke_Osborn_b22.xml">Beinecke Library, Osborn b22, ff. 187r–204v</ref>
                    </bibl>
                    <bibl>
                        <ref type="ms" target="../mss/Bodl_MS_Arch_Seld_B_8.xml">Bodleian Library,  MS Arch. Seld. B. 8, ff. 65–83</ref>
                    </bibl>
                    <bibl>
                        <ref type="ms" target="../mss/Bodl_MS_Carte_119.xml">Bodleian Library,  MS Carte 119, ff. 26r–55v</ref>
                    </bibl>
                    <bibl>
                        <ref type="ms" target="../mss/Bodl_MS_Rawlinson_D_718.xml">Bodleian Library,  MS Rawlinson D 718, ff. 152–164</ref>
                    </bibl>
                    <bibl>
                        <ref type="ms" target="../mss/Bodl_MS_Tanner_394.xml">Bodleian Library,  MS Tanner 394, ff. 1r–26v</ref>
                    </bibl>
                    <bibl>
                        <ref type="ms" target="../mss/Bodl_MS_Willis_57.xml">Bodleian Library,  MS Willis 57, ff. 473r–486r</ref>
                    </bibl>
                    <bibl>
                        <ref type="ms" target="../mss/CRO_EL_MS_6558.xml">Cornwall Record Office,  EL MS 655/8, ff. 2r–22r</ref>
                    </bibl>
                    <bibl>
                        <ref type="ms" target="../mss/CRO_EL_MS_6558.xml">Cornwall Record Office,  EL MS 655/8, ff. 83r–91r</ref>
                    </bibl>
                    <bibl>
                        <ref type="ms" target="../mss/CUL_MS_Dd1335.xml">Cambridge University Library,  MS Dd.13.35, ff. 41r–50v</ref>
                    </bibl>
                    <bibl>
                        <ref type="ms" target="../mss/CUL_MS_Ee232.xml">Cambridge University Library,  MS Ee.2.32, ff. 285r–292v</ref>
                    </bibl>
                    <bibl>
                        <ref type="ms" target="../mss/Harvard_Law_School_MS_1039.xml">Harvard Law School,  MS 1039</ref>
                    </bibl>
                    <bibl>
                        <ref type="ms" target="../mss/LPL_MS_251.xml">Lambeth Palace Library,  MS 251, ff. 220r–229v</ref>
                    </bibl>
                    <bibl>
                        <ref type="ms" target="../mss/PA_HC_LB_1_5.xml">Parliamentary Archives,  HC/LB/1/5, ff10</ref>
                    </bibl>
                    <bibl>
                        <ref type="ms" target="../mss/Queens_College_Oxford_MS_172.xml">Queen's College,  MS 172, ff. 169x–187x</ref>
                    </bibl>
                </listBibl>
            <listBibl xml:id="C17_print_witness">
               <bibl>
                  <author>
                     <persName corresp="../people/people.xml#P0001">Robert Cotton
                     </persName>
                  </author>
                  <title>The Forme of Governement of the Kingdome of England</title>
                  <idno type="Wing">C6492</idno>
                  <date when="1642">1642</date>
               </bibl>
               <bibl>
                  <author>Robert Cotton</author>
                  <title>Cottoni Posthuma</title>
                  <date when="1651">1651</date>
                  <biblScope unit="page" from="11" to="39">11-39</biblScope>
                  <biblScope unit="sigs" from="B6r" to="D4v">B6r-D4r</biblScope>
               </bibl>
               <bibl>
                  <author>Robert Cotton</author>
                  <title>Cottoni Posthuma</title>
                  <date when="1672">1672</date>
                  <biblScope unit="page" from="11" to="39">11-39</biblScope>
                  <biblScope unit="sigs" from="B6r" to="D4v">B6r-D4r</biblScope>
               </bibl>
               <bibl>
                  <author>Robert Cotton</author>
                  <title>Cottoni Posthuma</title>
                  <date when="1679">1679</date>
                  <biblScope unit="page" from="11" to="39">11-39</biblScope>
                  <biblScope unit="sigs" from="B6r" to="D4v">B6r-D4r</biblScope>
               </bibl>
               <bibl>
                  <author>
                     <persName corresp="../people/people.xml#P0001">Robert Cotton
                     </persName>
                  </author>
                  <title>The Antiquity and Dignity of Parliaments</title>
                  <idno type="Wing">C6481</idno>
                  <date when="1679">1679</date>
               </bibl>
               
               <bibl>
                  <author>
                     <persName corresp="../people/people.xml#P0001">Robert Cotton
                     </persName>
                  </author>
                  <title>The Antiquity and Dignity of Parliaments</title>
                  <idno type="Wing">C6482</idno>
                  <date when="1680">1680</date>
               </bibl>
            </listBibl>
            <listBibl xml:id="modern_print_witness">
               <bibl>
                  <title type="shorttitle">The Harleian Miscellany</title>
                  <edition>1st ed.</edition> 
                  <biblScope unit="volume">2</biblScope>
                  <biblScope unit="page" from="114" to="122">114-122</biblScope>
               </bibl>
               <bibl>
                  <title type="shorttitle">Somers Tracts</title>
                  <edition>2nd ed.</edition> 
                  <biblScope unit="volume">4</biblScope>
                  <biblScope unit="page" from="121" to="128">121-128</biblScope>
               </bibl>
            </listBibl>
         </sourceDesc>
      </fileDesc>
      <profileDesc>
         <abstract>
            <p/>
         </abstract>
         <creation>
            <date when="1624-02">February 1624</date>
            <placeName/>
         </creation>
         <textClass>
            <keywords n="text-type">
               <term/>
            </keywords>
         </textClass>
         <textClass>
            <keywords n="topic-keyword">
               <term/>
            </keywords>
         </textClass>
      </profileDesc>
      <encodingDesc>
         <editorialDecl>
            <p/>
         </editorialDecl>
      </encodingDesc>
      <revisionDesc>
         <listChange>
            <change when="2018-07-05" who="#RB" status="placeholder"/>
         </listChange>
      </revisionDesc>
   </teiHeader>
   <text>
      <body>
         <p/>
      </body>
   </text>
</TEI>