<TEI xmlns="http://www.tei-c.org/ns/1.0" xmlns:xi="http://www.w3.org/2001/XInclude">
   <teiHeader>
      <fileDesc>
         <titleStmt>
            <title>Curse of Sherborne</title>
            <author/>
            <respStmt xml:id="NM">
               <name>Noah Millstone</name>
               <resp>Principal Investigator MPESE</resp>
            </respStmt>
            <respStmt xml:id="SV">
               <name>Sebastiaan Verweij</name>
               <resp>Co-Investigator MPESE</resp>
            </respStmt>
            <respStmt xml:id="RB">
               <name>Richard Bell</name>
               <resp>Research Associate</resp>
            </respStmt>
            <respStmt xml:id="MJ">
               <name>Mike Jones</name>
               <resp>Research Software Engineer</resp>
            </respStmt>
         </titleStmt>
         <publicationStmt xml:id="mpese_pubstat">
            <publisher>Manuscript Pamphleteering in Early Stuart England (MPESE)</publisher>
            <date when="2017">2017</date>
         </publicationStmt>
         <sourceDesc>
            <listBibl xml:id="mss_witness">
               <bibl>
               </bibl>
            </listBibl>
                <listBibl xml:id="mss_witness_generated">
                    <bibl>
                        <ref type="ms" target="../mss/Alnwick_Castle_MS_556.xml">Alnwick Castle,  MS 556, pp1–2</ref>
                    </bibl>
                    <bibl>
                        <ref type="ms" target="../mss/BLAddMS72407.xml">British Library, Additional MS 72407, ff. 124r–125v</ref>
                    </bibl>
                    <bibl>
                        <ref type="ms" target="../mss/BLHarleyMS852.xml">British Library, Harley MS 852, ff. 40r–v</ref>
                    </bibl>
                    <bibl>
                        <ref type="ms" target="../mss/BL_Harley_MS_738.xml">British Library, Harley MS 738, f. 345r</ref>
                    </bibl>
                    <bibl>
                        <ref type="ms" target="../mss/CUL_MS_Gg129.xml">Cambridge University Library,  MS Gg.1.29, reversing the volume, 80r–82r</ref>
                    </bibl>
                    <bibl>
                        <ref type="ms" target="../mss/TNA_SP_14_82.xml">The National Archives,  SP 14/82, /131 [ff.202r–v]</ref>
                    </bibl>
                </listBibl>
         </sourceDesc>
      </fileDesc>
      <profileDesc>
         <abstract>
            <p/>
         </abstract>
         <creation>
            <date when="1622">1622?</date>
            <placeName/>
         </creation>
         <textClass>
            <keywords n="text-type">
               <term/>
            </keywords>
         </textClass>
         <textClass>
            <keywords n="topic-keyword">
               <term/>
            </keywords>
         </textClass>
      </profileDesc>
      <encodingDesc>
         <editorialDecl>
            <p/>
         </editorialDecl>
      </encodingDesc>
      <revisionDesc>
         <listChange>
            <change when="2018-07-05" who="#RB" status="placeholder"/>
         </listChange>
      </revisionDesc>
   </teiHeader>
   <text>
      <body>
         <p/>
      </body>
   </text>
</TEI>