<TEI xmlns="http://www.tei-c.org/ns/1.0" xmlns:xi="http://www.w3.org/2001/XInclude">
   <teiHeader>
      <fileDesc>
         <titleStmt>
            <title>Declaration of the Diggers of Warwickshire</title>
            <author/>
            <respStmt xml:id="NM">
               <name>Noah Millstone</name>
               <resp>Principal Investigator MPESE</resp>
            </respStmt>
            <respStmt xml:id="SV">
               <name>Sebastiaan Verweij</name>
               <resp>Co-Investigator MPESE</resp>
            </respStmt>
            <respStmt xml:id="RB">
               <name>Richard Bell</name>
               <resp>Research Associate</resp>
            </respStmt>
            <respStmt xml:id="VA">
                    <name>Victoria Anker</name>
                    <resp>BRIHC Research Impact Fellow</resp>
                </respStmt>
            <respStmt xml:id="MJ">
               <name>Mike Jones</name>
               <resp>Research Software Engineer</resp>
            </respStmt>
         </titleStmt>
         <publicationStmt xml:id="mpese_pubstat">
            <publisher>Manuscript Pamphleteering in Early Stuart England (MPESE)</publisher>
            <date when="2017">2017</date>
         </publicationStmt>
         <sourceDesc>
            
            <msDesc corresp="../mss/BLHarleyMS787.xml">
               <msIdentifier xml:id="BL_Harley_MS_787">
                <country>United Kingdom</country>
                <settlement>London</settlement>
                <repository>British Library</repository>
                <collection>Harley</collection>
                <idno>MS 787</idno>
                <msName>Papers found in William Dell's study, Laud's secretary</msName>
             </msIdentifier>
                    <p xml:id="ms-label-generated">British Library, Harley MS 787</p>
            </msDesc>
            
            <listBibl xml:id="mss_witness">
               <bibl>
               </bibl>
            </listBibl>
                <listBibl xml:id="mss_witness_generated"/>
         </sourceDesc>
      </fileDesc>
      <profileDesc>
         <abstract>
                <p/>
            </abstract>
         <creation>
            <date when="1607">1607</date>
            <placeName corresp="../places/places.xml#PL0044">Hampton Field, Warwickshire</placeName>
         </creation>
         <langUsage>
            <language ident="EN">English</language>
         </langUsage>
         <textClass>
            <keywords n="text-type">
               <term>declaration</term>
               <term>letter</term>
            </keywords>
         </textClass>
         <textClass>
            <keywords n="topic-keyword">
               <term>enclosure</term>
               <term>riots</term>
               <term>Midlands Revolt</term>
            </keywords>
         </textClass>
      </profileDesc>
      <encodingDesc>
         <editorialDecl>
            <p/>
         </editorialDecl>
      </encodingDesc>
      <revisionDesc>
         <listChange>
            <change when="2018-08-01" who="#RB" status="draft"/>
            <change when="2018-08-01" who="#RB" status="transcribed"/>
         </listChange>
      </revisionDesc>
   </teiHeader>
   <text>
      <body>
         
         <pb n="9v"/>
         <head rend="align-centre">
            The Diggers of Warwickshire to <lb/>
            all other Diggers
         </head>
         <p>
            Louing Freinds &amp; Subjects all under one renowned Prince, for <lb/>
            whom we pray longe to continue in his most Royall estate to the <lb/>
            <add place="LM">X</add>
            subuerting of all those Subjects of what degree soeuer <ex>tha</ex>t haue or <lb/>
            would depriue his most true harted Com<ex>m</ex>unalty both from life and <lb/>
            lyuinge. Wee as members of <ex>th</ex>e whole doe feele <ex>th</ex>e smart of these <lb/>
            incroaching Tirants, w<ex>hi</ex>ch would grinde our flesh upon <ex>th</ex>e whetstone <lb/>
            of pouerty, &amp; make our loyall hearts to faint w<ex>i</ex>th breathing, so <ex>tha</ex>t <lb/>
            they may dwell by themselues in <ex>th</ex>e midst of theyr Heards of fatt wea=<lb break="no"/>
            thers. It is not unknowne unto yo<ex>u</ex>r selues <ex>th</ex>e reason why these mer-<lb break="no"/>
            cyless men doe resist w<ex>i</ex>th force ag<ex>ain</ex>st our good intents. It is not for <lb/>
            <ex>th</ex>e good of our most gracious Sou<ex>er</ex>aigne, whom we pray God <ex>tha</ex>t longe he <lb/>
            may reygne amongst us, neyther for <ex>th</ex>e benefitt of <ex>th</ex>e Communalty <lb/>
            but onely for theyr owne priuate gaine, for there is none of <ex>the</ex>m but doe <lb/>
            tast <ex>th</ex>e sweetness of our wantes. They haue depopulated &amp; ouerthrown <lb/>
            whole Townes, &amp; made thereof Sheep pastures nothing profitable for <lb/>
            our Com<ex>m</ex>onwealth. For <ex>th</ex>e com<ex>m</ex>on Fields being layd open would yeeld <lb/>
            us much com<ex>m</ex>odity, besides <ex>th</ex>e increase of Corne, on w<ex>hi</ex>ch standes our <lb/>
            life. But if it should please God to w<ex>i</ex>thdrawe his blessing in not pros=<lb break="no"/>
            pering <ex>th</ex>e fruites of <ex>th</ex>e Earth but one yeare (w<ex>hi</ex>ch God forbidd) there would <lb/>
            a worse &amp; more fearfull dearth happen then did in K<ex>ing</ex> Ed<ex>ward</ex> <ex>th</ex>e seconds tyme <lb/>
            when people were forced to eat Catts &amp; Doggs flesh, &amp; women to eate <lb/>
            theyr owne children. Much more wee could giue you to understand, <lb/>
            but wee are perswaded <ex>tha</ex>t you your selues feele a part of our grei=<lb break="no"/>
            uances, &amp; therfore need not open <ex>th</ex>e matter any plainer. But if you <lb/>
            happen to shew your force &amp; might ag<ex>ain</ex>st us, wee for our partes neither <lb/>
            respect life nor lyuinge; for better it were in such case wee man=<lb break="no"/>
            fully dye, then hereafter to be pined to death for want of <ex>tha</ex>t w<ex>hi</ex>ch these <lb/>
            deuouring Encroachers doe serue theyr fatt Hogges &amp; Sheep withall. <lb/>
            For God hath bestowed upon us most bountifull &amp; innumerable blessings <lb/>
            &amp; <ex>th</ex>e cheifest is our most gracious &amp; Religious Kinge, who doth and <lb/>
            will glory in <ex>th</ex>e flourishing estate of his Com<ex>m</ex>unalty. And soe wee leaue <lb/>
            you, com<ex>m</ex>ending you to <ex>th</ex>e surhold &amp; safeguard of <ex>th</ex>e mighty Iehoua, both <lb/>
            nowe &amp; euermore. <space extent="5" unit="chars"/> From Hampton field in hast.
         </p>
         <p rend="align-right">
            Wee rest as poore Deluers &amp; Day labourers <lb/>
            for <ex>th</ex>e good of <ex>th</ex>e Com<ex>m</ex>onwelth till death.
         </p>
         <p rend="align-right">
            A. B. C. D. &amp;c/.
         </p>
      </body>
   </text>
</TEI>