<TEI xmlns="http://www.tei-c.org/ns/1.0" xmlns:xi="http://www.w3.org/2001/XInclude">
   <teiHeader>
      <fileDesc>
         <titleStmt>
            <title>Letter to James I Concerning a Supposed Scandal Touching the Countess of Nottingham</title>
            <author>
               <persName corresp="../people/people.xml#P0123">Christian IV, King of Denmark</persName>
            </author>
            <respStmt xml:id="NM">
               <name>Noah Millstone</name>
               <resp>Principal Investigator MPESE</resp>
            </respStmt>
            <respStmt xml:id="SV">
               <name>Sebastiaan Verweij</name>
               <resp>Co-Investigator MPESE</resp>
            </respStmt>
            <respStmt xml:id="RB">
               <name>Richard Bell</name>
               <resp>Research Associate</resp>
            </respStmt>
                <respStmt xml:id="VA">
                    <name>Victoria Anker</name>
                    <resp>BRIHC Research Impact Fellow</resp>
                </respStmt>
            <respStmt xml:id="MJ">
               <name>Mike Jones</name>
               <resp>Research Software Engineer</resp>
            </respStmt>
            <respStmt xml:id="TW">
               <name>Tim Wales</name>
               <resp>Research Assistant</resp>
            </respStmt>
         </titleStmt>
         <publicationStmt xml:id="mpese_pubstat">
            <publisher>Manuscript Pamphleteering in Early Stuart England (MPESE)</publisher>
            <date when="2017">2017</date>
         </publicationStmt>
         <sourceDesc>
            
            <msDesc corresp="../mss/BLAddMS4149.xml">
               <msIdentifier xml:id="BL_Add_MS_4149">
                <country>United Kingdom</country>
                <settlement>London</settlement>
                <repository>British Library</repository>
                <collection>Additional</collection>
                <idno>MS 4149</idno>
                <msName/>
             </msIdentifier>
                    <p xml:id="ms-label-generated">British Library, Additional MS 4149</p>
            </msDesc>
                <listBibl xml:id="mss_witness_generated"/>
         </sourceDesc>
      </fileDesc>
      <profileDesc>
         <abstract>
                <p/>
            </abstract>
         <creation>
            <date when="1606-08-14">14 August 1606</date>
            <placeName/>
         </creation>
         <langUsage>
            <language ident="EN">English</language>
            <language ident="LA">Latin</language>
         </langUsage>
         <textClass>
            <keywords n="text-type">
               <term>letter</term>
            </keywords>
         </textClass>
         <textClass>
            <keywords n="topic-keyword">
               <term>diplomacy</term>
               <term>court scandal</term>
            </keywords>
         </textClass>
      </profileDesc>
      <encodingDesc>
         <editorialDecl>
            <p/>
         </editorialDecl>
      </encodingDesc>
      <revisionDesc>
         <listChange>
            <change when="2018-04-25" who="#RB" status="draft"/>
            <change when="2018-04-17" who="#TW" status="transcribed"/>
         </listChange>
      </revisionDesc>
   </teiHeader>
   <text>
      <body>
         <pb n="183r" facs="/bl/add_ms_4149_part/add_ms_4149_f183r/add_ms_4149_f183r.jpg"/>
         <head rend="align-centre">
               <hi rend="italic">
                  The Kinge of Denmarcke to his Ma<ex>jes</ex>tie the <lb/>
                  xiiij of Aug<ex>ust</ex>:1606: From Shipboarde <lb/>
                  Concerninge a Supposed Scandall touch=<lb break="no"/>
                  inge the Countesse of Nottingham: /
               </hi>
         </head>
         <p>
            <foreign xml:lang="la">
               Serenissine Princeps, frater Charissime, Nolo <lb/>
               nunc repetere gratiaru<ex>m</ex> Actiones pro omni fra=<lb break="no"/>
               terna benevolenti Mihi prestata, sed quicquid <lb/>
               eiusmodi restat ad aliud Comodius tempus reser=<lb break="no"/>
               vabo, Nunc autem quia sub velis sum, hoc nomine <lb/>
               tantum paucis et brevissitesse Me tibi gratias <lb/>
               Ago, quod me de negotio isto ad d<add place="above">o</add>m<ex>ini</ex> Admirallij <lb/>
               Coniugem pertinente Certiorem reddere et tam <lb/>
               fraterne per Nobilem Vicum presentiu<ex>m</ex> Latorem <lb/>
               Mo<unclear>u</unclear>ere volueris; (vt scias, Charissimo frater; q<ex>uo</ex>d <lb/>
               quicunq<ex>ue</ex> is sit qui protulit, quod ego Contra  <lb/>
               honorem, <unclear>existrinaconem</unclear>, seu dignitatem, vel Ad- <lb/>
               mirallij, vel Coniugis vnquam quicquam dixe<unclear>rim</unclear>, <lb/>
               ipsum Levissima Curiositate, et Malitia ea Con=<lb break="no"/>
               fuixisse, et (sit honor A<unclear>n</unclear>cibus tuis) Comentitum <lb/>
               esse, Nam ne Cogitavi quidem, Multo Minus dixi <lb/>
               vnquam, quæ honorem sive existimacon<ex>n</ex>em ipsorum  <lb/>
               vel Lædere vel imminuere, Imo de ipsa ipsius Con=<lb break="no"/>
               iuge ita sentio, <del rend="strikethrough">quie</del> quem admodum de illustri, <lb/>
               Nobili et Honesta Matrona Merito fieri debet, <lb/>
               dolet autem Mihi vehementer, quod nunc sub dis- <lb/>
               cessum Meum ita falso <unclear>insimulari</unclear>, ac traduci de=<lb break="no"/>
               beam, A te autem frater Amantissime, fraterne
               <fw type="catch" place="bot-right">peto: / .</fw>
               <pb n="183v" facs="/bl/add_ms_4149_part/add_ms_4149_f183v/add_ms_4149_f183v.jpg"/>
               peto, vt d<ex>omi</ex>n<ex>u</ex>s Admiralius ipsiusq<ex>ue</ex> Coniun<unclear>x</unclear> hanc <lb/>
               Meam declaracon<ex>n</ex>em <unclear>Specte</unclear>, ac expresse intelli=<lb break="no"/>
               gant, Meq<ex>ue</ex> excusatu<ex>m</ex> <unclear>h<ex>ab</ex>eant</unclear>, forte Malevoli sunt <lb/>
               homines qui Nobis o<ex>mn</ex>ibus ab utraq<ex>ue</ex> parte illam <lb/>
               animoru<ex>m</ex> Mutuam Coniunctionem invident, quam <lb/>
               inter nos <unclear>cæptam</unclear> esse toto hoc tempore animadver=<lb break="no"/>
               terunt, eamq<ex>ue</ex> Libenter turbarent, ac everterent,  <lb/>
               si qua racon<ex>n</ex>e, vel Mendacijs quibuscunq<ex>ue</ex> excogi=<lb break="no"/>
               tatis, seu Calumijs disseminatis id efficere <lb/>
               possent; Tu vero, Chariss<unclear>:</unclear> frater, dominu<ex>m</ex> <lb/>
               Admirallium Confirmabis, omnesq<ex>ue</ex> suos a me <lb/>
               o<unclear>
                        <ex>mn</ex>
                    </unclear>em favorem, ac Benvolenciam, quacunq<ex>ue</ex> oc=<lb break="no"/>
               casione oblata, indubitato expectare inbebis, quod <lb/>
               si faciat, Numquam fullam opinionem eius, Neq<ex>ue</ex> <lb/>
               enim aliud de Me meritus est, Tibi nunc Charis=<lb break="no"/>
               sime frater, o<ex>mn</ex>ia amoris fratrem officia, ac Iu=<lb break="no"/>
               dicia toto Corde defeco, teq<ex>ue</ex> cum Amantiss: Con=<lb break="no"/>
               iuge, et Liberis, Sorore, ac Nepotibus meis sua=<lb break="no"/>
               vissimus diu fæliciter vivere ac valere opto, <lb/>
               Raptim ac Celeri Mana, ex Navi mea: xiiijo <lb/>
               Augusti: Anno D<ex>omi</ex>ni: 1606: :
            </foreign>
         </p>
         <p rend="align-right">
            <foreign xml:lang="la">
               Frater tuus Fideliss<unclear>
                        <ex/>
                    </unclear>, qua<ex>m</ex>diu <lb/>
               vi<unclear>u</unclear>o: Chr. R: /
            </foreign>
         </p>
      </body>
   </text>
   <facsimile>
      <graphic n="1" url="/bl/add_ms_4149_part/add_ms_4149_f183r/add_ms_4149_f183r.jpg"/>
      <graphic n="2" url="/bl/add_ms_4149_part/add_ms_4149_f183v/add_ms_4149_f183v.jpg"/>
   </facsimile>
</TEI>