<TEI xmlns="http://www.tei-c.org/ns/1.0" xmlns:xi="http://www.w3.org/2001/XInclude">
   <teiHeader>
      <fileDesc>
         <titleStmt>
            <title>Speech at the Creation of Sir Henry Mountagu, with Mountagu’s Answer</title>
            <author>
               <persName corresp="../people/people.xml#P0114">Thomas Egerton, Lord Chancellor Ellesmere</persName>
            </author>
            <author>
               <persName corresp="../people/people.xml#P0067">Sir Henry Mountagu</persName>
            </author>
            <respStmt xml:id="NM">
               <name>Noah Millstone</name>
               <resp>Principal Investigator MPESE</resp>
            </respStmt>
            <respStmt xml:id="SV">
               <name>Sebastiaan Verweij</name>
               <resp>Co-Investigator MPESE</resp>
            </respStmt>
            <respStmt xml:id="RB">
               <name>Richard Bell</name>
               <resp>Research Associate</resp>
            </respStmt>
            <respStmt xml:id="MJ">
               <name>Mike Jones</name>
               <resp>Research Software Engineer</resp>
            </respStmt>
         </titleStmt>
         <publicationStmt xml:id="mpese_pubstat">
            <publisher>Manuscript Pamphleteering in Early Stuart England (MPESE)</publisher>
            <date when="2017">2017</date>
         </publicationStmt>
         <sourceDesc>
            <listBibl xml:id="mss_witness">
               <bibl>
               </bibl>
            </listBibl>
                <listBibl xml:id="mss_witness_generated">
                    <bibl>
                        <ref type="ms" target="../mss/BLAddMS40838.xml">British Library, Additional MS 40838, ff. 18r–19r</ref>
                    </bibl>
                    <bibl>
                        <ref type="ms" target="../mss/BLAddMS69394.xml">British Library, Additional MS 69394, ff. 27v–28r</ref>
                    </bibl>
                    <bibl>
                        <ref type="ms" target="../mss/BLCottonMSTitusCVII.xml">British Library, Cotton MS Titus C VII, ff. 45r–46v</ref>
                    </bibl>
                    <bibl>
                        <ref type="ms" target="../mss/BLEgertonMS3876.xml">British Library, Egerton MS 3876, ff. 223r–225r</ref>
                    </bibl>
                    <bibl>
                        <ref type="ms" target="../mss/BLHarleyMS1576.xml">British Library, Harley MS 1576, ff. 83v–85v</ref>
                    </bibl>
                    <bibl>
                        <ref type="ms" target="../mss/BLHarleyMS1877.xml">British Library, Harley MS 1877, ff. 68v–69r</ref>
                    </bibl>
                    <bibl>
                        <ref type="ms" target="../mss/BLHarleyMS39.xml">British Library, Harley MS 39, ff. 291r–295r</ref>
                    </bibl>
                    <bibl>
                        <ref type="ms" target="../mss/BLLansdowneMS157.xml">British Library, Lansdowne MS 157, ff. 97r–98v</ref>
                    </bibl>
                    <bibl>
                        <ref type="ms" target="../mss/BL_Add_MS_34217.xml">British Library, Additional MS 34217, f. 6v</ref>
                    </bibl>
                    <bibl>
                        <ref type="ms" target="../mss/BL_Harley_MS_703.xml">British Library, Harley MS 703, ff. 160r–v</ref>
                    </bibl>
                    <bibl>
                        <ref type="ms" target="../mss/BL_Lansdowne_MS_165.xml">British Library, Lansdowne MS 165, ff. 352r–356x</ref>
                    </bibl>
                    <bibl>
                        <ref type="ms" target="../mss/BL_Stowe_MS_156.xml">British Library, Stowe MS 156, ff. 46r–50r</ref>
                    </bibl>
                    <bibl>
                        <ref type="ms" target="../mss/Beinecke_OSB_MSS_28.xml">Beinecke Library, OSB MSS 28, Box 2, Folder 17, item 22, 341r–348r</ref>
                    </bibl>
                    <bibl>
                        <ref type="ms" target="../mss/Bodl_MS_Ashmole_781.xml">Bodleian Library,  MS Ashmole 781, ff. 119–122</ref>
                    </bibl>
                    <bibl>
                        <ref type="ms" target="../mss/Bodl_MS_Eng_hist_c_319.xml">Bodleian Library,  MS Eng. hist. c. 319, ff. 18r–v</ref>
                    </bibl>
                    <bibl>
                        <ref type="ms" target="../mss/Bodl_MS_Tanner_304.xml">Bodleian Library,  MS Tanner 304, ff. 57r–59v</ref>
                    </bibl>
                    <bibl>
                        <ref type="ms" target="../mss/Bodl_MS_Tanner_304.xml">Bodleian Library,  MS Tanner 304, ff. 66v–69r</ref>
                    </bibl>
                    <bibl>
                        <ref type="ms" target="../mss/Bodl_MS_Tanner_74.xml">Bodleian Library,  MS Tanner 74, ff. 65r–68r</ref>
                    </bibl>
                    <bibl>
                        <ref type="ms" target="../mss/CUL_Add_MS_335.xml">Cambridge University Library, Additional MS 335, ff. 31r–32v</ref>
                    </bibl>
                    <bibl>
                        <ref type="ms" target="../mss/Folger_MS_V_b_303.xml">Folger Shakespeare Library,  MS V.b.303, pp217–218</ref>
                    </bibl>
                    <bibl>
                        <ref type="ms" target="../mss/Hatfield_House_CP_242.xml">Hatfield House,  CP 242, ff. 17r–23v</ref>
                    </bibl>
                    <bibl>
                        <ref type="ms" target="../mss/NUL_Cl_LP_15.xml">Nottingham University Library, Cl LP 15</ref>
                    </bibl>
                    <bibl>
                        <ref type="ms" target="../mss/NorthsRO_Montagu_MS_Vol_29.xml">Northamptonshire Record Office, Montagu MS Vol. 29, item 30</ref>
                    </bibl>
                    <bibl>
                        <ref type="ms" target="../mss/Queens_College_Oxford_MS_130.xml">Queen's College,  MS 130, ff. 75–76</ref>
                    </bibl>
                    <bibl>
                        <ref type="ms" target="../mss/TNA_SP_14_89.xml">The National Archives,  SP 14/89, /26 [ff.57r–v]</ref>
                    </bibl>
                    <bibl>
                        <ref type="ms" target="../mss/TNA_SP_14_89.xml">The National Archives,  SP 14/89, /27–28 [ff.59r–62r]</ref>
                    </bibl>
                    <bibl>
                        <ref type="ms" target="../mss/University_College_Oxford_MS_152.xml">University College,  MS 152 [on deposit at the Bodleian], ff. 127–135</ref>
                    </bibl>
                </listBibl>
         </sourceDesc>
      </fileDesc>
      <profileDesc>
         <abstract>
            <p/>
         </abstract>
         <creation>
            <date when="1616">1616</date>
            <placeName corresp="../places/places.xml#PL0010">Court of King's Bench</placeName>
         </creation>
         <textClass>
            <keywords n="text-type">
               <term/>
            </keywords>
         </textClass>
         <textClass>
            <keywords n="topic-keyword">
               <term/>
            </keywords>
         </textClass>
      </profileDesc>
      <encodingDesc>
         <editorialDecl>
            <p/>
         </editorialDecl>
      </encodingDesc>
      <revisionDesc>
         <listChange>
            <change when="2018-07-05" who="#RB" status="placeholder"/>
         </listChange>
      </revisionDesc>
   </teiHeader>
   <text>
      <body>
         <p/>
      </body>
   </text>
</TEI>