<TEI xmlns="http://www.tei-c.org/ns/1.0" xmlns:xi="http://www.w3.org/2001/XInclude">
   <teiHeader>
      <fileDesc>
         <titleStmt>
            <title>What Manner of Persons Ought to Exercise the King’s Prerogative</title>
            <author>
               <persName corresp="../people/people.xml#P0014">Thomas Egerton, 1st Baron Ellesmere</persName>
            </author>
            <respStmt xml:id="NM">
               <name>Noah Millstone</name>
               <resp>Principal Investigator MPESE</resp>
            </respStmt>
            <respStmt xml:id="SV">
               <name>Sebastiaan Verweij</name>
               <resp>Co-Investigator MPESE</resp>
            </respStmt>
            <respStmt xml:id="RB">
               <name>Richard Bell</name>
               <resp>Research Associate</resp>
            </respStmt>
                <respStmt xml:id="VA">
                    <name>Victoria Anker</name>
                    <resp>BRIHC Research Impact Fellow</resp>
                </respStmt>
            <respStmt xml:id="MJ">
               <name>Mike Jones</name>
               <resp>Research Software Engineer</resp>
            </respStmt>
            <respStmt xml:id="KE">
               <name>Kristel Ellison</name>
               <resp>Transcription Volunteer</resp>
            </respStmt>
         </titleStmt>
         <publicationStmt xml:id="mpese_pubstat">
            <publisher>Manuscript Pamphleteering in Early Stuart England (MPESE)</publisher>
            <date when="2017">2017</date>
         </publicationStmt>
         <sourceDesc>
            
            <msDesc corresp="../mss/BLAddMS22591.xml">
               <msIdentifier xml:id="BL_Add_MS_22591">
                <country>United Kingdom</country>
                <settlement>London</settlement>
                <repository>British Library</repository>
                <collection>Additional</collection>
                <idno>MS 22591</idno>
                <msName/>
             </msIdentifier>
                    <p xml:id="ms-label-generated">British Library, Additional MS 22591</p>
            </msDesc>
                <listBibl xml:id="mss_witness_generated">
                    <bibl>
                        <ref type="ms" target="../mss/Harvard_Law_School_MS_4006.xml">Harvard Law School,  MS 4006, ff. 1r–9v</ref>
                    </bibl>
                    <bibl>
                        <ref type="ms" target="../mss/Harvard_Law_School_Small_MS_Egerton_Thomas.xml">Harvard Law School, Small Manuscript Collection Egerton, Thomas [Hollis #2110483]</ref>
                    </bibl>
                    <bibl>
                        <ref type="ms" target="../mss/Hatfield_House_CP_242.xml">Hatfield House,  CP 242, ff. 10r–12r</ref>
                    </bibl>
                    <bibl>
                        <ref type="ms" target="../mss/NorthamptonshireRO_FH_N_C_0578.xml">Northamptonshire Record Office,  FH/N/C/0578, ff. 1r–2r</ref>
                    </bibl>
                    <bibl>
                        <ref type="ms" target="../mss/University_College_Oxford_MS_152.xml">University College,  MS 152 [on deposit at the Bodleian], ff. 136–140</ref>
                    </bibl>
                    <bibl>
                        <ref type="ms" target="../mss/Woburn_Abbey_MS_23.xml">Woburn Abbey,  MS 23, p27</ref>
                    </bibl>
                </listBibl>
            
            <listBibl xml:id="C17_print_witness">
               <bibl>
                  <author>
                     <persName corresp="../people/people.xml#P0012">
                        <forename>Francis</forename>
                        <surname>Bacon</surname>
                     </persName>
                  </author>
                  <title>An essay of a king, with an explanation what manner of persons those should be that are to execute the power orordinance of the kings prerogative</title>
                  <date when="1642">1642</date>
                  <idno type="Wing">B282A</idno>
                  <idno type="Wing">B282</idno>
                  <biblScope unit="page" from="5" to="8">5-8</biblScope>
                  <note>This text is included and erroneously attributed to Bacon.</note>
               </bibl>
            </listBibl>
            
            <listBibl xml:id="modern_print_witness">
               <bibl>
                  <author>
                     <persName>
                        <forename>Louis A.</forename>
                        <surname>Knafla</surname>
                     </persName>
                  </author>
                  <title>Law and Politics in Jacobean England: The Tracts of Lord Chancellor Ellesmere</title>
                  <pubPlace>Cambridge</pubPlace>
                  <publisher>Cambridge University Press</publisher>
                  <date when="1977">1977</date>
                  <biblScope from="197" to="201">197-201</biblScope>
               </bibl>
            </listBibl>
         </sourceDesc>
      </fileDesc>
      <profileDesc>
         <abstract>
                <p/>
            </abstract>
         <creation>
            <date when="1604">c.1604</date>
            <placeName/>
         </creation>
         <langUsage>
            <language ident="EN">English</language>
         </langUsage>
         <textClass>
            <keywords n="text-type">
               <term>discourse</term>
            </keywords>
         </textClass>
         <textClass>
            <keywords n="topic-keyword">
               <term>royal prerogative</term>
               <term>officeholding</term>
               <term>courts</term>
               <term>law</term>
               <term>legal system</term>
            </keywords>
         </textClass>
      </profileDesc>
      <encodingDesc>
         <editorialDecl>
            <p/>
         </editorialDecl>
      </encodingDesc>
      <revisionDesc>
         <listChange>
            <change when="2018-03-06" who="#RB" status="proofread"/>
            <change when="2018-03-06" who="#RB" status="draft"/>
            <change when="2018-02-27" who="#KE" status="transcribed"/>
         </listChange>
      </revisionDesc>
   </teiHeader>
   <text>
      <body>
         <pb n="30r" facs="/bl/add_ms_22591/add_ms_22591_f030r/add_ms_22591_f030r.jpg"/>
         <head rend="align-centre">
            <hi rend="bold">
               What <lb/>
               Manner of Persons ought to exercise <lb/>
               the <lb/>
               kings p<ex>re</ex>rogatiue writte by L<ex>ord</ex> Elsmeere
            </hi>
         </head>
         <p>
            That absolute pr<ex>e</ex>rogatiue, w<ex>hi</ex>ch is according to the kings plea <lb/>
            sure revealed in his lawes ought to be exercised and executed by <lb/>
            anye Subiect to who<ex>m</ex> power shalbe given by the kinge in anye place of  <lb/>
            Iudgem<ex>en</ex>t or Comission / w<ex>hi</ex>ch <ex>th</ex>e king by his lawe hath ordeyned / In which  <lb/>
            the Iudge subordinate cannot wrong the people/ the Lawe laying downe  <lb/>
            A measure/ by w<ex>hi</ex>ch everye Iudge should governe and execute: Against  <lb/>
            w<ex>hi</ex>ch Lawe/ if anye Iudge p<ex>ro</ex>ceed/ he is by the questionable &amp; punishable <lb/>
            for his tra<ex>n</ex>sgression; In this Nature are all Iudges &amp; Comissioners/ <lb/>
            and Iudges of the Land authorised In those Courts in w<ex>hi</ex>ch the kinge <lb/>
            in p<ex>er</ex>son is supposed to sitt/ whoe cannott make that trespase, Fellony <lb/>
            or <sic>Teason</sic>/ w<ex>hi</ex>ch the Land hath not made soe to bee/ neither ca<ex>n</ex> punishe <lb/>
            the guiltie by other punishm<ex>en</ex>t then the Lawes haue appointed: This  <lb/>
            pr<ex>e</ex>rogatiue and power as it is over all the Subiects, they are without <lb/>
            excuse; if they offend and suffer not ronge, if they be iustlye punished  <lb/>
            by this pr<ex>e</ex>rogatiue/ the kinge governeth all sort<ex>es</ex> of people, according <lb/>
            to knowne will
         </p>
         <p>
            The absolute pr<ex>e</ex>rogatiue w<ex>hi</ex>ch is in kings/ according to their pr<ex>i</ex>vate <lb/>
            will, and Iudgm<ex>en</ex>t, cannot be exercised by anye subiect/ neither is it <lb/>
            possible, to giue such power by Comission, or fitt to subiect <ex>th</ex>e people <lb/>
            to the same: For the kinge in that he is the Substitute of God ymediatly <lb/>
            the Father of his people/ &amp; head of the Com<ex>m</ex>on wealthe/ hath by par=<lb break="no"/>
            ticipac<ex>i</ex>on w<ex>i</ex>th God and his Subiects a discretion Iudgment, &amp; feeling <lb/>
            love towards them over whom he raigneth onlye p<ex>ro</ex>per to himselfe, <lb/>
            as to his place and person/ whoe seeing he cannot infuse into any <lb/>
            other his wisedome and guifts, w<ex>hi</ex>ch God hath in respect of his place <lb/>
            and charge/ enabled him w<ex>i</ex>th all/ can neither subordinate anye other  <lb/>
            Iudge to governe by that knowledge/ w<ex>hi</ex>ch the kinge can noe oth<ex>e</ex>r Wise <lb/>
            then by his knowne will participate to him And if any such subordinat <lb/>
            Iudge should obtaine comission/ according to the discretion of suche A <lb/>
            Iudge, to governe the people/ that Iudge is bound to thinke that to be <lb/>
            his sound discretion/ w<ex>hi</ex>ch the Lawe, in w<ex>hi</ex>ch the kinge knowne well sheweth <lb/>
            vnto him to be that Iustice w<ex>hi</ex>ch he ought to administer/ otherwise he might <lb/>
            well seeme to esteeme himselfe above the kings Lawes/ whoe will not <lb/>
            governe by them/ or to haue A Power derived from others then from <lb/>
            the kinge, w<ex>hi</ex>ch in the kingdome will administer Iustice/ contrarye to <lb/>
            the Iustice of the Land Neith<ex>e</ex>r can such A Iudge/ or Com<ex>m</ex>ission<ex>er</ex>, vnder <lb/>
            the name of highe Authoritie/ Shrowd his owne highe affecte seeinge <lb/>
            the Co<ex>n</ex>science &amp; discretio<ex>n</ex> of eu<ex>er</ex>y ma<ex>n</ex>, is p<ex>ar</ex>ticuler &amp; pr<ex>i</ex>vate to himselfe, So as <lb/>
            the discretio<ex>n</ex> of <ex>th</ex>e Iudge cannot be p<ex>ro</ex>p<ex>er</ex>ly or possiblie/ <ex>th</ex>e discretio<ex>n</ex> or co<ex>n</ex>scie<ex>n</ex>ce of <lb/>
            the kinge, &amp; if not his discretio<ex>n</ex>/ neith<ex>e</ex>r <ex>th</ex>e Iudgm<ex>en</ex>t, <ex>tha</ex>t is ruled by anoth<ex>e</ex>r mans onlye: <lb/>
            therefore it maye seeme/ they rather seeme to be kings, then to rule  <lb/>
            the people, vnd<ex>e</ex>r <ex>th</ex>e kinge/ w<ex>hi</ex>ch will not administer Iustice by Lawe/ but by <lb/>
            theire owne wills: This administrac<ex>i</ex>on in A Subiecte is derogatiue to <lb/>
            the kings pr<ex>e</ex>rogatiue, for he administreth Iustice out of A private <lb/>
            direction being not capeable of A generall direcc<ex>i</ex>on howe to vse <lb/>
            the kings pleasure/ in causes of p<ex>ar</ex>ticuler respecte/ w<ex>hi</ex>ch if noe oth<ex>e</ex>r <lb/>
            then the kinge himselfe can doe/ howe can it be soe <ex>tha</ex>t any ma<ex>n</ex> shuld desire <lb/>
            that, w<ex>hi</ex>ch is vnfitt and vnp<ex>ro</ex>fitable, but <ex>tha</ex>t it must p<ex>ro</ex>ceed out of some exorbi=<lb break="no"/>
            tant affection/ the rather seeing such places to be full of trouble &amp;  <lb/>
            and being alltogither vnnecessare: noe man will seeke to thrust <lb/>
            himselfe into/ but for hope of Gaine/ Then is not anye prerogatiue <lb/>
            oppugned but mayntayned, thoughe it be desired, <ex>tha</ex>t eu<ex>er</ex>y subordi=<lb break="no"/>
            nate Magestrate, maye not be made supreame, whereby hee <lb/>
            maye steele off the harts of the people/ take fro<ex>m</ex> the kinge the
            <fw type="catch" place="bot-right">respect</fw>
         </p>
         <p>
            <pb n="30v" facs="/bl/add_ms_22591/add_ms_22591_f030v/add_ms_22591_f030v.jpg"/>
            <lb/>
            respect, due to him onlye/ or Iudge the people other wise then the  <lb/>
            kinge himselfe doth For thoughe the Prince be not bound to render <lb/>
            anye accompt to the Lawe for Iustice/ w<ex>hi</ex>ch hee in p<ex>er</ex>son doth adminst<ex>e</ex>r <lb/>
            yet everye subordinate Iudge must render an account to the kinge <lb/>
            by his Lawes, howe he hath administred iustice/ in the Place where in <lb/>
            he is sett/ but if he hath power to rule, by his pr<ex>i</ex>vate direcc<ex>i</ex>on/ for <lb/>
            w<ex>hi</ex>ch there is noe Lawe/ how can he be questioned by A Lawe if in his <lb/>
            pr<ex>i</ex>vate Censure he Offend, therefore it should seeme/ that in givinge <lb/>
            such authoritie the kinge ordayneth not subordinate Magistrats but <lb/>
            absolute kinges: And what doth the Kinge leave to himselfe/ who giueth <lb/>
            as much to another, as himselfe hath: neither is there A greater bond <lb/>
            to tye the Subiecte to this Prince in p<ex>ar</ex>ticuler/ then when he shall haue re<lb break="no"/>
            course to him/ in his p<ex>er</ex>son/ or in his power for releife of the wrongs, w<ex>hi</ex>ch <lb/>
            from pr<ex>i</ex>vate men be offered: or for reformac<ex>i</ex>on of the oppressions <lb/>
            w<ex>hi</ex>ch anye subordinate magistrate, shall impose on the people: there ca<ex>n</ex> <lb/>
            be noe offence in the Iudge/ whoe hath power to execute/ according  <lb/>
            to his discretion/ when the discretion/ of anye Iudge shalbe thought fitt <lb/>
            to be vnlimitted/ and therefore there can be therein noe reforma=<lb break="no"/>
            c<ex>i</ex>on/ whereby the kinge in this vseth noe pr<ex>e</ex>rogatiue to gaine his Sub=<lb break="no"/>
            iects right, the Subiecte is bond to suffer <sic>helpesse</sic> wrong/ and the <lb/>
            discontent of the People is cast vpon the kinge the lawes being neg=<lb break="no"/>
            lected/ w<ex>hi</ex>ch w<ex>i</ex>th theire Equitie in all other causes and Iudgment<ex>es</ex> <lb/>
            interpose themselves. Nowe Custome cannot conforme that which <lb/>
            is vnreasonale in it selfe/ wisedome will not allow that/ which is <lb/>
            manye wayes dau<ex>n</ex>gerous, and noe way p<ex>ro</ex>fitable: Iustice neu<ex>er</ex> <lb/>
            approues that governem<ex>en</ex>t wherein it cannot be/ but wrong must <lb/>
            be comitted, neither can there be anye rule by w<ex>hi</ex>ch to try it/ or <lb/>
            meane for reformation<ex>n</ex>: therefore whosoever desireth goverment  <lb/>
            must seeke such/ as he is capeable of/ not such as seeme to himselfe <lb/>
            most easie to execute: for in appearance it is easye to him/ <ex>tha</ex>t know<lb break="no"/>
            eth not lawe, nor Iustice to rule as he listeth/ his will neu<ex>er</ex> wanting <lb/>
            to it self, but it is soe safe and blameles, both for the Iudge &amp; <lb/>
            people, that Iudges be appointed w<ex>hi</ex>ch knowe the Lawe/ and that <lb/>
            they be lymitted to governe according to the Lawe/
         </p>
         <p rend="align-right">
            <hi rend="bold">Finis</hi>
         </p>
      </body>
   </text>
   <facsimile>
      <graphic n="1" url="/bl/add_ms_22591/add_ms_22591_f030r/add_ms_22591_f030r.jpg"/>
      <graphic n="2" url="/bl/add_ms_22591/add_ms_22591_f030v/add_ms_22591_f030v.jpg"/>
   </facsimile>
</TEI>