<TEI xmlns="http://www.tei-c.org/ns/1.0" xmlns:xi="http://www.w3.org/2001/XInclude">
   <teiHeader>
      <fileDesc>
         <titleStmt>
            <title>Petition from the Gatehouse</title>
            <author>
               <persName corresp="../people/people.xml#P0044">Sir John Eliot</persName>
            </author>
            <respStmt xml:id="NM">
               <name>Noah Millstone</name>
               <resp>Principal Investigator MPESE</resp>
            </respStmt>
            <respStmt xml:id="SV">
               <name>Sebastiaan Verweij</name>
               <resp>Co-Investigator MPESE</resp>
            </respStmt>
            <respStmt xml:id="RB">
               <name>Richard Bell</name>
               <resp>Research Associate</resp>
            </respStmt>
            <respStmt xml:id="MJ">
               <name>Mike Jones</name>
               <resp>Research Software Engineer</resp>
            </respStmt>
         </titleStmt>
         <publicationStmt xml:id="mpese_pubstat">
            <publisher>Manuscript Pamphleteering in Early Stuart England (MPESE)</publisher>
            <date when="2017">2017</date>
         </publicationStmt>
         <sourceDesc>
            <listBibl xml:id="mss_witness">
               <bibl>
               </bibl>
            </listBibl>
                <listBibl xml:id="mss_witness_generated">
                    <bibl>
                        <ref type="ms" target="../mss/Alnwick_Castle_MS_13.xml">Alnwick Castle,  MS 13, f. 12r–13v</ref>
                    </bibl>
                    <bibl>
                        <ref type="ms" target="../mss/BLHarleyMS3786.xml">British Library, Harley MS 3786, ff. 42x–43x</ref>
                    </bibl>
                    <bibl>
                        <ref type="ms" target="../mss/BLHarleyMS3791.xml">British Library, Harley MS 3791, ff. 133x–114x</ref>
                    </bibl>
                    <bibl>
                        <ref type="ms" target="../mss/BLHarleyMS4103.xml">British Library, Harley MS 4103, ff. 6r–9v</ref>
                    </bibl>
                    <bibl>
                        <ref type="ms" target="../mss/BLHarleyMS4619.xml">British Library, Harley MS 4619, ff. 205r–207v</ref>
                    </bibl>
                    <bibl>
                        <ref type="ms" target="../mss/BLHarleyMS6255.xml">British Library, Harley MS 6255, pp.212–221</ref>
                    </bibl>
                    <bibl>
                        <ref type="ms" target="../mss/BLLansdowneMS93.xml">British Library, Lansdowne MS 93, ff. 80r–81v</ref>
                    </bibl>
                    <bibl>
                        <ref type="ms" target="../mss/BLSloaneMS2531.xml">British Library, Sloane MS 2531, ff. 91v–94v</ref>
                    </bibl>
                    <bibl>
                        <ref type="ms" target="../mss/BL_Add_MS_11690.xml">British Library, Additional MS 11690, ff. 88r–90x</ref>
                    </bibl>
                    <bibl>
                        <ref type="ms" target="../mss/BL_Add_MS_12511.xml">British Library, Additional MS 12511, ff. 46r–48v</ref>
                    </bibl>
                    <bibl>
                        <ref type="ms" target="../mss/BL_Add_MS_30926.xml">British Library, Additional MS 30926, ff. 5v–8r</ref>
                    </bibl>
                    <bibl>
                        <ref type="ms" target="../mss/BL_Add_MS_72416.xml">British Library, Additional MS 72416, ff. 140r–141v</ref>
                    </bibl>
                    <bibl>
                        <ref type="ms" target="../mss/BL_Harley_MS_2234.xml">British Library, Harley MS 2234, ff. 279r–282r</ref>
                    </bibl>
                    <bibl>
                        <ref type="ms" target="../mss/BL_Harley_MS_4264.xml">British Library, Harley MS 4264, ff. 95r–98v</ref>
                    </bibl>
                    <bibl>
                        <ref type="ms" target="../mss/Beinecke_Osborn_fb165.xml">Beinecke Library, Osborn fb165, ff. 11–14</ref>
                    </bibl>
                    <bibl>
                        <ref type="ms" target="../mss/Bodl_MS_Eng_hist_d_231.xml">Bodleian Library,  MS Eng. hist. d. 231, ff. 1r–5r</ref>
                    </bibl>
                    <bibl>
                        <ref type="ms" target="../mss/Bodl_MS_Eng_hist_d_89.xml">Bodleian Library,  MS Eng. hist. d. 89, ff. 505–513</ref>
                    </bibl>
                    <bibl>
                        <ref type="ms" target="../mss/Bodl_MS_Rawlinson_B_151.xml">Bodleian Library,  MS Rawlinson B 151, ff. 92v–93v</ref>
                    </bibl>
                    <bibl>
                        <ref type="ms" target="../mss/Bodl_MS_Rawlinson_C_687.xml">Bodleian Library,  MS Rawlinson C 687, ff. 58v–60r</ref>
                    </bibl>
                    <bibl>
                        <ref type="ms" target="../mss/Bodl_MS_Rawlinson_C_917.xml">Bodleian Library,  MS Rawlinson C 917, ff. 233–243</ref>
                    </bibl>
                    <bibl>
                        <ref type="ms" target="../mss/Bodl_MS_Rawlinson_D_908.xml">Bodleian Library,  MS Rawlinson D 908, ff. 14r–15v</ref>
                    </bibl>
                    <bibl>
                        <ref type="ms" target="../mss/Bodl_MS_Tanner_72.xml">Bodleian Library,  MS Tanner 72, ff. 7r–8v</ref>
                    </bibl>
                    <bibl>
                        <ref type="ms" target="../mss/CRO_EL_MS_6559.xml">Cornwall Record Office,  EL MS 655/9, ff. 165r–167v</ref>
                    </bibl>
                    <bibl>
                        <ref type="ms" target="../mss/CUL_Add_MS_27.xml">Cambridge University Library, Additional MS 27, ff. 74r–v</ref>
                    </bibl>
                    <bibl>
                        <ref type="ms" target="../mss/CUL_MS_Ff317.xml">Cambridge University Library,  MS Ff.3.17, ff. 114r–116r</ref>
                    </bibl>
                    <bibl>
                        <ref type="ms" target="../mss/Folger_MS_V_b_309.xml">Folger Shakespeare Library,  MS V.b.309, ff. 134r–139v</ref>
                    </bibl>
                    <bibl>
                        <ref type="ms" target="../mss/HALS_IXA250.xml">Hertfordshire Archives and Local Studies,  IX.A.250</ref>
                    </bibl>
                    <bibl>
                        <ref type="ms" target="../mss/Harvard_Law_School_MS_1239.xml">Harvard Law School,  MS 1239</ref>
                    </bibl>
                    <bibl>
                        <ref type="ms" target="../mss/Huntington_HM_213.xml">Huntington Library,  HM 213, pp160–169</ref>
                    </bibl>
                    <bibl>
                        <ref type="ms" target="../mss/LPL_Sion_College_MS_ARC_L_40_2_E10.xml">Lambeth Palace Library, Sion College MS ARC L.40.2/E10, ff. 22r–23x</ref>
                    </bibl>
                    <bibl>
                        <ref type="ms" target="../mss/LSA_MS_301.xml">London Society of Antiquaries,  MS 301, ff. 183v–188r</ref>
                    </bibl>
                    <bibl>
                        <ref type="ms" target="../mss/NorthsRO_FH2612.xml">Northamptonshire Record Office,  FH2612</ref>
                    </bibl>
                    <bibl>
                        <ref type="ms" target="../mss/NorthsRO_Montagu_MS_Vol_29.xml">Northamptonshire Record Office, Montagu MS Vol. 29, item 52</ref>
                    </bibl>
                    <bibl>
                        <ref type="ms" target="../mss/PA_BRY_78.xml">Parliamentary Archives,  BRY/78, ff. 10r–14r</ref>
                    </bibl>
                    <bibl>
                        <ref type="ms" target="../mss/PA_HL_PO_RO_1_37.xml">Parliamentary Archives,  HL/PO/RO/1/37, pp.12–16</ref>
                    </bibl>
                    <bibl>
                        <ref type="ms" target="../mss/Senate_House_MS_308.xml">Senate House, University of London,  MS 308, ff. 88x–93x</ref>
                    </bibl>
                    <bibl>
                        <ref type="ms" target="../mss/TNA_SP_16_87.xml">The National Archives,  SP 16/87, /11 I. [ff.22r–23r]</ref>
                    </bibl>
                </listBibl>
         </sourceDesc>
      </fileDesc>
      <profileDesc>
         <abstract>
            <p/>
         </abstract>
         <creation>
            <date when="1627-11">November 1627</date>
            <placeName/>
         </creation>
         <textClass>
            <keywords n="text-type">
               <term/>
            </keywords>
         </textClass>
         <textClass>
            <keywords n="topic-keyword">
               <term/>
            </keywords>
         </textClass>
      </profileDesc>
      <encodingDesc>
         <editorialDecl>
            <p/>
         </editorialDecl>
      </encodingDesc>
      <revisionDesc>
         <listChange>
            <change when="2018-07-05" who="#RB" status="placeholder"/>
         </listChange>
      </revisionDesc>
   </teiHeader>
   <text>
      <body>
         <p/>
      </body>
   </text>
</TEI>