<TEI xmlns="http://www.tei-c.org/ns/1.0" xmlns:xi="http://www.w3.org/2001/XInclude">
   <teiHeader>
      <fileDesc>
         <titleStmt>
            <title>Three Months Observation in the Low Countries, Especially Holland</title>
            <author>
               <persName corresp="../people/people.xml#P0166">Owen Felltham</persName>
            </author>
            <respStmt xml:id="NM">
               <name>Noah Millstone</name>
               <resp>Principal Investigator MPESE</resp>
            </respStmt>
            <respStmt xml:id="SV">
               <name>Sebastiaan Verweij</name>
               <resp>Co-Investigator MPESE</resp>
            </respStmt>
            <respStmt xml:id="RB">
               <name>Richard Bell</name>
               <resp>Research Associate</resp>
            </respStmt>
            <respStmt xml:id="MJ">
               <name>Mike Jones</name>
               <resp>Research Software Engineer</resp>
            </respStmt>
         </titleStmt>
         <publicationStmt xml:id="mpese_pubstat">
            <publisher>Manuscript Pamphleteering in Early Stuart England (MPESE)</publisher>
            <date when="2017">2017</date>
         </publicationStmt>
         <sourceDesc>
            <listBibl xml:id="mss_witness">
               <bibl>
               </bibl>
            </listBibl>
                <listBibl xml:id="mss_witness_generated">
                    <bibl>
                        <ref type="ms" target="../mss/BLAddMS22591.xml">British Library, Additional MS 22591, ff. 320r–323v</ref>
                    </bibl>
                    <bibl>
                        <ref type="ms" target="../mss/BLLansdowneMS254.xml">British Library, Lansdowne MS 254, ff. 165r–170r</ref>
                    </bibl>
                    <bibl>
                        <ref type="ms" target="../mss/BL_Add_MS_18648.xml">British Library, Additional MS 18648, ff. 1r–8v</ref>
                    </bibl>
                    <bibl>
                        <ref type="ms" target="../mss/BL_Harley_MS_290.xml">British Library, Harley MS 290, ff. 273r–v</ref>
                    </bibl>
                    <bibl>
                        <ref type="ms" target="../mss/BL_Harley_MS_5111.xml">British Library, Harley MS 5111, ff. 1x–13x</ref>
                    </bibl>
                    <bibl>
                        <ref type="ms" target="../mss/Beinecke_Osborn_b13.xml">Beinecke Library, Osborn b13, pp3–62</ref>
                    </bibl>
                    <bibl>
                        <ref type="ms" target="../mss/Beinecke_Osborn_b50.xml">Beinecke Library, Osborn b50, ff. 2r–14v</ref>
                    </bibl>
                    <bibl>
                        <ref type="ms" target="../mss/Bodl_MS_Rawlinson_poetry_26.xml">Bodleian Library,  MS Rawlinson poetry 26, ff. 85r–v</ref>
                    </bibl>
                    <bibl>
                        <ref type="ms" target="../mss/HALS_IXA6.xml">Hertfordshire Archives and Local Studies,  IX.A.6</ref>
                    </bibl>
                    <bibl>
                        <ref type="ms" target="../mss/HALS_IXA6a.xml">Hertfordshire Archives and Local Studies,  IX.A.6a</ref>
                    </bibl>
                    <bibl>
                        <ref type="ms" target="../mss/Huntington_EL_1181.xml">Huntington Library,  EL 1181, ff13</ref>
                    </bibl>
                    <bibl>
                        <ref type="ms" target="../mss/Huntington_HM_1420.xml">Huntington Library,  HM 1420</ref>
                    </bibl>
                </listBibl>
            <listBibl xml:id="C17_print_witness">
               <bibl>
                  <author>
                     <persName corresp="../people/people.xml#P0166">Owen Felltham</persName>
                  </author>
                  <title>Three moneths obseruations of the Low-countries, especially Holland</title>
                  <date when="1648">1648</date>
                  <idno type="Wing">F658A</idno>
               </bibl>
               <bibl>
                  <author>
                     <persName corresp="../people/people.xml#P0166">Owen Felltham</persName>
                  </author>
                  <title>A brief character of the low-countries under the states</title>
                  <date when="1652">1652</date>
                  <idno type="Wing">F648</idno>
               </bibl>
            </listBibl>
         </sourceDesc>
      </fileDesc>
      <profileDesc>
         <abstract>
            <p/>
         </abstract>
         <creation>
            <date when="1620">1620s?</date>
            <placeName/>
         </creation>
         <textClass>
            <keywords n="text-type">
               <term/>
            </keywords>
         </textClass>
         <textClass>
            <keywords n="topic-keyword">
               <term/>
            </keywords>
         </textClass>
      </profileDesc>
      <encodingDesc>
         <editorialDecl>
            <p/>
         </editorialDecl>
      </encodingDesc>
      <revisionDesc>
         <listChange>
            <change when="2018-07-05" who="#RB" status="placeholder"/>
         </listChange>
      </revisionDesc>
   </teiHeader>
   <text>
      <body>
         <p/>
      </body>
   </text>
</TEI>