<TEI xmlns="http://www.tei-c.org/ns/1.0" xmlns:xi="http://www.w3.org/2001/XInclude">
   <teiHeader>
      <fileDesc>
         <titleStmt>
            <title>Statement on the assassination of the Duke of Buckingham</title>
            <author>
               <persName corresp="../people/people.xml#P0002">John Felton</persName>
            </author>
            <respStmt xml:id="NM">
                    <name>Noah Millstone</name>
                    <resp>Principal Investigator MPESE</resp>
                </respStmt>
            <respStmt xml:id="SV">
                    <name>Sebastiaan Verweij</name>
                    <resp>Co-Investigator MPESE</resp>
                </respStmt>
            <respStmt xml:id="RB">
                    <name>Richard Bell</name>
                    <resp>Research Associate</resp>
                </respStmt>
                <respStmt xml:id="VA">
                    <name>Victoria Anker</name>
                    <resp>BRIHC Research Impact Fellow</resp>
                </respStmt>
            <respStmt xml:id="MJ">
                    <name>Mike Jones</name>
                    <resp>Research Software Engineer</resp>
                </respStmt>
         </titleStmt>
         <publicationStmt xml:id="mpese_pubstat">
                <publisher>Manuscript Pamphleteering in Early Stuart England (MPESE)</publisher>
                <date when="2017">2017</date>
            </publicationStmt>
         <sourceDesc>
            
            <msDesc corresp="../mss/BLAddMS22959.xml">
               <msIdentifier xml:id="BL_Add_MS_22959">
                  <country>United Kingdom</country>
                  <settlement>London</settlement>
                  <repository>British Library</repository>
                  <collection>Additional</collection>
                  <idno>MS 22959</idno>
                  <msName>Diary of Reverend John Rous</msName>
               </msIdentifier>
                    <p xml:id="ms-label-generated">British Library, Additional MS 22959</p>
            </msDesc>
            <listBibl xml:id="mss_witness">
               <bibl>
                  <msIdentifier xml:id="BL_Add_MS_35331">
                  <country>United Kingdom</country>
                  <settlement>London</settlement>
                  <repository>British Library</repository>
                  <collection>Additional</collection>
                  <idno>MS 35331</idno>
                  <msName>Diary of Walter Yonge</msName>
               </msIdentifier>
               </bibl>
               <bibl>
                  <msIdentifier xml:id="BL_Harley_MS_537">
                <country>United Kingdom</country>
                <settlement>London</settlement>
                <repository>British Library</repository>
                <collection>Harley</collection>
                <idno>MS 537</idno>
                <msName/>
             </msIdentifier>
               </bibl>
               <bibl>
                  <msIdentifier xml:id="BL_Sloane_MS_1199">
               <country>United Kingdom</country>
               <settlement>London</settlement>
               <repository>British Library</repository>
               <collection>Sloane</collection>
               <idno>MS 1199</idno>
               <msName>Dr Benfield's notebook</msName>
            </msIdentifier>
               </bibl>
            
            </listBibl>
                <listBibl xml:id="mss_witness_generated">
                    <bibl>
                        <ref type="text" target="FeltonStatement1628v2.xml">Transcript</ref> of <ref type="ms" target="../mss/BLAddMS35331.xml">British Library, Additional MS 35331, f. 24r</ref>
                    </bibl>
                    <bibl>
                        <ref type="text" target="FeltonStatement1628v3.xml">Transcript</ref> of <ref type="ms" target="../mss/BLHarleyMS537.xml">British Library, Harley MS 537, f. 104r</ref>
                    </bibl>
                    <bibl>
                        <ref type="ms" target="../mss/BLSloaneMS1199.xml">British Library, Sloane MS 1199</ref>
                    </bibl>
                    <bibl>
                        <ref type="ms" target="../mss/BLSloaneMS1199.xml">British Library, Sloane MS 1199</ref>
                    </bibl>
                    <bibl>
                        <ref type="ms" target="../mss/BLSloaneMS826.xml">British Library, Sloane MS 826, ff. 133r–v</ref>
                    </bibl>
                    <bibl>
                        <ref type="ms" target="../mss/BL_Harley_MS_1327.xml">British Library, Harley MS 1327, f. 1r</ref>
                    </bibl>
                    <bibl>
                        <ref type="ms" target="../mss/Beinecke_Osborn_File_5194.xml">Beinecke Library, Osborn File 5194</ref>
                    </bibl>
                    <bibl>
                        <ref type="ms" target="../mss/Bodl_MS_Rawlinson_poetry_26.xml">Bodleian Library,  MS Rawlinson poetry 26, f. 81v</ref>
                    </bibl>
                    <bibl>
                        <ref type="ms" target="../mss/CUL_MS_Gg413.xml">Cambridge University Library,  MS Gg.4.13, p106</ref>
                    </bibl>
                    <bibl>
                        <ref type="ms" target="../mss/GonvilleCaius_College_MS_143193.xml">Gonville &amp; Caius College,  MS 143/193, p153</ref>
                    </bibl>
                    <bibl>
                        <ref type="ms" target="../mss/Houghton_fMS_Eng_1278.xml">Houghton Library,  fMS Eng 1278, Folder 8</ref>
                    </bibl>
                    <bibl>
                        <ref type="ms" target="../mss/LA_Cragge_380.xml">Lincolnshire Archives, Cragge 3/80</ref>
                    </bibl>
                    <bibl>
                        <ref type="ms" target="../mss/LSA_MS_26.xml">London Society of Antiquaries,  MS 26, f. 64r</ref>
                    </bibl>
                    <bibl>
                        <ref type="ms" target="../mss/NorthsRO_IL_2672.xml">Northamptonshire Record Office, IL 2672</ref>
                    </bibl>
                    <bibl>
                        <ref type="ms" target="../mss/St_Johns_College_Cambridge_MS_K56.xml">St John's College,  MS K.56, item 22</ref>
                    </bibl>
                </listBibl>
         </sourceDesc>
      </fileDesc>
      <profileDesc>
         <abstract>
                <p/>
            </abstract>
         <creation>
            <date when="1628-08-23">23 August 1628</date>
            <placeName/>
         </creation>
         <langUsage>
            <language ident="EN">English</language>
         </langUsage>
         <textClass>
            <keywords n="text-type">
               <term>speech</term>
               <term>statement</term>
               <term>note</term>
            </keywords>
         </textClass>
         <textClass>
            <keywords n="topic-keyword">
               <term>John Felton</term>
               <term>assassination</term>
               <term>Duke of Buckingham</term>
            </keywords>
         </textClass>
      </profileDesc>
      <encodingDesc>
         <editorialDecl>
            <p/>
         </editorialDecl>
      </encodingDesc>
      <revisionDesc>
         <listChange>
            <change when="2018-05-31" who="#NM" status="proofread"/>
            <change when="2017-10-04" who="#RB" status="transcribed"/>
         </listChange>
      </revisionDesc>
   </teiHeader>
   <text>
      <body>
         
         <pb n="25v" facs="/bl/add_ms_22959/add_ms_22959_f025v/add_ms_22959_f025v.jpg"/>
         <gap reason="elision" extent="multiple lines"/>
         <p>
            <tei:add xmlns:tei="http://www.tei-c.org/ns/1.0" place="LM">Sept 2.</tei:add>Sept. 2 This I receiued either as a copie of words <lb/>
            vttered by the agent, or of some writing found about him, <lb/>
            or both.
         </p>
         <p> <hi rend="italic">
            Let no man commend me for what I haue done, but <lb/>
            rather discommend themselues; for if that god for theire <lb/>
            sinnes had not taken away theire harte, this man could <lb/>
            not haue continued thus long amongst us.
         </hi>
            </p>
         <p>
                <hi rend="italic">
            I shall euer accompt him uery base and not worthy the <lb/>
            name of a soldier who will not be readie to sacrifice his <lb/>
            life, for the glory of god, the honour of the king &amp; good <lb/>
            of the Country.</hi>
         </p>
         <p rend="align-right">
            <hi rend="italic">Iohn Felton</hi>
         </p>
      </body>
   </text>
   <facsimile>
      <graphic n="1" url="/bl/add_ms_22959/add_ms_22959_f025v/add_ms_22959_f025v.jpg"/>
   </facsimile>
</TEI>