<TEI xmlns="http://www.tei-c.org/ns/1.0" xmlns:xi="http://www.w3.org/2001/XInclude">
   <teiHeader>
      <fileDesc>
         <titleStmt>
            <title>Letter to Sir Miles Fleetwood, his father, on the death of the King of Sweden</title>
            <author>
               <persName corresp="../people/people.xml#P0088">Sir George Fleetwood</persName>
            </author>
            <respStmt xml:id="NM">
               <name>Noah Millstone</name>
               <resp>Principal Investigator MPESE</resp>
            </respStmt>
            <respStmt xml:id="SV">
               <name>Sebastiaan Verweij</name>
               <resp>Co-Investigator MPESE</resp>
            </respStmt>
            <respStmt xml:id="RB">
               <name>Richard Bell</name>
               <resp>Research Associate</resp>
            </respStmt>
                <respStmt xml:id="VA">
                    <name>Victoria Anker</name>
                    <resp>BRIHC Research Impact Fellow</resp>
                </respStmt>
            <respStmt xml:id="MJ">
               <name>Mike Jones</name>
               <resp>Research Software Engineer</resp>
            </respStmt>
            <respStmt xml:id="TW">
               <name>Tim Wales</name>
               <resp>Research Assistant</resp>
            </respStmt>
         </titleStmt>
         <publicationStmt xml:id="mpese_pubstat">
                <publisher>Manuscript Pamphleteering in Early Stuart England (MPESE)</publisher>
                <date when="2017">2017</date>
            </publicationStmt>
         <sourceDesc>
            
            <msDesc corresp="../mss/BLHarleyMS537.xml">
               <msIdentifier xml:id="BL_Harley_MS_537">
                <country>United Kingdom</country>
                <settlement>London</settlement>
                <repository>British Library</repository>
                <collection>Harley</collection>
                <idno>MS 537</idno>
                <msName/>
             </msIdentifier>
                    <p xml:id="ms-label-generated">British Library, Harley MS 537</p>
            </msDesc>
                <listBibl xml:id="mss_witness_generated">
                    <bibl>
                        <ref type="ms" target="../mss/GonvilleCaius_College_MS_17495.xml">Gonville &amp; Caius College,  MS 174/95, pp551–558</ref>
                    </bibl>
                    <bibl>
                        <ref type="ms" target="../mss/SHC_LM2040.xml">Surrey History Centre,  LM/2040, ff. 1r–5r</ref>
                    </bibl>
                </listBibl>
         </sourceDesc>
      </fileDesc>
      <profileDesc>
         <abstract>
                <p/>
            </abstract>
         <creation>
            <date when="1632-12-22">22 December 1632</date>
            <placeName/>
         </creation>
         <langUsage>
            <language ident="EN">English</language>
            <language ident="LA">Latin</language>
         </langUsage>
         <textClass>
            <keywords n="text-type">
               <term>war report</term>
               <term>letter</term>
            </keywords>
         </textClass>
         <textClass>
            <keywords n="topic-keyword">
               <term>Thirty Year</term>
               <term>war</term>
               <term>battle</term>
               <term>diplomacy</term>
               <term>Battle of Lützen</term>
               <term>Holy Roman Empire</term>
               <term>Sweden</term>
            </keywords>
         </textClass>
      </profileDesc>
      <encodingDesc>
         <editorialDecl>
            <p/>
         </editorialDecl>
      </encodingDesc>
      <revisionDesc>
         <listChange>
            <change when="2017-12-01" who="#RB" status="proofread"/>
            <change when="2017-12-01" who="#RB" status="draft"/>
            <change when="2017-11" who="#TW" status="transcribed"/>
         </listChange>
      </revisionDesc>
   </teiHeader>
   <text>
      <body>
         
         <pb n="56r" facs="/bl/harley_ms_537_part/harley_ms_537_f056r/harley_ms_537_f056r.jpg"/>
         <head>
            <hi rend="bold">A letter</hi> from Sir George <lb/>
            Fleetwood Colonell to his father <lb/>
            Sir Miles Fleetwood knight <lb/>
         </head>
         <p>
            Sir I am thus farre returned from a longe &amp; tedious <lb/>
            iournie &amp; could haue wished yt had pleased god all things <lb/>
            had byn as successfull to vs as my Iournie was to mee <lb/>
            then I am confident my Iournie had not bin soe suddaine <lb/>
            nor soe Malancolly, I met the King &amp; the Chauncelo<ex>u</ex>r <lb/>
            both att Arnstat in Thuring the 26th of October. <foreign xml:lang="la">stilo <lb/>
            veteri</foreign>: butt the Chauncellor beinge the next daye <lb/>
            to returne back for the orderinge of the affayres <lb/>
            of Bavaria &amp; the Palatinate tooke me with him <lb/>
            the first dayes Iournie to Alkenan where hee <lb/>
            presently gaue me my dispatch with letters to <lb/>
            the King accordinge to my desire with soe greate <lb/>
            manifeistac<ex>i</ex>on of his singuler affecc<ex>i</ex>ons that yt <lb/>
            surpassed my expectac<ex>i</ex>on and withall gaue me <lb/>
            assurance that whilest hee lived hee wold bee my <lb/>
            Patron beinge very Ioyfull of the good Reporte <lb/>
            hee had heard of my Regiment from every one <lb/>
            The King vppon the first delivery of my letters <lb/>
            gaue mee Comaund &amp; caused the Secratary to write <lb/>
            whatsoever I pleased grauntinge all my desires <lb/>
            to witt that my Regiment the next Springe shold <lb/>
            march to his Armie &amp; that I shold levy fower <lb/>
            Companies more to make my Regim<ex>en</ex>t compleat <lb/>
            &amp; divers other things hee gratiously graunted mee <lb/>
            Butt this vnfortunate losse of our noble m<ex>aste</ex>r <lb/>
            was soe suddaine that I could nott gett his l<ex>ett</ex>re <lb/>
            And not knoweinge howe things may alter in <lb/>
            <fw type="catch" place="bot-right">this</fw>
            <pb n="56v" facs="/bl/harley_ms_537_part/harley_ms_537_f056v/harley_ms_537_f056v.jpg"/>
            this distracc<ex>i</ex>on I am by post returned to my Regiment for <lb/>
            I beleeve wee shall bee sett on worke in Sprusia by <lb/>
            Lawdislaws lately established king of Poland I <lb/>
            haue lately sent my post to the Chauncelo<ex>u</ex>r from <lb/>
            whome I hope to receave satisfacc<ex>i</ex>on &amp; I beleeve <lb/>
            hee will haue the manageinge of all martiall <lb/>
            affayrs heere I haue omitted some opp<ex>or</ex>tunityes of <lb/>
            writinge not beinge willinge to bee the firste <lb/>
            messenger of such dolfull newes butt before this <lb/>
            letter arive att yo<ex>u</ex>r hand<ex>es</ex> I doubt not butt yow <lb/>
            will haue some intilligence wherefore I thought <lb/>
            fitt to check scandulous or partiall Report<ex>es</ex> and <lb/>
            to acquainte yow with all memorable passages <lb/>
            since my being with the Armie The King when <lb/>
            hee lay att Noringberge p<ex>er</ex>ceaveinge hee could <lb/>
            by noe meanes drawe Generall Walestine out <lb/>
            of his Trenches marched with flyeinge collo<ex>u</ex>rs <lb/>
            &amp; drumes beateinge round about thenimyes <lb/>
            leagure &amp; then devided his Armie &amp; comanded <lb/>
            thone halfe to duke Barnard Saxon Weymer <lb/>
            sendinge him to <unclear>Irvinford</unclear> to waite vppon Wale<lb break="no"/>
            steyne and w<ex>i</ex>th thother halfe hee marched to <lb/>
            Nurenberge three miles from Ingolstat in Ba<lb break="no"/>
            varia and intendinge to make that the seate of <lb/>
            the Warre Butt Walesteyne contrary to expectac<ex>i</ex>on <lb/>
            tooke his march pr<ex>e</ex>sently through Vogtland &amp; <lb/>
            misen directly to Lipswich sendinge the <lb/>
            Colonell Hulke &amp; Merodie with 15000. whoe <lb/>
            plowndred &amp; burned all Misen on thone side <lb/>
            &amp; on thother Papenheime with 10000: men on the <lb/>
            Westersteyne defaced all with fyre &amp; sword <lb/>
            in his march vntill hee came to Lipswich where <lb/>
            <fw type="catch" place="bot-right">the</fw>
            <pb n="57r" facs="/bl/harley_ms_537_part/harley_ms_537_f057r/harley_ms_537_f057r.jpg"/>
            the generalls Papemham &amp; Walesteyne the <lb/>
            Colonells Hulke &amp; Merodie ioyned all their forces <lb/>
            together beinge in all .36000. stronge The braue <lb/>
            Governour of Lipswich scillfull in betrayinge of townes <lb/>
            beinge the same man that gaue yt vpp the same <lb/>
            daye the battell was fought att Lipswich did the <lb/>
            same day both of the towne &amp; castle the next day <lb/>
            the enimye came before yt, The king was att <lb/>
            Norenberge when hee rec<ex>eived</ex>ed the first Intilligence <lb/>
            of Wallesteyns marchinge for Misen wherevpon <lb/>
            hee sent ymeadiatly .15000. men vnder the com<ex>m</ex>and <lb/>
            of the Palsgraue Brinkinfeild to goe ag<ex>ains</ex>t the <lb/>
            duke of Bavaria &amp; comaunded the Reare of his <lb/>
            Armie to followe him hee rod post himselfe <lb/>
            to duke Barnard<ex>es</ex> Armie with w<ex>hi</ex>ch hee m<ex>ar</ex>ched <lb/>
            day and night through the Forest of Thursinge <lb/>
            feareinge least thenimye shold fortife ag<ex>ain</ex>t him and <lb/>
            never rested vntill hee came to Arnstat where hee <lb/>
            lay .8. dayes vntill his Armie &amp; Ordinance came <lb/>
            vpp And the next day after his Armie cam together <lb/>
            wee m<ex>ar</ex>ched directly to Nuenberge where wee laye <lb/>
            still .6. dayes the Kings whole Armie consistinge of <lb/>
            20000. reall men thenimye then lay att Wisenfeild <lb/>
            2. miles from vs the King dayly sent post to the <lb/>
            Elector Saxonie to haue his Armie of .14000 to <lb/>
            come presently unto him, Uppon the .3. &amp; .4. of <lb/>
            November thenimye marched from Wisenfeild <lb/>
            toward<ex>es</ex> Lipswich &amp; the .5th of November the King <lb/>
            broke vpp to followe him, And that morninge <lb/>
            in stead of the D. of Saxe ioyninge with him <lb/>
            <fw type="catch" place="bot-right">hee</fw>
            <pb n="57v" facs="/bl/harley_ms_537_part/harley_ms_537_f058r/harley_ms_537_f058r.jpg"/> 
            hee had his l<ex>ett</ex>res that all their Armies were first <lb/>
            to Ioyne att Maydenberge att which newes the <lb/>
            King was passionatly <unclear>displeased</unclear> sayeinge hee <lb/>
            saw the princes of Germanie cared <del rend="strikethrough">of</del> not what <lb/>
            hee Comaunded butt did the Contrarie butt <lb/>
            they should see that hee durst fight with the <lb/>
            <unclear>enimmye</unclear> though they were twice his strength <lb/>
            &amp; Comaunded pr<ex>e</ex>sently to March &amp; that daye <lb/>
            <del rend="strikethrough">were</del> <add place="above">wee</add> beat about .500. horse &amp; tooke some of their <lb/>
            Collours &amp; there the King was enformed by the <lb/>
            prisoners that Generall Papenheime was <lb/>
            Marched with his Armie to Hall &amp; Colonell <lb/>
            Hulke to Lipswich &amp; Colonell Moradie to a<lb break="no"/>
            nother place &amp; that Walesteine alone with <lb/>
            an Armie of about .20000.<del rend="strikethrough">l</del> was left there to <lb/>
            abide the Kings approches w<ex>hi</ex>ch made the King <lb/>
            resolute the next daye to Ioyne battell butt <lb/>
            the Intelligence p<ex>ro</ex>ued falce saue onely Gen<ex>er</ex>all <lb/>
            Papenheyme with his Army marched toward<ex>es</ex> <lb/>
            Hall butt y<ex>a</ex>t night followeing hee returned <lb/>
            &amp; m<ex>ar</ex>ched backward<ex>es</ex> &amp; himselfe was in p<ex>er</ex>son att <lb/>
            the begininge of the battayle butt his Armie <lb/>
            came not vpp vntill .2. of the clocke in the <lb/>
            afternoone the King lodgeinge that night in the <lb/>
            playne feild about a mile from Litzen where <lb/>
            thenimyes randevouse was, The sixte <lb/>
            of November the King att the breake of the <lb/>
            day Marshalled his Armie &amp; himselfe lead<lb break="no"/>
            inge the right Winge the D. Barnard <lb/>
            <pb n="58r" facs="/bl/harley_ms_537_part/harley_ms_537_f058r/harley_ms_537_f058r.jpg"/>
            Sax - Weymar the lefte winge Kimphowsen <lb/>
            Maior Generall Comaunded the foote the <lb/>
            Enimyes Armie was ordered like ours the Crab<lb break="no"/>
            
            batt<ex>es</ex> haueinge the lefte winge the Enimye had <lb/>
            the advantage of Lipswich highwaye <del rend="strikethrough">one</del> on each <lb/>
            side whereof is a mote &amp; close by the towne <lb/>
            there stood .4. wind mills which are by nature <lb/>
            fortifyed very stronge there they <del rend="strikethrough">fortifyed</del> planted <lb/>
            <add place="LM">
               the batta<lb break="no"/>
               ile begun
            </add>
            9. peeces of Ordinance &amp; in .2. or .3. other places <lb/>
            they planted .12. more, The King about .8. of the <lb/>
            Clocke shott his loosinge shott and soe advanced <lb/>
            toward<ex>es</ex> thenimye, The enimye att firste seemed <lb/>
            to advance which when the King p<ex>er</ex>ceaved hee <lb/>
            gaue Comaund to advance with more expedic<ex>i</ex>on <lb/>
            uppon w<ex>hi</ex>ch thenemye retyred behinde the dike <lb/>
            where they had cast vpp a kinde of breaste <lb/>
            worke they had ordered the Crabbatt<ex>es</ex> to fall <lb/>
            rownd aboute our Rear which the K. p<ex>er</ex>ceaveinge <lb/>
            gaue Com<ex>m</ex>and to the Finlanders vnder the Com<ex>m</ex>and <lb/>
            of Colonell Statehawse to waite vppon then which <lb/>
            he dilligently did &amp; haueing .8. companies hee <lb/>
            charged them with .4. putting them to flight butt <lb/>
            vppon their retyringe they charged him soe furiously <lb/>
            that they putt him to the worst till beinge releived <lb/>
            with thother .4. Companies sett for that purpose hee <lb/>
            Charged them soe sore that hee quite rowted them <lb/>
            &amp; that day was troubled with them noe more. Then <lb/>
            <add place="LM">
               Battaile <lb/>
               Ioyned
            </add>
            the battayle Ioyned about .2. of the clock yt beinge <lb/>
            then a very fayre day butt iust as they ioyned there <lb/>
            <fw type="catch" place="bot-right">fell</fw>
            <pb n="58v" facs="/bl/harley_ms_537_part/harley_ms_537_f058v/harley_ms_537_f058v.jpg"/>
            fell such a palpable Fogg &amp; soe thick a miste <lb/>
            that wee could scarce see one a nother which if <lb/>
            it had not bene I thinke wee had quickly made <lb/>
            ann end of that dayes worke butt all must <lb/>
            bee as god will haue it, Uppon our firste <lb/>
            fallinge on they sett the towne of Litzen on <lb/>
            fyre which did vs much inconvenience the <lb/>
            winde bloweinge the smoake vppon vs very <lb/>
            vemenntly d. Barnard<ex>es</ex> &amp; Colonells Win<lb break="no"/>
            cols Regim<ex>en</ex>t<ex>es</ex> were com<ex>m</ex>anded vppon the Cannon<add place="above">s</add> <lb/>
            att the mills thother Cannons were soone taken <lb/>
            &amp; nayled butt those att the mills wee had .3. <lb/>
            tymes in our possession &amp; beaten againe <lb/>
            from them, The K. att the first onsett att <lb/>
            the moate was shott through the Arme &amp; <lb/>
            his horse through the neck vppon which <lb/>
            they wold haue p<ex>er</ex>swaded him to haue retired <lb/>
            butt hee refused ridinge to head of the right <lb/>
            Winge of the horse encouraginge them <lb/>
            sayinge nothinge ayled him And with that <lb/>
            Comaunded them all to followe him And <lb/>
            hee himselfe leapinge over the moate <lb/>
            charged the enemyes butt there followed <lb/>
            him but .4. Regim<ex>en</ex>t<ex>es</ex> which were encountred <lb/>
            with soe many of the enemyes that they were <lb/>
            enforced to retyre &amp; there the King fell being <lb/>
            <add place="LM">
               The king<ex>es</ex> <lb/>
               fall
            </add>
            shott in the head &amp; through the body there fell <lb/>
            by him one Trunk<ex>es</ex> a Chamber Yonker whoe <lb/>
            <fw type="catch" place="bot-right">was</fw>
            <pb n="59r" facs="/bl/harley_ms_537_part/harley_ms_537_f059r/harley_ms_537_f059r.jpg"/>
            was brought of alive butt is since dead hee <lb/>
            reported that when our horse retreated there <lb/>
            came an Officer of thenemyes whoe asked him <lb/>
            which was the King which when hee refused to <lb/>
            tell hee shott him through the body &amp; then hee <lb/>
            went to the King &amp; demaunded what hee was <lb/>
            whoe Replyed I am the King of Sweden vppon <lb/>
            which hee had thought to haue taken of the <lb/>
            body but seeinge our horse comeinge againe to <lb/>
            Charge them hee strooke the King twice <lb/>
            <add place="LM">
               King <lb/>
               slayne
            </add>
            through the body with a broad sword &amp; rann <lb/>
            awaye for the d. Barnard Saxon Wymar <lb/>
            Charged them with the horse &amp; beate <add place="above">the</add> enemye <lb/>
            backe &amp; tooke the Corps &amp; brought yt of fayre <lb/>
            which had receaved in all .10. wound<ex>es</ex> the reporte <lb/>
            of the Kings death comeinge amongest the <lb/>
            soldiers quite contrary to expectac<ex>i</ex>on made them <lb/>
            fight the braver as seeminge to revenge the <lb/>
            Kings death or dye all, Soe this victorious <lb/>
            prince dyed with victory and rec<ex>eive</ex>ed his <lb/>
            mortall wound att the firste Charge of <lb/>
            the horse betweene .11. &amp; .12. of the Clocke &amp; <lb/>
            the battaile lasted vntill .5. of the clock att night <lb/>
            butt I beleeve yt had not soe longe continued <lb/>
            had yt byn cleere weather for the Miste was soe <lb/>
            greate that wee could not see to followe the <lb/>
            <fw type="catch" place="bot-right">victorie</fw>
            <pb n="59v" facs="/bl/harley_ms_537_part/harley_ms_537_f059v/harley_ms_537_f059v.jpg"/>
            victory and att last when wee had quite beaten <lb/>
            them wee turned the Cannons vppon them aboute <lb/>
            .3. of the clock then there came on .8000. fresh soldiers <lb/>
            w<ex>hi</ex>ch were of Papenheimes Armie &amp; charged vs againe <lb/>
            att the mills &amp; gaue vs soe braue a Charge that the <lb/>
            whole day before wee observed not the like <lb/>
            dexterity &amp; Resoluc<ex>i</ex>on in any other p<ex>ar</ex>te of the <lb/>
            Armie The Regim<ex>en</ex>t of d. Saxon Weymar did <lb/>
            Aunswere this <add place="above">newe</add> Replye with an unspeakable <lb/>
            resistance and in that encounter fell the Coman<lb break="no"/>
            der of that fresh Armie which wee suppose <lb/>
            <add place="LM">
               Colonell <lb/>
               Merdoie <lb/>
               slayne
            </add>
            was Colonell Merodie for Gen<ex>er</ex>all Papenheim <lb/>
            was slayne att the begininge of the battayle before  <lb/>
            his Armie came vpp The losse of this Comander <lb/>
            did soe much amase them all that the officers <lb/>
            ran aboute him &amp; the soldiers flunge downe <lb/>
            their Armes &amp; ran awaye &amp; the officers cold <lb/>
            by noe meanes make them longer staye For <lb/>
            vppon that .d. Barnard Saxon Weymar <lb/>
            himselfe Charged att the mills with his horse <lb/>
            beatinge them from their Cannons &amp; there lodged <lb/>
            him selfe that night But <del rend="strikethrough">their</del> <add place="above">our</add> distracc<ex>i</ex>on was <lb/>
            soe greate by reason of the losse of our noble <lb/>
            m<ex>aste</ex>r that wee p<ex>er</ex>sued not our victory that night <lb/>
            butt contented our selues with veiwinge of the <lb/>
            feild &amp; Cannons, wee tooke there in the place <lb/>
            13. halfe Cannons &amp; .8. other peeces &amp; all their <lb/>
            Amunic<ex>i</ex>on, wee killed on the place .4000. of <lb/>
            thenemyes side &amp; of our owne were lost aboute <lb/>
            1500. And on thenemyes side moste of their <lb/>
            <fw type="catch" place="bot-right">greate</fw>
            <pb n="60r" facs="/bl/harley_ms_537_part/harley_ms_537_f060r/harley_ms_537_f060r.jpg"/>
            Comanders are dead saue onely Generall. Wall<lb break="no"/>
            esteyne whoe is certeinly shott. &amp; as yt is reported <lb/>
            taken prisoner, butt must bee since I lefte the <lb/>
            Armie, Yet howsoever I counte our losse the <lb/>
            greatest haueinge loste the bravest Comander <lb/>
            in the world And I am confident had yt <lb/>
            pleased god hee had survived this dismall <lb/>
            daye hee had putt a period to all the <lb/>
            Warrs in Germanie butt nowe god knowes <lb/>
            howe all things will goe And thus I conclude <lb/>
            our famous Battayle att Litzen farre <lb/>
            exceedinge that att Lipswich for had not our <lb/>
            foote stood like a brasen Wall there had not <lb/>
            one man of ours come of alive they beinge for <lb/>
            certayne twice our number &amp; our horse did <lb/>
            butt poorely, The Enemy more afrayd then hurt <lb/>
            fled in greate disorder &amp; amazem<ex>en</ex>t &amp; never rested <lb/>
            till they came to Trunksen vppon the borders <lb/>
            of Voitland &amp; Bohemia the Bores cutt of <lb/>
            twice as many of the Enimyes as wee <gap reason="illegible" quantity="3" unit="chars"/> <lb/>
            in their flight when noe man followed them <lb/>
            (there is butt a small number of them together, <lb/>
            the greateste p<ex>ar</ex>rte of them beinge rann <add place="above">away</add> soe <lb/>
            farre that I hope they will not meete <lb/>
            againe, And yf the Princes wold doe as they <lb/>
            <fw type="catch" place="bot-right">ought</fw>
            <pb n="60v" facs="/bl/harley_ms_537_part/harley_ms_537_f060v/harley_ms_537_f060v.jpg"/>
            ought I dare say they will never be able <lb/>
            to come to any greate head wee haueinge <lb/>
            taken all their Amunic<ex>i</ex>on &amp; their Ordinance <lb/>
            in the place besid<ex>es</ex> they left about .20. more <lb/>
            in the Feild <del rend="strikethrough">by</del> By Lipswich our Armie <lb/>
            <add place="LM">
               King <lb/>
               embalmed
            </add>
            marched back to Wesenfeild to embalme <lb/>
            the King &amp; to take order for our hurt men <lb/>
            which were many and to encorporat our <lb/>
            horse into the <add place="LM">body of our</add> Armie, for many troopes were <lb/>
            disbanded att the firste Charge The 10th <lb/>
            of Nov: wee rose from Wesingfeild &amp; marched <lb/>
            to Pect bearinge the Kings body with vs <lb/>
            <del rend="strikethrough">whoe</del> <add place="above">which</add> marched betweene the foote &amp; the horse <lb/>
            the .11th. wee Marched to Bourne whence some <lb/>
            forces were sent to Lipswich where they cutt <lb/>
            of .500. of thenemie which lay in the towne <lb/>
            where younge Wallesteyne is eyther slaine <lb/>
            or taken prisoner. The Castle offred pr<ex>e</ex>sently <lb/>
            to yeild of their owne accord butt that was <lb/>
            refused because they had intilligence that <lb/>
            divers princes &amp; greate Officers were in yt <lb/>
            I. lefte them playinge with their greate <lb/>
            Ordinance vppon yt &amp; doubt not butt eare this <lb/>
            it is taken in w<ex>hi</ex>ch Maior Kemhowse fell <lb/>
            vppon Firbidge haueinge intilligence of the <lb/>
            Burgers &amp; there cutt of about .4. or .500. of <lb/>
            <fw type="catch" place="bot-right">the</fw>
            <pb n="61r" facs="/bl/harley_ms_537_part/harley_ms_537_f061r/harley_ms_537_f061r.jpg"/>
            the Enemyes and fayrely tooke the towne, duke <lb/>
            Barnard himselfe attempted a great strength <lb/>
            where hee cutt of .200. Crabbatt<ex>es</ex> the .12th of Nov: <lb/>
            wee marched to Grymers the Armie beinge <lb/>
            13000. stronge &amp; there rested expectinge dayly <lb/>
            to heare from the Kings Chaunncellor whoe <lb/>
            eare nowe is with them there &amp; must setle a <lb/>
            Course for the Armie, Wee suppose that all the <lb/>
            Marshall affayres will bee managed in the <lb/>
            name of the Queene <add place="above">of Sweden</add> &amp; Princes of Germanie <lb/>
            and that the <hi rend="underline">Chauncelo<ex>u</ex>r</hi> shall be Gen<ex>er</ex>all Ambassado<ex>u</ex>r <lb/>
            For the Ambic<ex>i</ex>ons of the Princes of Germanie <lb/>
            are soe greate that they will not suffer one another <lb/>
            to com<ex>m</ex>ande And therefore howe desp<ex>er</ex>atly things <lb/>
            att this tyme stand I referre yt to thevent The <lb/>
            duke of Saxonie is the Authore of all this <lb/>
            mischeife, For first when hee tooke in Prague <lb/>
            hee never attempted other places which then <lb/>
            might haue byn easely mastered nor kepte his <lb/>
            Armie together butt discharged his forces into <lb/>
            their winter quarters And suffered the Enemie <lb/>
            in severall places to ruine .7000. of his men where <lb/>
            vppon hee was forced to quitt all Bohemia and <lb/>
            to leave yt <del rend="strikethrough">to leave yt</del> to the discrec<ex>i</ex>on of the <lb/>
            Imperialist<ex>es</ex> And allthough hee had vnder his <lb/>
            Comaund a braue Armie, And hee allsoe <lb/>
            <fw type="catch" place="bot-right">suffred.</fw>
            <pb n="61v" facs="/bl/harley_ms_537_part/harley_ms_537_f061v/harley_ms_537_f061v.jpg"/>
            suffered Colonell Hulke beinge butt .4000. to <lb/>
            make vpp an Armie of .15000. stronge And I <lb/>
            dare saye had not the King pr<ex>e</ex>vented hee had <lb/>
            taken the Elue streame &amp; what not, For in <lb/>
            Witingberge his principall <sic>strenght</sic> was <lb/>
            not aboue .2000. soldiers. And had the duke <lb/>
            fortifyed Mizen Lipswich &amp; Treberge and <lb/>
            managed them well the whole Armie <lb/>
            could haue done him noe harme Butt his <lb/>
            Armie of 26000. lay still in Silecia in <lb/>
            firme quarter And nowe att laste to recom<lb break="no"/>
            pence all when the King by much <unclear>ymportuni<add place="above">te</add>
                </unclear> <lb/>
            &amp; divers letters invited him and the duke of <lb/>
            L<del rend="strikethrough">av</del>
                <add place="above">un</add>enberge to bee within a dayes M<ex>ar</ex>ch <lb/>
            of him for his assistance in Case of necessity <lb/>
            They ordered their rendevous att Maydenburge <lb/>
            <add place="LM">
               Duke of <lb/>
               Saxonie
            </add>
            .17. dutch miles from vs which I suppose made <lb/>
            the King soe desp<ex>er</ex>ate, wee haue newes that hee <lb/>
            is dead vppon reporte of the Kings death <lb/>
            The duke Lavenburge hath allsoe suffred <lb/>
            Condigne punishm<ex>en</ex>t for his Ambic<ex>i</ex>ons for that <lb/>
            hee would not suffer the Gen<ex>e</ex>rall Bawdys <lb/>
            to Comande butt forced him with intollarable <lb/>
            affront<ex>es</ex> to leave him which gaue Papenheim <lb/>
            their bravest Generall opp<ex>or</ex>tunity to March <lb/>
            which otherwise hee durst not haue done <lb/>
            <fw type="catch" place="bot-right">The</fw>
            <pb n="62r" facs="/bl/harley_ms_537_part/harley_ms_537_f062r/harley_ms_537_f062r.jpg"/>
            The Feild Marshall Gustavas Horne hath <lb/>
            taken Launtberge &amp; many other places, Alsatia <lb/>
            is all ours and the passage for Switzerland is <lb/>
            Free The Palsgraue Brinkenfeild is m<ex>ar</ex>ched <lb/>
            vpp to Manchem eyther to Plounder or <lb/>
            force them to a greater Contribuc<ex>i</ex>on Generall <lb/>
            Bawdys is fallne into the Principlatye <lb/>
            of Cullen and by pillageinge of the Country <lb/>
            enricheth himselfe and his soldiers as hee <lb/>
            pleaseth Gen<ex>er</ex>all Aienham lyeth in <lb/>
            Selecia where the Enemy is quite ruyned <lb/>
            haueinge butt .3. places in that whole land <lb/>
            and those in the borders of Bohemia <lb/>
            But all those are butt Petty victories <lb/>
            in regard of our braue King whose valour <lb/>
            and experience was an Armie alone butt <lb/>
            god<ex>es</ex> will must bee done and wee ought <lb/>
            to referre all to him, Wee haue greate <del rend="strikethrough">iealo</del> <lb/>
            Ielousie that in the day of battaile there <lb/>
            was falce playe For there was in the Armie <lb/>
            one duke Francis Saxon L<del rend="strikethrough">ev</del>
                <add place="above">aw</add>enberge whoe <lb/>
            allwayes served the Enemye before butt was <lb/>
            lately come to the Kings side haueinge noe <lb/>
            <fw type="catch" place="bot-right">Charge</fw>
            <pb n="62v" facs="/bl/harley_ms_537_part/harley_ms_537_f062r/harley_ms_537_f062r.jpg"/>
            Charge butt served as a volanteere hee <lb/>
            that day was seene to alter his apparrell <lb/>
            And when the King was goeinge to charge <lb/>
            hee retyred his servant<ex>es</ex> giveinge out <lb/>
            that hee was shott when nothing ailed <lb/>
            him butt that which I moste misliked <lb/>
            hee posted from the Armie to Witenberge <lb/>
            and from thence to the duke of Saxonie <lb/>
            and in all places gaue out the King was <lb/>
            killed, howesoever yt came to passe I am <lb/>
            sure the Kinge had falce Intilligence the <lb/>
            daye before the Battayle // <lb/>
         </p>
         <p>
            Stateene this <lb/>
            22th of december <lb/>
            1632.
         </p>
      </body>
   </text>
   <facsimile>
      <graphic n="1" url="/bl/harley_ms_537_part/harley_ms_537_f056r/harley_ms_537_f056r.jpg"/>
      <graphic n="2" url="/bl/harley_ms_537_part/harley_ms_537_f056v/harley_ms_537_f056v.jpg"/>
      <graphic n="3" url="/bl/harley_ms_537_part/harley_ms_537_f057r/harley_ms_537_f057r.jpg"/>
      <graphic n="4" url="/bl/harley_ms_537_part/harley_ms_537_f057v/harley_ms_537_f057v.jpg"/>
      <graphic n="5" url="/bl/harley_ms_537_part/harley_ms_537_f058r/harley_ms_537_f058r.jpg"/>
      <graphic n="6" url="/bl/harley_ms_537_part/harley_ms_537_f058v/harley_ms_537_f058v.jpg"/>
      <graphic n="7" url="/bl/harley_ms_537_part/harley_ms_537_f059r/harley_ms_537_f059r.jpg"/>
      <graphic n="8" url="/bl/harley_ms_537_part/harley_ms_537_f059v/harley_ms_537_f059v.jpg"/>
      <graphic n="9" url="/bl/harley_ms_537_part/harley_ms_537_f060r/harley_ms_537_f060r.jpg"/>
      <graphic n="10" url="/bl/harley_ms_537_part/harley_ms_537_f060v/harley_ms_537_f060v.jpg"/>
      <graphic n="11" url="/bl/harley_ms_537_part/harley_ms_537_f061r/harley_ms_537_f061r.jpg"/>
      <graphic n="12" url="/bl/harley_ms_537_part/harley_ms_537_f061v/harley_ms_537_f061v.jpg"/>
      <graphic n="13" url="/bl/harley_ms_537_part/harley_ms_537_f062r/harley_ms_537_f062r.jpg"/>
      <graphic n="14" url="/bl/harley_ms_537_part/harley_ms_537_f062v/harley_ms_537_f062v.jpg"/>
   </facsimile>
</TEI>