<TEI xmlns="http://www.tei-c.org/ns/1.0" xmlns:xi="http://www.w3.org/2001/XInclude">
   <teiHeader>
      <fileDesc>
         <titleStmt>
            <title>Information Against Buckingham</title>
            <author>
               <persName corresp="../people/people.xml#P0173">Juan de Mendoza y Velazquez, Marquis de la Hinojosa</persName>
            </author>
            <respStmt xml:id="NM">
               <name>Noah Millstone</name>
               <resp>Principal Investigator MPESE</resp>
            </respStmt>
            <respStmt xml:id="SV">
               <name>Sebastiaan Verweij</name>
               <resp>Co-Investigator MPESE</resp>
            </respStmt>
            <respStmt xml:id="RB">
               <name>Richard Bell</name>
               <resp>Research Associate</resp>
            </respStmt>
            <respStmt xml:id="MJ">
               <name>Mike Jones</name>
               <resp>Research Software Engineer</resp>
            </respStmt>
         </titleStmt>
         <publicationStmt xml:id="mpese_pubstat">
            <publisher>Manuscript Pamphleteering in Early Stuart England (MPESE)</publisher>
            <date when="2017">2017</date>
         </publicationStmt>
         <sourceDesc>
            <listBibl xml:id="mss_witness">
               <bibl>
               </bibl>
            </listBibl>
                <listBibl xml:id="mss_witness_generated">
                    <bibl>
                        <ref type="ms" target="../mss/All_Souls_College_MS_180.xml">All Souls College,  MS 180, ff. 178r–180r</ref>
                    </bibl>
                    <bibl>
                        <ref type="ms" target="../mss/BLAddMS11049.xml">British Library, Additional MS 11049, ff. 18r–23v</ref>
                    </bibl>
                    <bibl>
                        <ref type="ms" target="../mss/BLAddMS29587.xml">British Library, Additional MS 29587, ff. 14r–16r</ref>
                    </bibl>
                    <bibl>
                        <ref type="ms" target="../mss/BLAddMS44848.xml">British Library, Additional MS 44848, ff. 149r–151v</ref>
                    </bibl>
                    <bibl>
                        <ref type="ms" target="../mss/BLHargraveMS226.xml">British Library, Hargrave MS 226, ff. 162r–169v</ref>
                    </bibl>
                    <bibl>
                        <ref type="ms" target="../mss/BLHarleyMS4289.xml">British Library, Harley MS 4289, ff. 195v–198r</ref>
                    </bibl>
                    <bibl>
                        <ref type="ms" target="../mss/BLHarleyMS444.xml">British Library, Harley MS 444, ff. 73r–78v</ref>
                    </bibl>
                    <bibl>
                        <ref type="ms" target="../mss/BLHarleyMS4761.xml">British Library, Harley MS 4761, ff. 85r–90v</ref>
                    </bibl>
                    <bibl>
                        <ref type="ms" target="../mss/BL_Add_MS_22267.xml">British Library, Additional MS 22267, ff. 2r–5v</ref>
                    </bibl>
                    <bibl>
                        <ref type="ms" target="../mss/BL_Add_MS_64886.xml">British Library, Additional MS 64886, ff. 85r–86v</ref>
                    </bibl>
                    <bibl>
                        <ref type="ms" target="../mss/BL_Harley_MS_1581.xml">British Library, Harley MS 1581, ff. 399r–400x</ref>
                    </bibl>
                    <bibl>
                        <ref type="ms" target="../mss/BL_Lansdowne_MS_844.xml">British Library, Lansdowne MS 844, ff. 298r–299v</ref>
                    </bibl>
                    <bibl>
                        <ref type="ms" target="../mss/Beinecke_Osborn_b34.xml">Beinecke Library, Osborn b34, pp168–173</ref>
                    </bibl>
                    <bibl>
                        <ref type="ms" target="../mss/Bodl_MS_Tanner_82.xml">Bodleian Library,  MS Tanner 82, ff. 203v–208v</ref>
                    </bibl>
                    <bibl>
                        <ref type="ms" target="../mss/CUL_MS_Gg129.xml">Cambridge University Library,  MS Gg.1.29, reversing the volume, 34v–37r</ref>
                    </bibl>
                    <bibl>
                        <ref type="ms" target="../mss/CUL_MS_Ii59.xml">Cambridge University Library,  MS Ii.5.9, ff. 212r–216r</ref>
                    </bibl>
                    <bibl>
                        <ref type="ms" target="../mss/Huntington_HM_36836.xml">Huntington Library,  HM 36836, ff. 139–152</ref>
                    </bibl>
                    <bibl>
                        <ref type="ms" target="../mss/KA_U2691Oo145.xml">Kent Archives,  U269/1/Oo145</ref>
                    </bibl>
                    <bibl>
                        <ref type="ms" target="../mss/LPL_MS_251.xml">Lambeth Palace Library,  MS 251, ff. 216r–219v</ref>
                    </bibl>
                </listBibl>
         </sourceDesc>
      </fileDesc>
      <profileDesc>
         <abstract>
            <p/>
         </abstract>
         <creation>
            <date when="1624">1624</date>
            <placeName/>
         </creation>
         <textClass>
            <keywords n="text-type">
               <term/>
            </keywords>
         </textClass>
         <textClass>
            <keywords n="topic-keyword">
               <term/>
            </keywords>
         </textClass>
      </profileDesc>
      <encodingDesc>
         <editorialDecl>
            <p/>
         </editorialDecl>
      </encodingDesc>
      <revisionDesc>
         <listChange>
            <change when="2018-07-05" who="#RB" status="placeholder"/>
         </listChange>
      </revisionDesc>
   </teiHeader>
   <text>
      <body>
         <p/>
      </body>
   </text>
</TEI>