<TEI xmlns="http://www.tei-c.org/ns/1.0" xmlns:xi="http://www.w3.org/2001/XInclude">
   <teiHeader>
      <fileDesc>
         <titleStmt>
            <title>Argument Concerning Ship Money</title>
            <author>
               <persName corresp="../people/people.xml#P0174">Robert Holborne</persName>
            </author>
            <respStmt xml:id="NM">
               <name>Noah Millstone</name>
               <resp>Principal Investigator MPESE</resp>
            </respStmt>
            <respStmt xml:id="SV">
               <name>Sebastiaan Verweij</name>
               <resp>Co-Investigator MPESE</resp>
            </respStmt>
            <respStmt xml:id="RB">
               <name>Richard Bell</name>
               <resp>Research Associate</resp>
            </respStmt>
            <respStmt xml:id="MJ">
               <name>Mike Jones</name>
               <resp>Research Software Engineer</resp>
            </respStmt>
         </titleStmt>
         <publicationStmt xml:id="mpese_pubstat">
            <publisher>Manuscript Pamphleteering in Early Stuart England (MPESE)</publisher>
            <date when="2017">2017</date>
         </publicationStmt>
         <sourceDesc>
            <listBibl xml:id="mss_witness">
               <bibl>
               </bibl>
            </listBibl>
                <listBibl xml:id="mss_witness_generated">
                    <bibl>
                        <ref type="ms" target="../mss/All_Souls_College_MS_181.xml">All Souls College,  MS 181, ff. 44v–72v</ref>
                    </bibl>
                    <bibl>
                        <ref type="ms" target="../mss/Alnwick_Castle_MS_544.xml">Alnwick Castle,  MS 544</ref>
                    </bibl>
                    <bibl>
                        <ref type="ms" target="../mss/Alnwick_Castle_MS_544.xml">Alnwick Castle,  MS 544</ref>
                    </bibl>
                    <bibl>
                        <ref type="ms" target="../mss/BLHarleyMS3791.xml">British Library, Harley MS 3791, ff. 95r–97v</ref>
                    </bibl>
                    <bibl>
                        <ref type="ms" target="../mss/BLSloaneMS3933.xml">British Library, Sloane MS 3933, ff. 102v–139v</ref>
                    </bibl>
                    <bibl>
                        <ref type="ms" target="../mss/BL_Add_MS_25274.xml">British Library, Additional MS 25274, ff. 73r–189x</ref>
                    </bibl>
                    <bibl>
                        <ref type="ms" target="../mss/BL_Hargrave_MS_285.xml">British Library, Hargrave MS 285, ff. 102r–158r</ref>
                    </bibl>
                    <bibl>
                        <ref type="ms" target="../mss/BL_Lansdowne_MS_618.xml">British Library, Lansdowne MS 618, ff. 100x–151x</ref>
                    </bibl>
                    <bibl>
                        <ref type="ms" target="../mss/BL_Lansdowne_MS_619.xml">British Library, Lansdowne MS 619, ff. 101x–150x</ref>
                    </bibl>
                    <bibl>
                        <ref type="ms" target="../mss/BL_Sloane_MS_1569.xml">British Library, Sloane MS 1569, ff. 105r–156r</ref>
                    </bibl>
                    <bibl>
                        <ref type="ms" target="../mss/BL_Stowe_MS_404.xml">British Library, Stowe MS 404, ff. 121r–184r</ref>
                    </bibl>
                    <bibl>
                        <ref type="ms" target="../mss/Bodl_MS_Add_C_26.xml">Bodleian Library,  MS Add. C 26, ff. 237r–316v</ref>
                    </bibl>
                    <bibl>
                        <ref type="ms" target="../mss/Bodl_MS_Ashmole_1151.xml">Bodleian Library,  MS Ashmole 1151, item 5, 1r–88</ref>
                    </bibl>
                    <bibl>
                        <ref type="ms" target="../mss/Bodl_MS_Bodley_184.xml">Bodleian Library,  MS Bodley 184, ff. 107r–149v</ref>
                    </bibl>
                    <bibl>
                        <ref type="ms" target="../mss/Bodl_MS_Rawlinson_A_249.xml">Bodleian Library,  MS Rawlinson A 249, ff. 190r–287v</ref>
                    </bibl>
                    <bibl>
                        <ref type="ms" target="../mss/Bodl_MS_Rawlinson_D_342.xml">Bodleian Library,  MS Rawlinson D 342, ff. 168r–239v</ref>
                    </bibl>
                    <bibl>
                        <ref type="ms" target="../mss/Bodl_MS_Tanner_288.xml">Bodleian Library,  MS Tanner 288, ff. 175r–256r</ref>
                    </bibl>
                    <bibl>
                        <ref type="ms" target="../mss/CUL_MS_Dd922.xml">Cambridge University Library,  MS Dd.9.22, ff. 169r–216r</ref>
                    </bibl>
                    <bibl>
                        <ref type="ms" target="../mss/CUL_MS_Ii519.xml">Cambridge University Library,  MS Ii.5.19, ff. 52r–84v</ref>
                    </bibl>
                    <bibl>
                        <ref type="ms" target="../mss/CUL_MS_Ii527.xml">Cambridge University Library,  MS Ii.5.27, ff. 159r–180v</ref>
                    </bibl>
                    <bibl>
                        <ref type="ms" target="../mss/CUL_MS_Ii530.xml">Cambridge University Library,  MS Ii.5.30, ff. 139r–193r</ref>
                    </bibl>
                    <bibl>
                        <ref type="ms" target="../mss/Folger_MS_V_b_325.xml">Folger Shakespeare Library,  MS V.b.325, ff. 113r–164v</ref>
                    </bibl>
                    <bibl>
                        <ref type="ms" target="../mss/Huntington_EL_7877a.xml">Huntington Library,  EL 7877a</ref>
                    </bibl>
                    <bibl>
                        <ref type="ms" target="../mss/Huntington_HM_724.xml">Huntington Library,  HM 724, ff. 115–180</ref>
                    </bibl>
                    <bibl>
                        <ref type="ms" target="../mss/Huntington_Hastings_Ship_Money_Box.xml">Huntington Library, Hastings Ship Money Box, Item 7</ref>
                    </bibl>
                    <bibl>
                        <ref type="ms" target="../mss/Inner_Temple_Petyt_MS_538_43.xml">Inner Temple Library, Petyt MS 538/43, ff. 335r–480v</ref>
                    </bibl>
                    <bibl>
                        <ref type="ms" target="../mss/Queens_College_Oxford_MS_311.xml">Queen's College,  MS 311, ff. 250r–356v</ref>
                    </bibl>
                    <bibl>
                        <ref type="ms" target="../mss/TNA_SP_16_394.xml">The National Archives,  SP 16/394, ff. 2r–30r</ref>
                    </bibl>
                </listBibl>
         </sourceDesc>
      </fileDesc>
      <profileDesc>
         <abstract>
            <p/>
         </abstract>
         <creation>
            <date when="1637">1637</date>
            <placeName/>
         </creation>
         <textClass>
            <keywords n="text-type">
               <term/>
            </keywords>
         </textClass>
         <textClass>
            <keywords n="topic-keyword">
               <term>ship money</term>
            </keywords>
         </textClass>
      </profileDesc>
      <encodingDesc>
         <editorialDecl>
            <p/>
         </editorialDecl>
      </encodingDesc>
      <revisionDesc>
         <listChange>
            <change when="2018-07-05" who="#RB" status="placeholder"/>
         </listChange>
      </revisionDesc>
   </teiHeader>
   <text>
      <body>
         <p/>
      </body>
   </text>
</TEI>