<TEI xmlns="http://www.tei-c.org/ns/1.0" xmlns:xi="http://www.w3.org/2001/XInclude">
   <teiHeader>
      <fileDesc>
         <titleStmt>
            <title>The Humble Petition of the Distressed Prisoners for Debt in the Several Prisons of England</title>
            <author/>
            <respStmt xml:id="NM">
               <name>Noah Millstone</name>
               <resp>Principal Investigator MPESE</resp>
            </respStmt>
            <respStmt xml:id="SV">
               <name>Sebastiaan Verweij</name>
               <resp>Co-Investigator MPESE</resp>
            </respStmt>
            <respStmt xml:id="RB">
               <name>Richard Bell</name>
               <resp>Research Associate</resp>
            </respStmt>
            <respStmt xml:id="MJ">
               <name>Mike Jones</name>
               <resp>Research Software Engineer</resp>
            </respStmt>
         </titleStmt>
         <publicationStmt xml:id="mpese_pubstat">
            <publisher>Manuscript Pamphleteering in Early Stuart England (MPESE)</publisher>
            <date when="2017">2017</date>
         </publicationStmt>
         <sourceDesc>
            <listBibl xml:id="mss_witness">
               <bibl>
               </bibl>
            </listBibl>
                <listBibl xml:id="mss_witness_generated">
                    <bibl>
                        <ref type="ms" target="../mss/BL_Lansdowne_MS_806.xml">British Library, Lansdowne MS 806, ff. 1r–27x</ref>
                    </bibl>
                    <bibl>
                        <ref type="ms" target="../mss/LPL_Sion_College_MS_ARC_L_40_2_E50.xml">Lambeth Palace Library, Sion College MS ARC L.40.2/E50, ff. 57x–86x</ref>
                    </bibl>
                </listBibl>
            <listBibl xml:id="C17_print_witness">
               <bibl>
                  <author/>
                  <title>A petition to the Kings most excellent Maiestie, the Lords spirituall and temporall, and Commons of the Parliament now assembeld. Wherein is declared the mischiefes and inconueniences, arising to the King and Common-wealth, by the imprisoning of mens bodies for debt</title>
                  <date when="1622">1622</date>
                  <idno type="STC">14428</idno>
               </bibl>
               <bibl>
                  <author/>
                  <title>Imprisonment of mens bodyes for debt</title>
                  <date when="1641">1622</date>
                  <idno type="Wing">I106</idno>
               </bibl>
            </listBibl>
         </sourceDesc>
      </fileDesc>
      <profileDesc>
         <abstract>
            <p/>
         </abstract>
         <creation>
            <date when="1622"/>
            <placeName/>
         </creation>
         <textClass>
            <keywords n="text-type">
               <term>petition</term>
            </keywords>
         </textClass>
         <textClass>
            <keywords n="topic-keyword">
               <term>prisons</term>
               <term>debt</term>
            </keywords>
         </textClass>
      </profileDesc>
      <encodingDesc>
         <editorialDecl>
            <p/>
         </editorialDecl>
      </encodingDesc>
      <revisionDesc>
         <listChange>
            <change when="2018-07-05" who="#RB" status="placeholder"/>
         </listChange>
      </revisionDesc>
   </teiHeader>
   <text>
      <body>
         <p/>
      </body>
   </text>
</TEI>