<TEI xmlns="http://www.tei-c.org/ns/1.0" xmlns:xi="http://www.w3.org/2001/XInclude">
   <teiHeader>
      <fileDesc>
         <titleStmt>
            <title>Oath to the Covenanters</title>
            <author>
               <persName corresp="../people/people.xml#P0083">
                  George Gordon, 2nd Marquess of Huntly
               </persName>
            </author>
            <respStmt xml:id="NM">
                    <name>Noah Millstone</name>
                    <resp>Principal Investigator MPESE</resp>
                </respStmt>
            <respStmt xml:id="SV">
                    <name>Sebastiaan Verweij</name>
                    <resp>Co-Investigator MPESE</resp>
                </respStmt>
            <respStmt xml:id="RB">
                    <name>Richard Bell</name>
                    <resp>Research Associate</resp>
                </respStmt>
                <respStmt xml:id="VA">
                    <name>Victoria Anker</name>
                    <resp>BRIHC Research Impact Fellow</resp>
                </respStmt>
            <respStmt xml:id="MJ">
                    <name>Mike Jones</name>
                    <resp>Research Software Engineer</resp>
                </respStmt>
         </titleStmt>
         <publicationStmt xml:id="mpese_pubstat">
                <publisher>Manuscript Pamphleteering in Early Stuart England (MPESE)</publisher>
                <date when="2017">2017</date>
            </publicationStmt>
         <sourceDesc>
            <msDesc corresp="../mss/BLHarleyMS4931.xml">
               <msIdentifier xml:id="BL_Harley_MS_4931">
                <country>United Kingdom</country>
                <settlement>London</settlement>
                <repository>British Library</repository>
                <collection>Harley</collection>
                <idno>MS 4931</idno>
                <msName/>
             </msIdentifier>
                    <p xml:id="ms-label-generated">British Library, Harley MS 4931</p>
            </msDesc>
                <listBibl xml:id="mss_witness_generated">
                    <bibl>
                        <ref type="ms" target="../mss/All_Souls_College_MS_242.xml">All Souls College,  MS 242, ff. 86r–v</ref>
                    </bibl>
                    <bibl>
                        <ref type="ms" target="../mss/Bodl_MS_Ashmole_1142.xml">Bodleian Library,  MS Ashmole 1142, item 10, 133r–v</ref>
                    </bibl>
                    <bibl>
                        <ref type="ms" target="../mss/Bodl_MS_Ashmole_800.xml">Bodleian Library,  MS Ashmole 800, f. 57r</ref>
                    </bibl>
                    <bibl>
                        <ref type="ms" target="../mss/Bodl_MS_Tanner_395.xml">Bodleian Library,  MS Tanner 395, f. 41v</ref>
                    </bibl>
                    <bibl>
                        <ref type="ms" target="../mss/CUL_Add_MS_335.xml">Cambridge University Library, Additional MS 335, ff. 42r–v</ref>
                    </bibl>
                    <bibl>
                        <ref type="ms" target="../mss/FolgerMSVa192.xml">Folger Shakespeare Library,  MS V.a.192, ff. 11r–13r</ref>
                    </bibl>
                    <bibl>
                        <ref type="ms" target="../mss/LPL_MS_3472.xml">Lambeth Palace Library,  MS 3472, ff. 260–261</ref>
                    </bibl>
                </listBibl>
         </sourceDesc>
      </fileDesc>
      <profileDesc>
         <abstract>
                <p/>
            </abstract>
         <creation>
            <date notBefore="1638-11" when="1639">c.1639</date>
            <placeName/>
         </creation>
         <langUsage>
            <language ident="EN">English</language>
         </langUsage>
         <textClass>
            <keywords n="text-type">
               <term>oath</term>
            </keywords>
         </textClass>
         <textClass>
            <keywords n="topic-keyword">
               <term>Scotland</term>
               <term>Bishops' Wars</term>
               <term>ecclesiastical conflict</term>
               <term>confessional conflict</term>
               <term>church government</term>
               <term>Covenanters</term>
               <term>presbyterianism</term>
               <term>Scottish Church</term>
            </keywords>
         </textClass>
      </profileDesc>
      <encodingDesc>
         <editorialDecl>
            <p/>
         </editorialDecl>
      </encodingDesc>
      <revisionDesc>
         <listChange>
            <change when="2018-06-14" who="#SV" status="proofread"/>
            <change when="2018-05-30" who="#RB" status="draft"/>
         </listChange>
      </revisionDesc>
   </teiHeader>
   <text>
      <body>
         <pb n="37r" facs="/bl/harley_ms_4931_part/harley_ms_4931_f037r/harley_ms_4931_f037r.jpg"/>
         <head rend="align-centre">
            Marquisse Huntlyes Oath to the <lb/>
            Covenanters.
         </head>
         <p>
            I doe w<ex>i</ex>th all my heart acknowledge the confession of <lb/>
            faith sworne, and subscribed Anno 1580. &amp; 1581. <lb/>
            Sweare to the reformed Religion according as it was then <lb/>
            professed in this church of Scotland both in Doctrine, &amp; <lb/>
            Discipline. And as touching any Novations since intro-<lb break="no"/>
            duced, either in <ex>th</ex>e worshippe of God, or Governm<ex>en</ex>t <lb/>
            of the Church as they haue beene by <ex>th</ex>e late <lb/>
            Assembly (indicted by the Kings Majesty holden at <lb/>
            Glasgow in Novemb. 1638.) declared to be abjured <lb/>
            by the said Confession, &amp; <ex>tha</ex>t they ought to be re-<lb break="no"/>
            moved out of this church, so I acknowledge, &amp; re-<lb break="no"/>
            ceiue the Determination of <ex>th</ex>e said Assembly therin. <lb/>
            Promising, &amp; swearing by <ex>th</ex>e Greate Name of the <lb/>
            Lord my God, &amp; under all the paines contained in <lb/>
            the Law, that I shall w<ex>i</ex>th all my power assist, &amp; <lb/>
            concurre in this cause of defending Religion, the <lb/>
            Lawes, &amp; Liberties of this Church, &amp; Kingdome. <lb/>
            And that I shall endeavour by all the meanes I <lb/>
            can for promoving the same. In verification <lb/>
            wherof I haue subscribed the pr<ex>e</ex>mises w<ex>i</ex>th <lb/>
            my hand./. 
         </p>
      </body>
   </text>
   <facsimile>
      <graphic n="1" url="/bl/harley_ms_4931_part/harley_ms_4931_f037r/harley_ms_4931_f037r.jpg"/>
   </facsimile>
</TEI>