<TEI xmlns="http://www.tei-c.org/ns/1.0" xmlns:xi="http://www.w3.org/2001/XInclude">
   <teiHeader>
      <fileDesc>
         <titleStmt>
            <title>The Disparity and Difference Between George Villiers, Duke of Buckingham, and Robert Devereux, Earl of Essex</title>
            <author>
               <persName corresp="../people/people.xml#P0177">Edward Hyde</persName>
            </author>
            <respStmt xml:id="NM">
               <name>Noah Millstone</name>
               <resp>Principal Investigator MPESE</resp>
            </respStmt>
            <respStmt xml:id="SV">
               <name>Sebastiaan Verweij</name>
               <resp>Co-Investigator MPESE</resp>
            </respStmt>
            <respStmt xml:id="RB">
               <name>Richard Bell</name>
               <resp>Research Associate</resp>
            </respStmt>
            <respStmt xml:id="MJ">
               <name>Mike Jones</name>
               <resp>Research Software Engineer</resp>
            </respStmt>
         </titleStmt>
         <publicationStmt xml:id="mpese_pubstat">
            <publisher>Manuscript Pamphleteering in Early Stuart England (MPESE)</publisher>
            <date when="2017">2017</date>
         </publicationStmt>
         <sourceDesc>
            <listBibl xml:id="mss_witness">
               <bibl>
               </bibl>
            </listBibl>
                <listBibl xml:id="mss_witness_generated">
                    <bibl>
                        <ref type="ms" target="../mss/BLHarleyMS6854.xml">British Library, Harley MS 6854, ff. 145x–176x</ref>
                    </bibl>
                    <bibl>
                        <ref type="ms" target="../mss/BLLansdowneMS213.xml">British Library, Lansdowne MS 213, ff. 214r–223x?</ref>
                    </bibl>
                    <bibl>
                        <ref type="ms" target="../mss/BL_Add_MS_78654.xml">British Library, Additional MS 78654, ff. 22x–45x</ref>
                    </bibl>
                    <bibl>
                        <ref type="ms" target="../mss/BL_Harley_MS_5111.xml">British Library, Harley MS 5111, ff. 53r–72v</ref>
                    </bibl>
                    <bibl>
                        <ref type="ms" target="../mss/Bodl_MS_Clarendon_127.xml">Bodleian Library,  MS Clarendon 127, ff. 17r–26v</ref>
                    </bibl>
                    <bibl>
                        <ref type="ms" target="../mss/Bodl_MS_Willis_58.xml">Bodleian Library,  MS Willis 58, ff. 462r–486v</ref>
                    </bibl>
                    <bibl>
                        <ref type="ms" target="../mss/Inner_Temple_Petyt_MS_538_43.xml">Inner Temple Library, Petyt MS 538/43, ff. 188r–208x</ref>
                    </bibl>
                    <bibl>
                        <ref type="ms" target="../mss/Senate_House_MS_309.xml">Senate House, University of London,  MS 309, ff. 184x–207x</ref>
                    </bibl>
                </listBibl>
            <listBibl xml:id="C17_print_witness">
               <bibl>
                  <author>
                     <persName corresp="../people/people.xml#P0178">Sir Henry Wotton</persName>
                  </author>
                  <title>Reliquiæ Wottonianæ</title>
                  <date when="1651">1651</date>
                  <idno type="Wing">W3648</idno>
                  <biblScope unit="page" from="37" to="70">37-70</biblScope>
                  <biblScope unit="sigs" from="B7r" to="C11v">B7r-C11v</biblScope>
               </bibl>
               <bibl>
                  <author>
                     <persName corresp="../people/people.xml#P0178">Sir Henry Wotton</persName>
                  </author>
                  <title>Reliquiæ Wottonianæ</title>
                  <date when="1654">1654</date>
                  <idno type="Wing">W3649</idno>
                  <biblScope unit="page" from="37" to="68">37-68</biblScope>
                  <biblScope unit="sigs" from="F7r" to="G10v">F7r-G10v</biblScope>
               </bibl>
               <bibl>
                  <author>
                     <persName corresp="../people/people.xml#P0178">Sir Henry Wotton</persName>
                  </author>
                  <title>Reliquiæ Wottonianæ</title>
                  <date when="1672">1672</date>
                  <idno type="Wing">W3650</idno>
                  <biblScope unit="page" from="184" to="202">184-202</biblScope>
                  <biblScope unit="sigs" from="O6v" to="P7v">O6v-P7v</biblScope>
               </bibl>
               <bibl>
                  <author>
                     <persName corresp="../people/people.xml#P0178">Sir Henry Wotton</persName>
                  </author>
                  <title>Reliquiæ Wottonianæ</title>
                  <date when="1685">1685</date>
                  <idno type="Wing">W3651</idno>
                  <biblScope unit="page" from="184" to="202">184-202</biblScope>
                  <biblScope unit="sigs" from="O6v" to="P7v">O6v-P7v</biblScope>
               </bibl>
            </listBibl>
         </sourceDesc>
      </fileDesc>
      <profileDesc>
         <abstract>
            <p/>
         </abstract>
         <creation>
            <date when="1630">1630s?</date>
            <placeName/>
         </creation>
         <textClass>
            <keywords n="text-type">
               <term/>
            </keywords>
         </textClass>
         <textClass>
            <keywords n="topic-keyword">
               <term/>
            </keywords>
         </textClass>
      </profileDesc>
      <encodingDesc>
         <editorialDecl>
            <p/>
         </editorialDecl>
      </encodingDesc>
      <revisionDesc>
         <listChange>
            <change when="2018-07-05" who="#RB" status="placeholder"/>
         </listChange>
      </revisionDesc>
   </teiHeader>
   <text>
      <body>
         <p/>
      </body>
   </text>
</TEI>