<TEI xmlns="http://www.tei-c.org/ns/1.0" xmlns:xi="http://www.w3.org/2001/XInclude">
   <teiHeader>
      <fileDesc>
         <titleStmt>
            <title>Letters Concerning Recusants</title>
            <author>
               <persName corresp="../people/people.xml#P0016">James VI &amp; I</persName>
            </author>
            <author>
               <persName corresp="../people/people.xml#P0021">Lord Keeper Williams, Bishop of Lincoln</persName>
            </author>
            <respStmt xml:id="NM">
               <name>Noah Millstone</name>
               <resp>Principal Investigator MPESE</resp>
            </respStmt>
            <respStmt xml:id="SV">
               <name>Sebastiaan Verweij</name>
               <resp>Co-Investigator MPESE</resp>
            </respStmt>
            <respStmt xml:id="RB">
               <name>Richard Bell</name>
               <resp>Research Associate</resp>
            </respStmt>
            <respStmt xml:id="VA">
               <name>Victoria Anker</name>
               <resp>BRIHC Research Impact Fellow</resp>
            </respStmt>
            <respStmt xml:id="MJ">
               <name>Mike Jones</name>
               <resp>Research Software Engineer</resp>
            </respStmt>
            <respStmt xml:id="TW">
               <name>Tim Wales</name>
               <resp>Research Assistant</resp>
            </respStmt>
         </titleStmt>
         <publicationStmt xml:id="mpese_pubstat">
            <publisher>Manuscript Pamphleteering in Early Stuart England (MPESE)</publisher>
            <date when="2017">2017</date>
         </publicationStmt>
         <sourceDesc>
            <msDesc corresp="../mss/BLAddMS28640.xml">
               <msIdentifier xml:id="BL_Add_MS_28640">
                <country>United Kingdom</country>
                <settlement>London</settlement>
                <repository>British Library</repository>
                <collection>Additional</collection>
                <idno>MS 28640</idno>
                <msName>John Rous's diary</msName>
             </msIdentifier>
                    <p xml:id="ms-label-generated">British Library, Additional MS 28640</p>
            </msDesc>
            <listBibl xml:id="mss_witness">
               <bibl>
               </bibl>
            </listBibl>
                <listBibl xml:id="mss_witness_generated">
                    <bibl>
                        <ref type="ms" target="../mss/BLAddMS29492.xml">British Library, Additional MS 29492, ff. 18r–18v</ref>
                    </bibl>
                    <bibl>
                        <ref type="ms" target="../mss/BLAddMS44848.xml">British Library, Additional MS 44848, ff. 69v–72r</ref>
                    </bibl>
                    <bibl>
                        <ref type="ms" target="../mss/BLAddMS72407.xml">British Library, Additional MS 72407, ff. 123r–127v</ref>
                    </bibl>
                    <bibl>
                        <ref type="ms" target="../mss/BLAddMS73087.xml">British Library, Additional MS 73087, ff. 185r–v</ref>
                    </bibl>
                    <bibl>
                        <ref type="ms" target="../mss/BL_Add_MS_12496.xml">British Library, Additional MS 12496, ff. 420r–421v</ref>
                    </bibl>
                    <bibl>
                        <ref type="ms" target="../mss/BL_Add_MS_27402.xml">British Library, Additional MS 27402, f. 54r</ref>
                    </bibl>
                    <bibl>
                        <ref type="ms" target="../mss/BL_Add_MS_35832.xml">British Library, Additional MS 35832, f. 79r</ref>
                    </bibl>
                    <bibl>
                        <ref type="ms" target="../mss/BL_Add_MS_72364.xml">British Library, Additional MS 72364, f. 2r</ref>
                    </bibl>
                    <bibl>
                        <ref type="ms" target="../mss/BL_Harley_MS_360.xml">British Library, Harley MS 360, ff. 42r–47r</ref>
                    </bibl>
                    <bibl>
                        <ref type="ms" target="../mss/Bodl_MS_Eng_hist_c_272.xml">Bodleian Library,  MS Eng. hist. c. 272, f. 68</ref>
                    </bibl>
                    <bibl>
                        <ref type="ms" target="../mss/Bodl_MS_Eng_hist_d_144.xml">Bodleian Library,  MS Eng. hist. d. 144, f. 69ar</ref>
                    </bibl>
                    <bibl>
                        <ref type="ms" target="../mss/Bodl_MS_Jones_56.xml">Bodleian Library,  MS Jones 56, f. 55r</ref>
                    </bibl>
                    <bibl>
                        <ref type="ms" target="../mss/Bodl_MS_Tanner_264.xml">Bodleian Library,  MS Tanner 264, f. 31r</ref>
                    </bibl>
                    <bibl>
                        <ref type="ms" target="../mss/Bodl_MS_Tanner_265.xml">Bodleian Library,  MS Tanner 265, f. 28v</ref>
                    </bibl>
                    <bibl>
                        <ref type="ms" target="../mss/CUL_Add_MS_27.xml">Cambridge University Library, Additional MS 27, f. 90v</ref>
                    </bibl>
                    <bibl>
                        <ref type="ms" target="../mss/FolgerMSVb50.xml">Folger Shakespeare Library,  MS V.b.50, pp207–208</ref>
                    </bibl>
                    <bibl>
                        <ref type="ms" target="../mss/Folger_MS_V_b_303.xml">Folger Shakespeare Library,  MS V.b.303, p241</ref>
                    </bibl>
                    <bibl>
                        <ref type="ms" target="../mss/LPL_MS_669.xml">Lambeth Palace Library,  MS 669, p.201</ref>
                    </bibl>
                    <bibl>
                        <ref type="ms" target="../mss/LPL_MS_943.xml">Lambeth Palace Library,  MS 943, f. 81</ref>
                    </bibl>
                    <bibl>
                        <ref type="ms" target="../mss/NorthsRO_FM_C_247.xml">Northamptonshire Record Office,  F(M) C 247</ref>
                    </bibl>
                    <bibl>
                        <ref type="ms" target="../mss/TNA_SP_14_132.xml">The National Archives,  SP 14/132, /57 [f.92r]</ref>
                    </bibl>
                    <bibl>
                        <ref type="ms" target="../mss/TNA_SP_14_132.xml">The National Archives,  SP 14/132, /84 [f.213r]</ref>
                    </bibl>
                    <bibl>
                        <ref type="ms" target="../mss/TNA_SP_14_132.xml">The National Archives,  SP 14/132, /93 [f.230r]</ref>
                    </bibl>
                    <bibl>
                        <ref type="ms" target="../mss/TNA_SP_14_132.xml">The National Archives,  SP 14/132, /94 [f.232r]</ref>
                    </bibl>
                    <bibl>
                        <ref type="ms" target="../mss/TNA_SP_15_42.xml">The National Archives,  SP 15/42, /88 [f.141v]</ref>
                    </bibl>
                    <bibl>
                        <ref type="ms" target="../mss/TNA_SP_16_36.xml">The National Archives,  SP 16/36, /88 [f.141v]</ref>
                    </bibl>
                    <bibl>
                        <ref type="ms" target="../mss/UTAustinMSBLM751PhillipsMS12341.xml">UT Austin MS, BL Microfilm 751 Phillips MS 12341, pp292–293</ref>
                    </bibl>
                    <bibl>
                        <ref type="ms" target="../mss/Wellcome_Library_MS_805.xml">Wellcome Library,  MS 805, ff. 51v–52r</ref>
                    </bibl>
                </listBibl>
         </sourceDesc>
      </fileDesc>
      <profileDesc>
         <abstract>
            <p/>
         </abstract>
         <creation>
            <date when="1622">1622</date>
            <placeName/>
         </creation>
         <langUsage>
            <language ident="EN">English</language>
         </langUsage>
         <textClass>
            <keywords n="text-type">
               <term>letter</term>
            </keywords>
         </textClass>
         <textClass>
            <keywords n="topic-keyword">
               <term>Catholicism</term>
               <term>recusancy</term>
               <term>prisons</term>
            </keywords>
         </textClass>
      </profileDesc>
      <encodingDesc>
         <editorialDecl>
            <p/>
         </editorialDecl>
      </encodingDesc>
      <revisionDesc>
         <listChange>
            <change when="2018-08-01" who="#RB" status="proofread"/>
            <change when="2018-08-01" who="#RB" status="draft"/>
            <change when="2018-04-30" who="#TW" status="transcribed"/>
         </listChange>
      </revisionDesc>
   </teiHeader>
   <text>
      <body>
         <pb n="127r" facs="/bl/add_ms_28640/add_ms_28640_f127r/add_ms_28640_f127r.jpg"/>
         <lb/>
         <head rend="align-centre">
            <del rend="strikethrough">In the time of the Princes absence this was done</del>
         </head>
         <milestone type="separator" unit="nonstructural" rend="horizontal-line"/>
         <p>
            <del rend="strikethrough">
               Iames by the grace of God &amp;c. To the reuerend father <lb/>
               <add place="LM">*</add>
               in God our right trustie &amp; welbeloued Chancelor Iohn <lb/>
               Lord Bishop of Lincolne Lord keeper of our greate <lb/>
               seale of England for the time being &amp; to every of them <lb/>
               Greeting / Whereas a marriage is intended to be short=<lb break="no"/>
               lie had &amp; solemnised betweene our most deere sonne Ch<ex>arles</ex> <lb/>
               Prince of Wales &amp; the <del rend="strikethrough">
                        <gap extent="1" unit="chars"/>
                    </del> most excellent Princes the <lb/>
               Ladie Mary of Spaine the said Princesse being a Rom<ex>an</ex> <lb/>
               Chatholike We holde it fitte that such of our subjects <lb/>
               as be of the same Religion conteining themselues otherwise <lb/>
               within those bounds of loyaltie &amp; dutie as is fitting for <lb/>
               loyall &amp; obedient subjects should be treated &amp; vsed with <lb/>
               all clemencie &amp; mildnes / And therefore because we
            </del>
         </p>
      </body>
   </text>
   <facsimile>
      <graphic n="1" url="/bl/add_ms_28640/add_ms_28640_f127r/add_ms_28640_f127r.jpg"/>
   </facsimile>
</TEI>