<TEI xmlns="http://www.tei-c.org/ns/1.0" xmlns:xi="http://www.w3.org/2001/XInclude">
   <teiHeader>
      <fileDesc>
         <titleStmt>
            <title>Directions and Commands given at Newmarket to the Prince's Two Chaplains Concering their Service in Spain</title>
            <author>
               <persName corresp="../people/people.xml#P0016">James VI &amp; I</persName>
            </author>
            <respStmt xml:id="NM">
               <name>Noah Millstone</name>
               <resp>Principal Investigator MPESE</resp>
            </respStmt>
            <respStmt xml:id="SV">
               <name>Sebastiaan Verweij</name>
               <resp>Co-Investigator MPESE</resp>
            </respStmt>
            <respStmt xml:id="RB">
               <name>Richard Bell</name>
               <resp>Research Associate</resp>
            </respStmt>
            <respStmt xml:id="MJ">
               <name>Mike Jones</name>
               <resp>Research Software Engineer</resp>
            </respStmt>
         </titleStmt>
         <publicationStmt xml:id="mpese_pubstat">
            <publisher>Manuscript Pamphleteering in Early Stuart England (MPESE)</publisher>
            <date when="2017">2017</date>
         </publicationStmt>
         <sourceDesc>
            <listBibl xml:id="mss_witness">
               <bibl>
               </bibl>
            </listBibl>
                <listBibl xml:id="mss_witness_generated">
                    <bibl>
                        <ref type="ms" target="../mss/BLAddMS22587.xml">British Library, Additional MS 22587, f. 21v</ref>
                    </bibl>
                    <bibl>
                        <ref type="ms" target="../mss/Bodl_MS_Rawlinson_C_674.xml">Bodleian Library,  MS Rawlinson C 674, f. 66r</ref>
                    </bibl>
                    <bibl>
                        <ref type="ms" target="../mss/TNA_SP_14_139.xml">The National Archives,  SP 14/139, /76 [f.100r]</ref>
                    </bibl>
                    <bibl>
                        <ref type="ms" target="../mss/TNA_SP_14_139.xml">The National Archives,  SP 14/139, /77 [f.101r]</ref>
                    </bibl>
                </listBibl>
         </sourceDesc>
      </fileDesc>
      <profileDesc>
         <abstract>
            <p/>
         </abstract>
         <creation>
            <date when="1623-03-10">10 March 1623</date>
            <placeName corresp="../places/places.xml#PL0039">Newmarket</placeName>
         </creation>
         <textClass>
            <keywords n="text-type">
               <term/>
            </keywords>
         </textClass>
         <textClass>
            <keywords n="topic-keyword">
               <term/>
            </keywords>
         </textClass>
      </profileDesc>
      <encodingDesc>
         <editorialDecl>
            <p/>
         </editorialDecl>
      </encodingDesc>
      <revisionDesc>
         <listChange>
            <change when="2018-07-05" who="#RB" status="placeholder"/>
         </listChange>
      </revisionDesc>
   </teiHeader>
   <text>
      <body>
         <p/>
      </body>
   </text>
</TEI>