<TEI xmlns="http://www.tei-c.org/ns/1.0" xmlns:xi="http://www.w3.org/2001/XInclude">
   <teiHeader>
      <fileDesc>
         <titleStmt>
            <title>Extract from a letter describing events in Parliament and in London</title>
            <author/>
            <respStmt xml:id="NM">
               <name>Noah Millstone</name>
               <resp>Principal Investigator MPESE</resp>
            </respStmt>
            <respStmt xml:id="SV">
               <name>Sebastiaan Verweij</name>
               <resp>Co-Investigator MPESE</resp>
            </respStmt>
            <respStmt xml:id="RB">
               <name>Richard Bell</name>
               <resp>Research Associate</resp>
            </respStmt>
            <respStmt xml:id="VA">
               <name>Victoria Anker</name>
               <resp>BRIHC Research Impact Fellow</resp>
            </respStmt>
            <respStmt xml:id="MJ">
               <name>Mike Jones</name>
               <resp>Research Software Engineer</resp>
            </respStmt>
            <respStmt xml:id="RD">
               <name>Rebekah Day</name>
               <resp>Transcription Volunteer</resp>
            </respStmt>
            <respStmt xml:id="RDb">
               <name>Rebecca Doorbar</name>
               <resp>Transcription Volunteer</resp>
            </respStmt>
            <respStmt xml:id="TW">
               <name>Tim Wales</name>
               <resp>Research Assistant</resp>
            </respStmt>
         </titleStmt>
         <publicationStmt xml:id="mpese_pubstat">
            <publisher>Manuscript Pamphleteering in Early Stuart England (MPESE)</publisher>
            <date when="2017">2017</date>
         </publicationStmt>
         <sourceDesc>
            
            <msDesc corresp="../mss/SHC_1248_1.xml">
               <msIdentifier xml:id="SHC_1248_1">
               <country>United Kingdom</country>
               <settlement>Woking</settlement>
               <repository>Surrey History Centre</repository>
               <collection/>
               <idno>1248/1</idno>
               <msName/>
            </msIdentifier>
            </msDesc>
         </sourceDesc>
      </fileDesc>
      <profileDesc>
         <abstract>
                <p/>
            </abstract>
         <creation>
            <date when="1640">c.1640</date>
            <placeName/>
         </creation>
         <langUsage>
            <language ident="EN">English</language>
         </langUsage>
         <textClass>
            <keywords n="text-type">
               <term>letter</term>
            </keywords>
         </textClass>
         <textClass>
            <keywords n="topic-keyword">
               <term>parliament</term>
            </keywords>
         </textClass>
      </profileDesc>
      <encodingDesc>
         <editorialDecl>
            <p/>
         </editorialDecl>
      </encodingDesc>
      <revisionDesc>
         <listChange>
            <change when="2018-10-02" who="#SV" status="proofread"/>
            <change when="2018-09-25" who="#RB" status="drafted"/>
            <change when="2018-08-20" who="#RD" status="transcribed"/>
            <change when="2018-08-20" who="#RDb" status="transcribed"/>
            <change when="2018-08-20" who="#TW" status="transcribed"/>
         </listChange>
      </revisionDesc>
   </teiHeader>
   <text>
      <body>
         <pb n="15r"/>
         <p>
            On Munday Dr Chafin being called in Question for saying (in <foreign xml:id="la">concione<ex>m</ex> ad cler<ex>um</ex>
                </foreign>) <lb/>
            Fro<ex>m</ex> Puritans and lay Parlam<ex>en</ex>ts good Lord deliver vs some would have <lb/>
            sent hime to <ex>th</ex>e Tower Others would have him only on his knees accknowledge <lb/>
            his error and recant in <ex>th</ex>e same place where he had preached it. The <lb/>
            latter pr<ex>e</ex>vayled by one voice. Allderman Pennington offred from <ex>th</ex>e <lb/>
            Maior and Aldermen to lend <ex>th</ex>e House 100 thousand pounds vpon <lb/>
            <unclear>securety</unclear> of <ex>th</ex>e 2 Last subsidyes besid<ex>es</ex> <ex>th</ex>e 60 thousand pound <lb/>
            formerly promised w<ex>hi</ex>ch was accepted and <ex>tha</ex>t thankfully. <lb/>
            I forgott to say <ex>tha</ex>t in Dr Chafins busines Mr Martin seing <ex>th</ex>e other <lb/>
            side p<ex>re</ex>vayle sayd I am willing to release him clearely for <lb/>
            I am satisfyed <ex>tha</ex>t he ment not to deprave this Parlem<ex>en</ex>t <lb/>
            w<ex>hi</ex>ch hath so farr favored him as to p<ex>ro</ex>nounce him Innocent <lb/>
            On Teusday Dr Bastwik<ex>es</ex> case was fully heard and he was awar<lb break="no"/>
            ded reparac<ex>i</ex>on fro<ex>m</ex> <ex>th</ex>e L<ex>or</ex>ds of <ex>th</ex>e Starr Chamber <ex>tha</ex>t gave <ex>th</ex>e Sentence <lb/>
            That day Question was made whether all those <ex>that</ex>t made <ex>th</ex>e new <lb/>
            Cannons be in premunire Mr Bagshaw argued <ex>tha</ex>t they weere <lb/>
            Mr Hill argued <ex>tha</ex>t they were guilty of treason Mr Bredgman <lb/>
            (a B<ex>isho</ex>ps sonne) did learnedly argue <ex>tha</ex>t they were neither guil<lb break="no"/>
            ty of treason or pr<ex>e</ex>munire. It being noone <ex>th</ex>e House defered <ex>th</ex>e <lb/>
            further debate till <ex>th</ex>e next day. The ArchB<ex>isho</ex>p is sent to <ex>th</ex>e <lb/>
            Tower On Wensday Alderman Pennington came and quite <lb/>
            altered his message concerning <ex>th</ex>e loane of any Mony <lb/>
            at all. The clashing <ex>tha</ex>t was betweene Mr Martin and S<ex>i</ex>r Tho<ex>mas</ex> <lb/>
            Jermin a privy councellor and Controwler about <ex>tha</ex>t and Mr <lb/>
            Martins defence of his Father are to long to putt in a Letter <lb/>
            News being brought out of <ex>th</ex>e North in w<ex>ha</ex>t a misserable state <lb/>
            <ex>th</ex>e Armyes are for want of mony (<ex>th</ex>e p<ex>ro</ex>vision of <ex>tha</ex>t Country <lb/>
            being spent) and <ex>th</ex>e daunger <ex>tha</ex>t they must of force pillage <ex>th</ex>e <lb/>
            Country 2 or 3 days have bin taken vp in casting about for <lb/>
            Mony &amp; <ex>th</ex>e members of <ex>th</ex>e House of Parlam<ex>en</ex>t Some will <lb/>
            lend Some will be bound. On Thursday one offred in <ex>th</ex>e <lb/>
            name of <ex>th</ex>e Clergie freely to give 100 thousand pound so <ex>tha</ex>t <lb/>
            <ex>th</ex>e House would condiscend to Some propositions they weere rea<lb break="no"/>
            dy to make many weere ag<ex>ains</ex>t <ex>th</ex>e motion My L<ex>ord</ex>d Digbye sayd <lb/>
            if <ex>th</ex>e partyes weere not in daunger of <ex>th</ex>e Law it was an <lb/>
            acceptable p<ex>ro</ex>position but if they weere obnoxius we know <lb/>
            (sayd he) how to have more of them. So they had leave <lb/>
            to make their p<ex>ro</ex>positions on Friday 
         </p>
      </body>
   </text>
</TEI>