<TEI xmlns="http://www.tei-c.org/ns/1.0" xmlns:xi="http://www.w3.org/2001/XInclude">
   <teiHeader>
      <fileDesc>
         <titleStmt>
            <title>Speech of the Recorder of the City of London to King James I at his Entry</title>
            <author>
               <persName corresp="../people/people.xml#P0192">Richard Martin</persName>
            </author>
            <respStmt xml:id="NM">
               <name>Noah Millstone</name>
               <resp>Principal Investigator MPESE</resp>
            </respStmt>
            <respStmt xml:id="SV">
               <name>Sebastiaan Verweij</name>
               <resp>Co-Investigator MPESE</resp>
            </respStmt>
            <respStmt xml:id="RB">
               <name>Richard Bell</name>
               <resp>Research Associate</resp>
            </respStmt>
            <respStmt xml:id="MJ">
               <name>Mike Jones</name>
               <resp>Research Software Engineer</resp>
            </respStmt>
         </titleStmt>
         <publicationStmt xml:id="mpese_pubstat">
            <publisher>Manuscript Pamphleteering in Early Stuart England (MPESE)</publisher>
            <date when="2017">2017</date>
         </publicationStmt>
         <sourceDesc>
            <listBibl xml:id="mss_witness">
               <bibl>
               </bibl>
            </listBibl>
                <listBibl xml:id="mss_witness_generated">
                    <bibl>
                        <ref type="ms" target="../mss/All_Souls_College_MS_155.xml">All Souls College,  MS 155, ff. 7v–9v</ref>
                    </bibl>
                    <bibl>
                        <ref type="ms" target="../mss/BLAddMS4106.xml">British Library, Additional MS 4106, ff. 77r–78v</ref>
                    </bibl>
                    <bibl>
                        <ref type="ms" target="../mss/BL_Add_MS_15903.xml">British Library, Additional MS 15903, ff. 10r–11v</ref>
                    </bibl>
                    <bibl>
                        <ref type="ms" target="../mss/BL_Add_MS_25707.xml">British Library, Additional MS 25707, ff. 142r–143v</ref>
                    </bibl>
                    <bibl>
                        <ref type="ms" target="../mss/BL_Egerton_MS_2877.xml">British Library, Egerton MS 2877, ff. 78r–79v</ref>
                    </bibl>
                    <bibl>
                        <ref type="ms" target="../mss/BL_Stowe_MS_145.xml">British Library, Stowe MS 145, ff. 41v–45v</ref>
                    </bibl>
                    <bibl>
                        <ref type="ms" target="../mss/BL_Stowe_MS_180.xml">British Library, Stowe MS 180, ff. 5x–6x</ref>
                    </bibl>
                    <bibl>
                        <ref type="ms" target="../mss/Beinecke_Osborn_File_9971.xml">Beinecke Library, Osborn File 9971</ref>
                    </bibl>
                    <bibl>
                        <ref type="ms" target="../mss/Beinecke_Osborn_fb236.xml">Beinecke Library, Osborn fb236</ref>
                    </bibl>
                    <bibl>
                        <ref type="ms" target="../mss/Bodl_MS_Rawlinson_D_1045.xml">Bodleian Library,  MS Rawlinson D 1045, ff. 73–77</ref>
                    </bibl>
                    <bibl>
                        <ref type="ms" target="../mss/Bodl_MS_Rawlinson_D_859.xml">Bodleian Library,  MS Rawlinson D 859, f. 101r, 102v</ref>
                    </bibl>
                    <bibl>
                        <ref type="ms" target="../mss/FolgerMSVa206.xml">Folger Shakespeare Library,  MS V.a.206, ff. 1r–3v</ref>
                    </bibl>
                    <bibl>
                        <ref type="ms" target="../mss/Huntington_EL_1224.xml">Huntington Library,  EL 1224</ref>
                    </bibl>
                    <bibl>
                        <ref type="ms" target="../mss/LPL_MS_2858.xml">Lambeth Palace Library,  MS 2858, ff. 192r–199v</ref>
                    </bibl>
                    <bibl>
                        <ref type="ms" target="../mss/NUL_Cl_LP_26.xml">Nottingham University Library, Cl LP 26</ref>
                    </bibl>
                    <bibl>
                        <ref type="ms" target="../mss/Queens_College_Oxford_MS_130.xml">Queen's College,  MS 130, ff. 84–85</ref>
                    </bibl>
                    <bibl>
                        <ref type="ms" target="../mss/TNA_SP_12_95.xml">The National Archives,  SP 12/95, /131</ref>
                    </bibl>
                    <bibl>
                        <ref type="ms" target="../mss/TNA_SP_14_1.xml">The National Archives,  SP 14/1, /71</ref>
                    </bibl>
                    <bibl>
                        <ref type="ms" target="../mss/TNA_SP_14_2.xml">The National Archives,  SP 14/1, /71</ref>
                    </bibl>
                </listBibl>
         </sourceDesc>
      </fileDesc>
      <profileDesc>
         <abstract>
            <p/>
         </abstract>
         <creation>
            <date when="1603-05-07">7 May 1603</date>
            <placeName/>
         </creation>
         <textClass>
            <keywords n="text-type">
               <term>speech</term>
            </keywords>
         </textClass>
         <textClass>
            <keywords n="topic-keyword">
               <term/>
            </keywords>
         </textClass>
      </profileDesc>
      <encodingDesc>
         <editorialDecl>
            <p/>
         </editorialDecl>
      </encodingDesc>
      <revisionDesc>
         <listChange>
            <change when="2018-07-05" who="#RB" status="placeholder"/>
         </listChange>
      </revisionDesc>
   </teiHeader>
   <text>
      <body>
         <p/>
      </body>
   </text>
</TEI>