<TEI xmlns="http://www.tei-c.org/ns/1.0" xmlns:xi="http://www.w3.org/2001/XInclude">
   <teiHeader>
      <fileDesc>
         <titleStmt>
            <title>The True Relation of the Manner of the Proceeding in King's Bench Upon the Pardon of Sir Thomas Mounson</title>
            <author/>
            <respStmt xml:id="NM">
               <name>Noah Millstone</name>
               <resp>Principal Investigator MPESE</resp>
            </respStmt>
            <respStmt xml:id="SV">
               <name>Sebastiaan Verweij</name>
               <resp>Co-Investigator MPESE</resp>
            </respStmt>
            <respStmt xml:id="RB">
               <name>Richard Bell</name>
               <resp>Research Associate</resp>
            </respStmt>
            <respStmt xml:id="MJ">
               <name>Mike Jones</name>
               <resp>Research Software Engineer</resp>
            </respStmt>
         </titleStmt>
         <publicationStmt xml:id="mpese_pubstat">
            <publisher>Manuscript Pamphleteering in Early Stuart England (MPESE)</publisher>
            <date when="2017">2017</date>
         </publicationStmt>
         <sourceDesc>
            <listBibl xml:id="mss_witness">
               <bibl>
               </bibl>
            </listBibl>
                <listBibl xml:id="mss_witness_generated">
                    <bibl>
                        <ref type="ms" target="../mss/BLEgertonMS3138.xml">British Library, Egerton MS 3138, f. 2r</ref>
                    </bibl>
                    <bibl>
                        <ref type="ms" target="../mss/BLHargraveMS226.xml">British Library, Hargrave MS 226, ff. 231r–233v</ref>
                    </bibl>
                    <bibl>
                        <ref type="ms" target="../mss/BLHarleyMS4888.xml">British Library, Harley MS 4888, f. 252x</ref>
                    </bibl>
                    <bibl>
                        <ref type="ms" target="../mss/BLSloaneMS1002.xml">British Library, Sloane MS 1002, ff. 74r–76v</ref>
                    </bibl>
                    <bibl>
                        <ref type="ms" target="../mss/BL_Add_MS_69392.xml">British Library, Additional MS 69392, ff. 62r–63r</ref>
                    </bibl>
                    <bibl>
                        <ref type="ms" target="../mss/BL_Harley_MS_738.xml">British Library, Harley MS 738, ff. 189–192x</ref>
                    </bibl>
                    <bibl>
                        <ref type="ms" target="../mss/Beinecke_Osborn_b32.xml">Beinecke Library, Osborn b32, pp62–66</ref>
                    </bibl>
                    <bibl>
                        <ref type="ms" target="../mss/Senate_House_MS_308.xml">Senate House, University of London,  MS 308, ff. 255r–256v</ref>
                    </bibl>
                    <bibl>
                        <ref type="ms" target="../mss/TNA_SP_14_90.xml">The National Archives,  SP 14/90, /62 [ff.111r–112v]</ref>
                    </bibl>
                    <bibl>
                        <ref type="ms" target="../mss/TNA_SP_14_90.xml">The National Archives,  SP 14/90, /63 [ff.113r–115r]</ref>
                    </bibl>
                </listBibl>
         </sourceDesc>
      </fileDesc>
      <profileDesc>
         <abstract>
            <p/>
         </abstract>
         <creation>
            <date when="1616">1616</date>
            <placeName/>
         </creation>
         <textClass>
            <keywords n="text-type">
               <term/>
            </keywords>
         </textClass>
         <textClass>
            <keywords n="topic-keyword">
               <term/>
            </keywords>
         </textClass>
      </profileDesc>
      <encodingDesc>
         <editorialDecl>
            <p/>
         </editorialDecl>
      </encodingDesc>
      <revisionDesc>
         <listChange>
            <change when="2018-07-05" who="#RB" status="placeholder"/>
         </listChange>
      </revisionDesc>
   </teiHeader>
   <text>
      <body>
         <p/>
      </body>
   </text>
</TEI>