<TEI xmlns="http://www.tei-c.org/ns/1.0" xmlns:xi="http://www.w3.org/2001/XInclude">
   <teiHeader>
      <fileDesc>
         <titleStmt>
            <title>Oath Offered to the Scots in London</title>
            <author/>
            <respStmt xml:id="NM">
                    <name>Noah Millstone</name>
                    <resp>Principal Investigator MPESE</resp>
                </respStmt>
            <respStmt xml:id="SV">
                    <name>Sebastiaan Verweij</name>
                    <resp>Co-Investigator MPESE</resp>
                </respStmt>
            <respStmt xml:id="RB">
                    <name>Richard Bell</name>
                    <resp>Research Associate</resp>
                </respStmt>
                <respStmt xml:id="VA">
                    <name>Victoria Anker</name>
                    <resp>BRIHC Research Impact Fellow</resp>
                </respStmt>
            <respStmt xml:id="MJ">
                    <name>Mike Jones</name>
                    <resp>Research Software Engineer</resp>
                </respStmt>
         </titleStmt>
         <publicationStmt xml:id="mpese_pubstat">
                <publisher>Manuscript Pamphleteering in Early Stuart England (MPESE)</publisher>
                <date when="2017">2017</date>
            </publicationStmt>
         <sourceDesc>
            <msDesc corresp="../mss/BLAddMS11045.xml">
               <msIdentifier xml:id="BL_Add_MS_11045">
               <country>United Kingdom</country>
               <settlement>London</settlement>
               <repository>British Library</repository>
               <collection>Additional</collection>
               <idno>MS 11045</idno>
               <msName/>
            </msIdentifier>
                    <p xml:id="ms-label-generated">British Library, Additional MS 11045</p>
            </msDesc>
                <listBibl xml:id="mss_witness_generated">
                    <bibl>
                        <ref type="ms" target="../mss/BL_Sloane_MS_650.xml">British Library, Sloane MS 650, ff. 91r–v</ref>
                    </bibl>
                    <bibl>
                        <ref type="ms" target="../mss/CUL_MS_Dd364.xml">Cambridge University Library,  MS Dd.3.64, ff. 54r–55r</ref>
                    </bibl>
                </listBibl>
         </sourceDesc>
      </fileDesc>
      <profileDesc>
         <abstract>
                <p/>
            </abstract>
         <creation>
            <date when="1639">1639</date>
            <placeName corresp="../places/places.xml#PL0001">London</placeName>
         </creation>
         <langUsage>
            <language ident="EN">English</language>
         </langUsage>
         <textClass>
            <keywords n="text-type">
               <term>oath</term>
               <term>newsletter</term>
            </keywords>
         </textClass>
         <textClass>
            <keywords n="topic-keyword">
               <term>Scotland</term>
               <term>Covenanters</term>
               <term>Bishops' Wars</term>
            </keywords>
         </textClass>
      </profileDesc>
      <encodingDesc>
         <editorialDecl>
            <p/>
         </editorialDecl>
      </encodingDesc>
      <revisionDesc>
         <listChange>
            <change status="draft" who="#RB" when="2017-10-04"/>
            <change status="proofread" who="#NM" when="2018-07-04"/>
         </listChange>
      </revisionDesc>
   </teiHeader>
   <text>
      <body>
         
         <pb n="29r" facs="/bl/add_ms_11045_part/add_ms_11045_f029r/add_ms_11045_f029r.jpg"/>
         <p>
            Every wensdaye, and Fridaye, since the lords haue sett in Counsell <lb/>
            since Whitsontyde, the scotch men about the <sic>the</sic> Court, and <lb/>
            Citty, haue bine sommond to the boord to take this oath following, <lb/>
            the coppy of which I could not gett, till most of them had <lb/>
            swoarne yt, It is as followeth I. AB. doe faithfully <lb/>
            sweare, protest, and promise, that I will honour, and obay <lb/>
            my soveraigne lord kinge Charles, and will beare faithfull, <lb/>
            and true allegience vnto him, and defend, and mayntayne <lb/>
            his royall power, and authority, And that I will not beare <lb/>
            Armes, or doe any rebellious, or hostile act against him, or <lb/>
            protest against any of his royall commaunds, but submitt <lb/>
            my selfe <del rend="strikethrough">in all due obedience</del> in all due obedience therevnto, <lb/>
            And that I will not enter into any Covenant, or bond of <lb/>
            mutuall defence, and assistance against all sorts of persons <lb/>
            whatsoever: or into any <add place="above">Covenant</add>, or bond of mutuall defence, and <lb/>
            assistence against any person whatsoever by force, without <lb/>
            his Ma<ex>jes</ex>t<ex>y'</ex>s leave, and royall authoritie, And I doe renounce, <lb/>
            and abiure all oathes, Covenants, and bonds whatsoever, <lb/>
            contrary to what I haue here in swoarne, protested, and pro=<lb break="no"/>
            mised soe helpe mee God in christ Iesus: The lords of the <lb/>
            Counsell administer this oath by a Commission under the greate <lb/>
            seale: lord Keeper tells those, whoe are to receave it, that <lb/>
            their Country men in Ireland, petitiond to take an oath, <lb/>
            to shewe their loyalties in this tyme of the defection of their <lb/>
            Country men in the kingdome of Scotland, And that they <lb/>
            haveing all taken it, his Ma<ex>jes</ex>tie thinkes it fitt, those his servants <lb/>
            of that nation, and all others within, and about the Citty <lb/>
            of london should alsoe take the same oath, which all of them <lb/>
            haue done that haue bine yet calld without scruple, save <lb/>
            onely S<ex>i</ex>r Iohn Witchard of the privey Chamber, whoe the <lb/>
            last Fridaye, desired the coppy of it, before hee swoare to it, <lb/>
            that hee might haue till the next sitting to consier yt, promse=<lb break="no"/>
            ing either then to take yt, or if hee should not, to submitt him=<lb break="no"/>
            selfe to the sensure, which should bee <del rend="strikethrough">done</del> <add place="above">due</add> vnto him for refuse=<lb break="no"/>
            ing yt, which is graunted: I haue heard this reason given, why <lb/>
            the coppy of this oath was conceald all this while, because, when <lb/>
            any thing of this nature is publisht, some Covenanter, or ill <lb/>
            affected person raiseth one Quære, or other, thereby to overthrowe <lb/>
            the kings service in it, and to trouble those mens braines, whome <lb/>
            it concernes: 
         </p>
      </body>
   </text>
   <facsimile>
      <graphic n="1" url="/bl/add_ms_11045_part/add_ms_11045_f029r/add_ms_11045_f029r.jpg"/>
      <graphic n="2" url="/bl/add_ms_11045_part/add_ms_11045_f029v/add_ms_11045_f029v.jpg"/>
      <graphic n="3" url="/bl/add_ms_11045_part/add_ms_11045_f030r/add_ms_11045_f030r.jpg"/>
      <graphic n="4" url="/bl/add_ms_11045_part/add_ms_11045_f030v/add_ms_11045_f030v.jpg"/>
   </facsimile>
</TEI>