<TEI xmlns="http://www.tei-c.org/ns/1.0" xmlns:xi="http://www.w3.org/2001/XInclude">
   <teiHeader>
      <fileDesc>
         <titleStmt>
            <title>Letter to the Justices of Devonshire for a Speedy Levy</title>
            <author>
               <persName>Privy Council of England</persName>
            </author>
            <respStmt xml:id="NM">
               <name>Noah Millstone</name>
               <resp>Principal Investigator MPESE</resp>
            </respStmt>
            <respStmt xml:id="SV">
               <name>Sebastiaan Verweij</name>
               <resp>Co-Investigator MPESE</resp>
            </respStmt>
            <respStmt xml:id="RB">
               <name>Richard Bell</name>
               <resp>Research Associate</resp>
            </respStmt>
            <respStmt xml:id="MJ">
               <name>Mike Jones</name>
               <resp>Research Software Engineer</resp>
            </respStmt>
         </titleStmt>
         <publicationStmt xml:id="mpese_pubstat">
            <publisher>Manuscript Pamphleteering in Early Stuart England (MPESE)</publisher>
            <date when="2017">2017</date>
         </publicationStmt>
         <sourceDesc>
            <listBibl xml:id="mss_witness">
               <bibl>
               </bibl>
            </listBibl>
                <listBibl xml:id="mss_witness_generated">
                    <bibl>
                        <ref type="ms" target="../mss/Bodl_MS_Tanner_72.xml">Bodleian Library,  MS Tanner 72, ff. 245r–246r</ref>
                    </bibl>
                    <bibl>
                        <ref type="ms" target="../mss/Houghton_fMS_Eng_1266_1.xml">Houghton Library,  fMS Eng 1266.1, ff. 96r–v</ref>
                    </bibl>
                    <bibl>
                        <ref type="ms" target="../mss/NorthsRO_FH2381.xml">Northamptonshire Record Office,  FH2381, ff. 3v–4r</ref>
                    </bibl>
                    <bibl>
                        <ref type="ms" target="../mss/PA_HL_PO_RO_1_37.xml">Parliamentary Archives,  HL/PO/RO/1/37, pp.9–11</ref>
                    </bibl>
                </listBibl>
         </sourceDesc>
      </fileDesc>
      <profileDesc>
         <abstract>
            <p/>
         </abstract>
         <creation>
            <date when="1628">1628</date>
            <placeName/>
         </creation>
         <textClass>
            <keywords n="text-type">
               <term/>
            </keywords>
         </textClass>
         <textClass>
            <keywords n="topic-keyword">
               <term/>
            </keywords>
         </textClass>
      </profileDesc>
      <encodingDesc>
         <editorialDecl>
            <p/>
         </editorialDecl>
      </encodingDesc>
      <revisionDesc>
         <listChange>
            <change when="2018-07-05" who="#RB" status="placeholder"/>
         </listChange>
      </revisionDesc>
   </teiHeader>
   <text>
      <body>
         <p/>
      </body>
   </text>
</TEI>