<TEI xmlns="http://www.tei-c.org/ns/1.0" xmlns:xi="http://www.w3.org/2001/XInclude">
   <teiHeader>
      <fileDesc>
         <titleStmt>
            <title>Prophecy of John Cyprianus</title>
            <author/>
            <respStmt xml:id="NM">
               <name>Noah Millstone</name>
               <resp>Principal Investigator MPESE</resp>
            </respStmt>
            <respStmt xml:id="SV">
               <name>Sebastiaan Verweij</name>
               <resp>Co-Investigator MPESE</resp>
            </respStmt>
            <respStmt xml:id="RB">
               <name>Richard Bell</name>
               <resp>Research Associate</resp>
            </respStmt>
            <respStmt xml:id="VA">
               <name>Victoria Anker</name>
               <resp>BRIHC Research Impact Fellow</resp>
            </respStmt>
            <respStmt xml:id="MJ">
               <name>Mike Jones</name>
               <resp>Research Software Engineer</resp>
            </respStmt>
            <respStmt xml:id="TW">
               <name>Tim Wales</name>
               <resp>Research Assistant</resp>
            </respStmt>
         </titleStmt>
         <publicationStmt xml:id="mpese_pubstat">
            <publisher>Manuscript Pamphleteering in Early Stuart England (MPESE)</publisher>
            <date when="2017">2017</date>
         </publicationStmt>
         <sourceDesc>
            <msDesc corresp="../mss/BLAddMS28640.xml">
               <msIdentifier xml:id="BL_Add_MS_28640">
                <country>United Kingdom</country>
                <settlement>London</settlement>
                <repository>British Library</repository>
                <collection>Additional</collection>
                <idno>MS 28640</idno>
                <msName>John Rous's diary</msName>
             </msIdentifier>
                    <p xml:id="ms-label-generated">British Library, Additional MS 28640</p>
            </msDesc>
            <listBibl xml:id="mss_witness">
               <bibl>
               </bibl>
            </listBibl>
                <listBibl xml:id="mss_witness_generated"/>
         </sourceDesc>
      </fileDesc>
      <profileDesc>
         <abstract>
            <p/>
         </abstract>
         <creation>
            <date/>
            <placeName/>
         </creation>
         <langUsage>
            <language ident="EN">English</language>
         </langUsage>
         <textClass>
            <keywords n="text-type">
               <term>prophecy</term>
            </keywords>
         </textClass>
         <textClass>
            <keywords n="topic-keyword">
               <term/>
            </keywords>
         </textClass>
      </profileDesc>
      <encodingDesc>
         <editorialDecl>
            <p/>
         </editorialDecl>
      </encodingDesc>
      <revisionDesc>
         <listChange>
            <change when="2018-08-06" who="#RB" status="proofread"/>
            <change when="2018-08-03" who="#RB" status="draft"/>
            <change when="2018-05-01" who="#TW" status="transcribed"/>
         </listChange>
      </revisionDesc>
   </teiHeader>
   <text>
      <body>
         <pb n="152r" facs="/bl/add_ms_28640/add_ms_28640_f152r/add_ms_28640_f152r.jpg"/>
         <head rend="align-centre">
            <hi rend="italic">
               A most strange &amp; wonderfull p<ex>ro</ex>phesie &amp;c. calculated by the famous &amp;c <lb/>
               maister Iohn Cypriano, conferred with &amp;c Iames Marchecelsus and other <lb/>
               Astronomers under the Emperor &amp;c sent out of Germany into Italy &amp;c <lb/>
               to the rarest Necromancer in the &amp;c.
            </hi>
         </head>
         <p rend="align-centre">
            <hi rend="italic">
               Whereunto is annexed Tarquatus &amp;c. <space extent="5" unit="chars"/> translated out of Italia<ex>n</ex>. 
            </hi>
         </p>
         <p>
            <hi rend="italic">
               A most strange &amp; wonderfull p<ex>ro</ex>phesie upo<ex>n</ex> this troublesome world.
            </hi>
         </p>
         <milestone type="separator" unit="nonstructural" rend="horizontal-line"/>
         <p>
            Oxford &amp; Cambridge, Wittenberge &amp; Padua you glorious vniu<ex>er</ex>sities of <lb/>
            Christendome take truce for a season, with your deepe inspiring sciences <lb/>
            &amp; vouchsafe to fixe your ingenious judgments vpon this rare &amp; wonderfull <lb/>
            p<ex>ro</ex>hecie calculated by the famous Do<ex>cto</ex>r in Astrologie M<ex>aster</ex> Iohn <hi rend="italic">Cypriano</hi> As=<lb break="no"/>
            tronomer vnder the Emperor of Christendome, agreable to the judgments <lb/>
            of Iames Marcheselsus &amp; Signior Guinardo two learned Clerkes in <lb/>
            Germanie &amp;c the like not accomplished in any age, for the angry heavens <lb/>
            by fearfull visions, foredooming Com<del rend="strikethrough">m</del>ets &amp; strange conjunctio<ex>n</ex> of Planets <lb/>
            doth prognosticate to this sinfull world, the alteratio<ex>n</ex> of kingdomes fall of <lb/>
            princes, overthrowe of Commonwealths, desolatio<ex>n</ex> of countries, ruine of <lb/>
            Cities Townes &amp; Villages, Earthquakes Flouds &amp; mighty tempests where <lb/>
            by the whole world will be greatly annoied. Also by the variable course <lb/>
            of the elements all nations vnder the circuite of the sunne will be grie=<lb break="no"/>
            vouslie vexed with bloudie warres famine death scarcitie &amp;c. with strange <lb/>
            &amp; fearfull accidents in Europe Africa &amp; Asia, all which for our wickednes &amp;c
         </p>
         <milestone type="separator" unit="nonstructural" rend="horizontal-line"/>
         <p>
            In the Northerne border of the earth, is scituate a Forest triangle-wise <lb/>
            environed with a wall of brasse, fro<ex>m</ex> which forrest shall flie a fortunate <lb/>
            fowle that shall swimme even to the borders of Africa &amp; there light vpo<ex>n</ex> <lb/>
            a golden tree fro<ex>m</ex> whence she shall pull three branches of gould &amp; so tri=<lb break="no"/>
            u<ex>m</ex>phantly returne backe to the forrest againe. <del rend="strikethrough">&amp; </del>at which an eagle that <lb/>
            buildes her neste vpon a golden steeple, <add place="above">shall</add> much repine &amp; sende forthe many <lb/>
            secret fiers to wast the said forrest but every one shall be quenched be=<lb break="no"/>
            fore the blaze be kindled. Many princes shall seeke by pollicie to hunte <lb/>
            therein but at the gates thereof shall take a greate repulse: so fortu=<lb break="no"/>
            nate &amp; fruitefull shall this forest be &amp; so invincible her towers of brasse <lb/>
            that all the kingdomes of the earth shall admire her <hi rend="underline">fortitude</hi> &amp; grace her <lb/>
            with the title of that blessed paradice &amp;c. After this the sea shall be <lb/>
            mightier then the land, for there the corners of the world shall meete <lb/>
            &amp; fight a terrible battaile wherein a mightie ma<ex>n</ex> shall be overthrowne/
         </p>
         <milestone type="separator" unit="nonstructural" rend="horizontal-line"/>
         <p>
            In the West shall lurke a bloudie serpent in a Denne which hath not seene <lb/>
            the light these many yeeres, but yet this bloudie serpent shall haue <lb/>
            many stings, which shall stretche into all the corners of Europe &amp; be
            <pb n="152r" facs="/bl/add_ms_28640/add_ms_28640_f152r/add_ms_28640_f152r.jpg"/>
            annoyance to the whole state of Christendome. Then from the north shall <lb/>
            come a Dragon that shall breake out the serpents teeth &amp; plucke forth <lb/>
            his stings, that he shall neither bite nor sting, yet shall the serpent <lb/>
            keepe his Denne &amp; receiue succour from the Eagle in the golde<ex>n</ex> steeple.
         </p>
         <milestone type="separator" unit="nonstructural" rend="horizontal-line"/>
         <p>
            In the South shall liue a wolfe vpon the Commons bloude &amp; quaffe <lb/>
            downe townes into his thirstie throate, but in the middest of this blou=<lb break="no"/>
            die banquet shall he choke himselfe &amp; die.
         </p>
         <milestone type="separator" unit="nonstructural" rend="horizontal-line"/>
         <p>
            Out of the Easte shall come a dismall blacke dogge that like a thiefe <lb/>
            by night shall enter Germanie, in which enterprise he shall loose one <lb/>
            of his limbes &amp; departe with a yelping sounde at which the Limits <lb/>
            of Africa &amp; Asia shall quake. This dogge shall afterward forsake his <lb/>
            maister &amp; chuse himselfe a newe name, whereby the Scriptures shall <lb/>
            be full<del rend="strikethrough">-</del>filled. This dog is the Turke who shall forsake Mahomet <lb/>
            &amp; chuse the name of Christian, which is a signe the day of Doome is <lb/>
            at hand when all the earth is subjecte to one god.
         </p>
         <milestone type="separator" unit="nonstructural" rend="horizontal-line"/>
         <p>
            The Flower de luce &amp; France shall liue long at variance but at <lb/>
            length shall agree.
         </p>
         <milestone type="separator" unit="nonstructural" rend="horizontal-line"/>
         <p>
            The bowels of Spaine shall be splitte in sundre &amp; Divided for <lb/>
            wante of governmente, even in those dayes when the golden eagle <lb/>
            shall be consumed with fire That seaven headed citie nowe more <lb/>
            braue then Ierusalem shall be more desolate the<ex>n</ex> Ierusalem. Then <lb/>
            shall the cleere word spring forthe &amp; florishe through the worlde <lb/>
            which never shall be taken from vs againe. After this a milke <lb/>
            white dove shall be lifted vp to honour by ij golden lions &amp; <lb/>
            receiue a crowne of goulde.
         </p>
         <milestone type="separator" unit="nonstructural" rend="horizontal-line"/>
         <p>
            But after all these things shall the ende of the world approche <lb/>
            therefore shall there be heavie &amp; pitifull dayes with much warres <lb/>
            &amp; other alterations of the world, All which is likely to ensue &amp;c.
         </p>
         <milestone type="separator" unit="nonstructural" rend="horizontal-line"/>
         <p>
            <hi rend="italic">
               To this former fiction was joyned another called <space extent="4" unit="chars"/> Tarquatus Vande<add place="above">r</add>mers <lb/>
               7 yeeres studie in Magicke upo<ex>n</ex> the 12 months wherein many secrets are reuealed to <lb/>
               the worlde <space extent="8" unit="chars"/> 1509 or rather corrected 1598.
            </hi>
         </p>
         <p>
            <hi rend="italic">Ianuary</hi> <space extent="8" unit="chars"/> Vpon the land where most sinne &amp; wickednes doth abound, a shower <lb/>
            of bloud p<ex>ro</ex>gnosticating the destruction of that region shall raine <ex>th</ex>e space of an houre.
         </p>
         <p>
            <hi rend="italic">February</hi> <space extent="8" unit="chars"/> Rumors of warres in all nations shall cause the<ex>m</ex> to muster the best <lb/>
            souldiers. Trafficke by sea shall be denied, &amp; eche country forced to liue of his 
            <add place="below">owne</add>.
         </p>
         <p>
            <hi rend="italic">March</hi> <space extent="8" unit="chars"/> The seas by tempests shall overflowe an Island where <lb/>
            the double crosse hath government<del rend="strikethrough">s</del> only because <add place="above">of</add> the princes hainous sinnes.
         </p>
         <pb n="153r" facs="/bl/add_ms_28640/add_ms_28640_f153r/add_ms_28640_f153r.jpg"/>
         <p>
            <hi rend="italic">Aprill.</hi> <space extent="7" unit="chars"/> A terrible sea battell shall turne the co<del rend="strikethrough">u</del>lour of the water <lb/>
            into bloude, more sanguine the<ex>n</ex> the redde seas.
         </p>
         <p>
            <hi rend="italic">May.</hi> <space extent="8" unit="chars"/> The earth shall be burthened with bloudie warres. some nations <lb/>
            shall be so desolate by furnishing forth soldiers <ex>tha</ex>t 7 wome<ex>n</ex> shall followe j ma<ex>n</ex>
         </p>
         <p>
            <hi rend="italic">Iune</hi> <space extent="8" unit="chars"/> A province East shall fight in defence of a wrong cause &amp; god <lb/>
            shall raine downe fier fro<ex>m</ex> heaven &amp; burne those people in theire tents.
         </p>
         <p>
            <hi rend="italic">Iuly</hi> <space extent="8" unit="chars"/> The weather extreme hote, soldiers shall not abide theire ar=<lb break="no"/>
            mour. multitudes shall die with wante of water. &amp; cattell want foode.
         </p>
         <p>
            <hi rend="italic">August.</hi> <space extent="6" unit="chars"/> Plague &amp; mortalitie shall not leave enough to gather in the <lb/>
            fruites of the earth. Swarmes of fowles &amp; flies shall stroie <ex>th</ex>e corne <del rend="strikethrough">&amp;</del> fro<ex>m</ex> <lb/>
            the grounde &amp; where they goe leave the earth barre<ex>n</ex>.
         </p>
         <p>
            <hi rend="italic">September.</hi> <space extent="3" unit="chars"/> The earth being vnnaturall, cattell shall rotte above ground <lb/>
            &amp; breede store of <del rend="strikethrough">vernine</del> vermine that shall empoyso<ex>n</ex> the soile.
         </p>
         <p>
            <hi rend="italic">October.</hi> <space extent="6" unit="chars"/> Such wante of corne shall there be, that in some Countries <ex>th</ex>e <lb/>
            child shall sterve sucking, the mother wanting foode.
         </p>
         <p>
            <hi rend="italic">Nouember.</hi> <space extent="4" unit="chars"/> A triumphant conquest shall be bruted through the world of <lb/>
            mightie Conquerer that takes truce w<ex>i</ex>t<ex>h</ex> the earth &amp; settes it quiet.
         </p>
         <p>
            <hi rend="italic">December</hi> <space extent="5" unit="chars"/> All warres shall ende, Religio<ex>n</ex> shall be preached truly <del rend="strikethrough">throu</del> <lb/>
            through the world. All things vnited vp in peace, treasons &amp; rebelli=<lb break="no"/>
            ons shall not be thought vpon. Thus will come that happie time the <lb/>
            blessed soules in heaven doe continually pray for.
         </p>
         <milestone type="separator" unit="nonstructural" rend="horizontal-line"/>
         <milestone type="separator" unit="nonstructural" rend="horizontal-line"/>
         <p>
            <lg>
               <l>Right shall Roche &amp; the people shall preache preste</l>
               <l>&amp; the Temple shall tremble for his reste.</l>
               <l>The Falcons wings shall be pluckte in that store</l>
               <l>then dare he not abide in Castell <del rend="strikethrough">no<ex>n</ex>
                        </del> nor in tower</l>
               <l>The Eagle must flee over the moulde</l>
               <l>&amp; an horse of tree shall be his best houlde</l>
               <l>When the beare is moseled &amp; cannot bite</l>
               <l>When the horse hoppeled &amp; cannot smite</l>
               <l>When the swanne is sicke &amp; cannot swimme</l>
               <l>then  shall the Flemings into England winne</l>
               <l>A Bishop shall haue the Crowne in governance</l> 
               <l>Which was never borne to that estate</l>
               <l>The Commons of England shall aske on him a vengeance</l>
               <l>&amp; cause all the land to be at strife &amp; debate.</l>
               <l>A mowle shall come &amp; overturne with her snoute</l>
               <l>such sawes &amp; lawes as hir sonne went aboute</l>
               <l>A piteous case no truth ca<ex>n</ex> be found</l> 
               <l>A Bishop shall haue his deadly wound</l>
            </lg>
            <lg style="transform:rotateZ(90deg)">
               <l>Then woe be to them that take crosse in hand</l>
               <l>bassed &amp; banished out of the land. /</l>
            </lg>
         </p>
      </body>
   </text>
   <facsimile>
      <graphic n="1" url="/bl/add_ms_28640/add_ms_28640_f152r/add_ms_28640_f152r.jpg"/>
      <graphic n="2" url="/bl/add_ms_28640/add_ms_28640_f152v/add_ms_28640_f152v.jpg"/>
      <graphic n="3" url="/bl/add_ms_28640/add_ms_28640_f153r/add_ms_28640_f153r.jpg"/>
   </facsimile>
</TEI>