<TEI xmlns="http://www.tei-c.org/ns/1.0" xmlns:xi="http://www.w3.org/2001/XInclude">
   <teiHeader>
      <fileDesc>
         <titleStmt>
            <title>A Speech to the King Concerning Toleration of Popery, Attributed to Archbishop Abbot</title>
            <author>
               <persName corresp="../people/people.xml#P0204">Pseudo-Abbot</persName>
            </author>
            <respStmt xml:id="NM">
               <name>Noah Millstone</name>
               <resp>Principal Investigator MPESE</resp>
            </respStmt>
            <respStmt xml:id="SV">
               <name>Sebastiaan Verweij</name>
               <resp>Co-Investigator MPESE</resp>
            </respStmt>
            <respStmt xml:id="RB">
               <name>Richard Bell</name>
               <resp>Research Associate</resp>
            </respStmt>
            <respStmt xml:id="VA">
               <name>Victoria Anker</name>
               <resp>BRIHC Research Impact Fellow</resp>
            </respStmt>
            <respStmt xml:id="MJ">
               <name>Mike Jones</name>
               <resp>Research Software Engineer</resp>
            </respStmt>
            <respStmt xml:id="TW">
               <name>Tim Wales</name>
               <resp>Research Assistant</resp>
            </respStmt>
         </titleStmt>
         <publicationStmt xml:id="mpese_pubstat">
            <publisher>Manuscript Pamphleteering in Early Stuart England (MPESE)</publisher>
            <date when="2017">2017</date>
         </publicationStmt>
         <sourceDesc>
            <msDesc corresp="../mss/BLHargraveMS311.xml">
               <msIdentifier xml:id="BL_Hargrave_MS_311">
                <country>United Kingdom</country>
                <settlement>London</settlement>
                <repository>British Library</repository>
                <collection>Hargrave</collection>
                <idno>MS 311</idno>
                <msName/>
             </msIdentifier>
                    <p xml:id="ms-label-generated">British Library, Hargrave MS 311</p>
            </msDesc>
            <listBibl xml:id="mss_witness">
               <bibl>
               </bibl>
            </listBibl>
                <listBibl xml:id="mss_witness_generated">
                    <bibl>
                        <ref type="text" target="PseudoAbbot1623v1.xml">Transcript</ref> of <ref type="ms" target="../mss/BLAddMS28640.xml">British Library, Additional MS 28640, ff. 112r–v</ref>
                    </bibl>
                    <bibl>
                        <ref type="ms" target="../mss/BLAddMS44848.xml">British Library, Additional MS 44848, ff. 138v–139v</ref>
                    </bibl>
                    <bibl>
                        <ref type="ms" target="../mss/BLHarleyMS4761.xml">British Library, Harley MS 4761, ff. 132v–133v</ref>
                    </bibl>
                </listBibl>
         </sourceDesc>
      </fileDesc>
      <profileDesc>
         <abstract>
            <p/>
         </abstract>
         <creation>
            <date when="1623">1623</date>
            <placeName/>
         </creation>
         <langUsage>
            <language ident="EN">English</language>
         </langUsage>
         <textClass>
            <keywords n="text-type">
               <term>speech</term>
               <term>satire</term>
            </keywords>
         </textClass>
         <textClass>
            <keywords n="topic-keyword">
               <term>Catholicism</term>
               <term>recusancy</term>
               <term>confessional conflict</term>
            </keywords>
         </textClass>
      </profileDesc>
      <encodingDesc>
         <editorialDecl>
            <p/>
         </editorialDecl>
      </encodingDesc>
      <revisionDesc>
         <listChange>
            <change when="2018-08-10" who="#RB" status="draft"/>
         </listChange>
      </revisionDesc>
   </teiHeader>
   <text>
      <body>
         <pb n="205r" facs="/bl/hargrave_ms_311_part/hargrave_ms_311_f205r/hargrave_ms_311_f205r.jpg"/>
         <p>
            May it please yo<ex>u</ex>r Ma<ex>jes</ex>tie: <space extent="4" unit="chars"/> I have been too long silent and <lb/>
            I am afraid I have neglected the duty of the place it hath <lb/>
            pleased God to call me vnto and yo<ex>u</ex>r Ma<ex>jes</ex>ty to place me therein; <lb/>
            But nowe I humbly crave leave I may discharge my conscience <lb/>
            toward God, and my dutie to yo<ex>u</ex>r Ma<ex>jes</ex>tie, and therefore I beseech <lb/>
            you S<ex>i</ex>r to give me Leave freely to deliver my self, and then lett yo<ex>u</ex>r <lb/>
            Ma<ex>jes</ex>tie doth w<ex>i</ex>th me as you please. yo<ex>u</ex>r Ma<ex>jes</ex>tie hath propounded <lb/>
            a Toleration of Religion, I beseech yo<ex>u</ex>r Ma<ex>jes</ex>ty to take into yo<ex>u</ex>r <lb/>
            considerac<ex>i</ex>on what yo<ex>u</ex>r Act is what the Consequence may bee. <lb/>
            By yo<ex>u</ex>r Act you Labour to sett vp that most damnable &amp; hereticall <lb/>
            doctrine of the Church of Rome the whore of Babylon.
         </p>
         <p>
            How hatefull it wilbe to God and greevous vnto yo<ex>u</ex>r good subiectes <lb/>
            the true professors of the Gospell, that yo<ex>u</ex>r Ma<ex>jes</ex>ty who hath <lb/>
            disputed and learnedly written against those wicked heresies <lb/>
            should nowe shew yo<ex>u</ex>r self a patron of theis Doctrines w<ex>hi</ex>ch yo<ex>u</ex>r <lb/>
            pen hath told the world and yo<ex>u</ex>r conscience telles yo<ex>u</ex>r self are <lb/>
            sup<ex>er</ex>stitious, idolatrous, detestable. Add herevnto what you have <lb/>
            done in sending the Prince into Spaine w<ex>i</ex>thout the consent of yo<ex>u</ex>r <lb/>
            Councell, the privitie and approbac<ex>i</ex>on of yo<ex>u</ex>r people; And although <lb/>
            you have a large interest in the Prince as the sonne of yo<ex>u</ex>r flesh, <lb/>
            yet have the people a greater as the sonne of the kingdome, <lb/>
            vpon whom next after yo<ex>u</ex>r Ma<ex>jes</ex>tie are their eyes fixed and welfare <lb/>
            depend, And so tenderly is his going apprehended as believe it <lb/>
            S<ex>i</ex>r, howsoever his Retorne may be safe, yet the drawers of him <lb/>
            into that Action so dangerous to himself, so desperate to the King=<lb break="no"/>
            dome will not passe away vnquestioned, vnpunished, Besides <lb/>
            this Tollerac<ex>i</ex>on you endeavour to sett vp by yo<ex>u</ex>r proclamac<ex>i</ex>on, <lb/>
            it cannott be done w<ex>i</ex>thout a Parliament vnles yo<ex>u</ex>r Ma<ex>jes</ex>ty will <lb/>
            Let yo<ex>u</ex>r subiectes see that you will take vnto yo<ex>u</ex>r self to <lb/>
            throwe downe the Lawes of the land at yo<ex>u</ex>r pleasure.
         </p>
         <p>
            What dreadfull Consequences S<ex>i</ex>r, theis thinges may drawe after <lb/>
            I beseech yo<ex>u</ex>r Ma<ex>jes</ex>ty to consider and above all least by this <lb/>
            <fw type="catch" place="bot-right">Tollerac<ex>i</ex>on</fw>
            <pb n="205v" facs="/bl/hargrave_ms_311_part/hargrave_ms_311_f205v/hargrave_ms_311_f205v.jpg"/>
            Tollerac<ex>i</ex>on a discontinuance of the true profession of the <lb/>
            Ghospell wherew<ex>i</ex>th God hath blessed vs, and vnder w<ex>hi</ex>ch this <lb/>
            kingdome hath for many yeares florished, yo<ex>u</ex>r Ma<ex>jes</ex>tie doe not <lb/>
            drawe vpon the kingdome in generall and yo<ex>u</ex>rself in particuler <lb/>
            Godes heavie wrath &amp; indignac<ex>i</ex>on. Thus in discharge of my duty <lb/>
            towardes God, to yo<ex>u</ex>r Ma<ex>jes</ex>tie and the place of my Calling I <lb/>
            have taken humble bouldnes to deliver my Conscience, And now <lb/>
            S<ex>i</ex>r, doe w<ex>i</ex>th me what you please./
         </p> 
      </body>
   </text>
   <facsimile>
      <graphic n="1" url="/bl/hargrave_ms_311_part/hargrave_ms_311_f205r/hargrave_ms_311_f205r.jpg"/>
      <graphic n="2" url="/bl/hargrave_ms_311_part/hargrave_ms_311_f205v/hargrave_ms_311_f205v.jpg"/>
   </facsimile>
</TEI>