<TEI xmlns="http://www.tei-c.org/ns/1.0" xmlns:xi="http://www.w3.org/2001/XInclude">
   <teiHeader>
      <fileDesc>
         <titleStmt>
            <title>A Speech to the King Concerning Toleration of Popery, Attributed to Archbishop Abbot</title>
            <author>
               <persName corresp="../people/people.xml#P0204">Pseudo-Abbot</persName>
            </author>
            <respStmt xml:id="NM">
               <name>Noah Millstone</name>
               <resp>Principal Investigator MPESE</resp>
            </respStmt>
            <respStmt xml:id="SV">
               <name>Sebastiaan Verweij</name>
               <resp>Co-Investigator MPESE</resp>
            </respStmt>
            <respStmt xml:id="RB">
               <name>Richard Bell</name>
               <resp>Research Associate</resp>
            </respStmt>
            <respStmt xml:id="VA">
               <name>Victoria Anker</name>
               <resp>BRIHC Research Impact Fellow</resp>
            </respStmt>
            <respStmt xml:id="MJ">
               <name>Mike Jones</name>
               <resp>Research Software Engineer</resp>
            </respStmt>
            <respStmt xml:id="TW">
               <name>Tim Wales</name>
               <resp>Research Assistant</resp>
            </respStmt>
         </titleStmt>
         <publicationStmt xml:id="mpese_pubstat">
            <publisher>Manuscript Pamphleteering in Early Stuart England (MPESE)</publisher>
            <date when="2017">2017</date>
         </publicationStmt>
         <sourceDesc>
            <msDesc corresp="../mss/BLAddMS28640.xml">
               <msIdentifier xml:id="BL_Add_MS_28640">
                <country>United Kingdom</country>
                <settlement>London</settlement>
                <repository>British Library</repository>
                <collection>Additional</collection>
                <idno>MS 28640</idno>
                <msName>John Rous's diary</msName>
             </msIdentifier>
                    <p xml:id="ms-label-generated">British Library, Additional MS 28640</p>
            </msDesc>
            <listBibl xml:id="mss_witness">
               <bibl>
               </bibl>
            </listBibl>
                <listBibl xml:id="mss_witness_generated">
                    <bibl>
                        <ref type="ms" target="../mss/All_Souls_College_MS_163.xml">All Souls College,  MS 163, ff. 157v–158r</ref>
                    </bibl>
                    <bibl>
                        <ref type="ms" target="../mss/BLAddMS28011.xml">British Library, Additional MS 28011, ff. 10r–11v</ref>
                    </bibl>
                    <bibl>
                        <ref type="ms" target="../mss/BLAddMS4108.xml">British Library, Additional MS 4108, ff. 83r–v</ref>
                    </bibl>
                    <bibl>
                        <ref type="ms" target="../mss/BLAddMS44848.xml">British Library, Additional MS 44848, ff. 138v–139v</ref>
                    </bibl>
                    <bibl>
                        <ref type="text" target="PseudoAbbot1623v2.xml">Transcript</ref> of <ref type="ms" target="../mss/BLHargraveMS311.xml">British Library, Hargrave MS 311, ff. 205r–v</ref>
                    </bibl>
                    <bibl>
                        <ref type="ms" target="../mss/BLHarleyMS3791.xml">British Library, Harley MS 3791, ff. 119r–v</ref>
                    </bibl>
                    <bibl>
                        <ref type="ms" target="../mss/BLHarleyMS4289.xml">British Library, Harley MS 4289, f. 239r</ref>
                    </bibl>
                    <bibl>
                        <ref type="ms" target="../mss/BLHarleyMS4761.xml">British Library, Harley MS 4761, ff. 132v–133v</ref>
                    </bibl>
                    <bibl>
                        <ref type="ms" target="../mss/BLHarleyMS6255.xml">British Library, Harley MS 6255, pp.1–3</ref>
                    </bibl>
                    <bibl>
                        <ref type="ms" target="../mss/BL_Add_MS_52585.xml">British Library, Additional MS 52585, f. 19r</ref>
                    </bibl>
                    <bibl>
                        <ref type="ms" target="../mss/BL_Add_MS_72366.xml">British Library, Additional MS 72366, f. 12r</ref>
                    </bibl>
                    <bibl>
                        <ref type="ms" target="../mss/BL_Add_MS_72415.xml">British Library, Additional MS 72415, f. 124r</ref>
                    </bibl>
                    <bibl>
                        <ref type="ms" target="../mss/BL_Egerton_MS_783.xml">British Library, Egerton MS 783, p.29</ref>
                    </bibl>
                    <bibl>
                        <ref type="ms" target="../mss/BL_Harley_MS_1583.xml">British Library, Harley MS 1583, ff. 89r–v</ref>
                    </bibl>
                    <bibl>
                        <ref type="ms" target="../mss/BL_Harley_MS_360.xml">British Library, Harley MS 360, f. 88r</ref>
                    </bibl>
                    <bibl>
                        <ref type="ms" target="../mss/BL_Harley_MS_4264.xml">British Library, Harley MS 4264, ff. 6r–7r</ref>
                    </bibl>
                    <bibl>
                        <ref type="ms" target="../mss/BL_Harley_MS_969.xml">British Library, Harley MS 969, ff. 1r–2r</ref>
                    </bibl>
                    <bibl>
                        <ref type="ms" target="../mss/BL_Stowe_MS_145.xml">British Library, Stowe MS 145, ff. 39v–40v</ref>
                    </bibl>
                    <bibl>
                        <ref type="ms" target="../mss/Beinecke_Osborn_b8.xml">Beinecke Library, Osborn b8, ff. 12x–14x</ref>
                    </bibl>
                    <bibl>
                        <ref type="ms" target="../mss/Beinecke_Osborn_fb57.xml">Beinecke Library, Osborn fb57, f. 125</ref>
                    </bibl>
                    <bibl>
                        <ref type="ms" target="../mss/BnF_CinqCents_de_Colbert_ms_467.xml">Bibliothèque nationale de France, Cinq-Cents de Colbert ms 467, ff. 193r–194r</ref>
                    </bibl>
                    <bibl>
                        <ref type="ms" target="../mss/Bodl_MS_Barlow_54.xml">Bodleian Library,  MS Barlow 54, ff. 66r–v</ref>
                    </bibl>
                    <bibl>
                        <ref type="ms" target="../mss/Bodl_MS_Eng_hist_d_89.xml">Bodleian Library,  MS Eng. hist. d. 89, ff. 317–319</ref>
                    </bibl>
                    <bibl>
                        <ref type="ms" target="../mss/Bodl_MS_Jones_56.xml">Bodleian Library,  MS Jones 56, f. 47r</ref>
                    </bibl>
                    <bibl>
                        <ref type="ms" target="../mss/Bodl_MS_Rawlinson_B_151.xml">Bodleian Library,  MS Rawlinson B 151, f. 54r</ref>
                    </bibl>
                    <bibl>
                        <ref type="ms" target="../mss/Bodl_MS_Rawlinson_D_1048.xml">Bodleian Library,  MS Rawlinson D 1048, ff. 71r–v</ref>
                    </bibl>
                    <bibl>
                        <ref type="ms" target="../mss/Bodl_MS_Rawlinson_D_1092.xml">Bodleian Library,  MS Rawlinson D 1092, f. 6v</ref>
                    </bibl>
                    <bibl>
                        <ref type="ms" target="../mss/Bodl_MS_Rawlinson_D_160.xml">Bodleian Library,  MS Rawlinson D 160, ff. 16v–17r</ref>
                    </bibl>
                    <bibl>
                        <ref type="ms" target="../mss/Bodl_MS_Rawlinson_D_853.xml">Bodleian Library,  MS Rawlinson D 853, f. 2r</ref>
                    </bibl>
                    <bibl>
                        <ref type="ms" target="../mss/Bodl_MS_Tanner_73.xml">Bodleian Library,  MS Tanner 73, f. 301r</ref>
                    </bibl>
                    <bibl>
                        <ref type="ms" target="../mss/Bodl_MS_Tanner_73.xml">Bodleian Library,  MS Tanner 73, f. 302r</ref>
                    </bibl>
                    <bibl>
                        <ref type="ms" target="../mss/Bodl_MS_Tanner_73.xml">Bodleian Library,  MS Tanner 73, ff. 303r–v</ref>
                    </bibl>
                    <bibl>
                        <ref type="ms" target="../mss/Bodl_MS_Tanner_82.xml">Bodleian Library,  MS Tanner 82, ff. 192r–193r</ref>
                    </bibl>
                    <bibl>
                        <ref type="ms" target="../mss/CUL_Add_MS_335.xml">Cambridge University Library, Additional MS 335, ff. 84r–v</ref>
                    </bibl>
                    <bibl>
                        <ref type="ms" target="../mss/FolgerMSVb50.xml">Folger Shakespeare Library,  MS V.b.50, pp205–207</ref>
                    </bibl>
                    <bibl>
                        <ref type="ms" target="../mss/Folger_MS_V_a_275.xml">Folger Shakespeare Library,  MS V.a.275</ref>
                    </bibl>
                    <bibl>
                        <ref type="ms" target="../mss/Houghton_fMS_Eng_1266_2.xml">Houghton Library,  fMS Eng 1266.2, f. 138r</ref>
                    </bibl>
                    <bibl>
                        <ref type="ms" target="../mss/Huntington_HM_213.xml">Huntington Library,  HM 213, pp1–3</ref>
                    </bibl>
                    <bibl>
                        <ref type="ms" target="../mss/LPL_MS_3152.xml">Lambeth Palace Library,  MS 3152, f. 1r</ref>
                    </bibl>
                    <bibl>
                        <ref type="ms" target="../mss/LPL_MS_943.xml">Lambeth Palace Library,  MS 943, ff. 79–90</ref>
                    </bibl>
                    <bibl>
                        <ref type="ms" target="../mss/NorthsRO_Montagu_MS_Vol_44.xml">Northamptonshire Record Office, Montagu MS Vol. 44, unfoliated</ref>
                    </bibl>
                    <bibl>
                        <ref type="ms" target="../mss/St_Johns_College_Cambridge_MS_K56.xml">St John's College,  MS K.56, item 50</ref>
                    </bibl>
                    <bibl>
                        <ref type="ms" target="../mss/St_Johns_College_Cambridge_MS_K56.xml">St John's College,  MS K.56, item 51</ref>
                    </bibl>
                    <bibl>
                        <ref type="ms" target="../mss/TNA_SP_14_150.xml">The National Archives,  SP 14/150, /55 [ff.83r–v]</ref>
                    </bibl>
                    <bibl>
                        <ref type="ms" target="../mss/TNA_SP_14_150.xml">The National Archives,  SP 14/150, /56 [f.84r]</ref>
                    </bibl>
                    <bibl>
                        <ref type="ms" target="../mss/TNA_SP_14_150.xml">The National Archives,  SP 14/150, /57 [ff.87r–v]</ref>
                    </bibl>
                </listBibl>
         </sourceDesc>
      </fileDesc>
      <profileDesc>
         <abstract>
            <p/>
         </abstract>
         <creation>
            <date when="1623">1623</date>
            <placeName/>
         </creation>
         <langUsage>
            <language ident="EN">English</language>
         </langUsage>
         <textClass>
            <keywords n="text-type">
               <term>speech</term>
               <term>satire</term>
            </keywords>
         </textClass>
         <textClass>
            <keywords n="topic-keyword">
               <term>Catholicism</term>
               <term>recusancy</term>
               <term>confessional conflict</term>
            </keywords>
         </textClass>
      </profileDesc>
      <encodingDesc>
         <editorialDecl>
            <p/>
         </editorialDecl>
      </encodingDesc>
      <revisionDesc>
         <listChange>
            <change when="2018-07-31" who="#RB" status="proofread"/>
            <change when="2018-07-31" who="#RB" status="draft"/>
            <change when="2018-04-29" who="#TW" status="transcribed"/>
         </listChange>
      </revisionDesc>
   </teiHeader>
   <text>
      <body>
         <pb n="112r" facs="/bl/add_ms_28640/add_ms_28640_f112r/add_ms_28640_f112r.jpg"/>
         <head rend="align-centre">
            The Lorde ArchB<ex>ishop</ex> his speeche at the Councell table in Iuly <lb/>
            1623 to the king after his motion of some things <lb/>
            there.
         </head>
         <milestone type="separator" unit="nonstructural" rend="horizontal-line"/>
         <p>
            May it please your Majestie, I haue beene too long silent &amp; am <lb/>
            afrayde by my silence I haue neglected the duty of the place it hath <lb/>
            pleased God to call me vnto, &amp; yo<ex>u</ex>r Maj<ex>es</ex>tie to place me in; but nowe I <lb/>
            crave leave that I may discharge my Conscience towards God, &amp; my <lb/>
            duty to yo<ex>u</ex>r Maj<ex>esty</ex> &amp; therefore I beseech your highnes to giue me leave <lb/>
            freely to deliuer my selfe &amp; then let yo<ex>u</ex>r Maj<ex>esty</ex> doe with me as it please / <lb/>
            Yo<ex>u</ex>r Majestie hath propounded a Toleration of Religion I beseech yo<ex>u</ex>r <lb/>
            highnes take into your Consideration what the consequence may be / You <lb/>
            labour to set vp that damnable &amp; hereticall doctrine of the Church of <lb/>
            Rome the whore of Babilon, howe hatefull will it be to God grievous <lb/>
            to yo<ex>u</ex>r good subjects the true professors of the Gospell, if yo<ex>u</ex>r Maj<ex>es</ex>tie <lb/>
            (who haue ofte disputed &amp; learnedly written against these wicked
            <pb n="112v" facs="/bl/add_ms_28640/add_ms_28640_f112v/add_ms_28640_f112v.jpg"/>
            heresies) should nowe shewe your selfe a Patron of those doc=<lb break="no"/>
            trines which yo<ex>u</ex>r pen hath tould the world &amp; yo<ex>u</ex>r Conscience yo<ex>u</ex>r <lb/>
            selfe, are superstitious Idolatries &amp; detestable? Adde herevnto <lb/>
            what <hi rend="underline">you haue done in sending the Prince into Spaine with <lb/>
               out the consente of yo<ex>u</ex>r Councell, the privitie &amp; approbation <lb/>
               of yo<ex>u</ex>r people / &amp; although S<ex>i</ex>r you haue a larger interest <lb/>
               in the Prince as the sonne of your flesh yet haue the people <lb/>
               a greater as the sonne of the kingdome vpon whom next vnder <lb/>
               yo<ex>u</ex>r Maj<ex>esty</ex> are theire eyes fix'te &amp; welfare depend, &amp; so ten=<lb break="no"/>
               derly is his going apprehended that believe it</hi> S<ex>i</ex>r how ever <lb/>
            his returne may be safe, yet the drawers of him to that acti=<lb break="no"/>
            on so dangerous to himselfe so desperate to the kingdome <lb/>
            will not passe away vnquestioned vnpunished. Besides, This <lb/>
            Toleration you endeavour to set vp by yo<ex>u</ex>r Proclamation <lb/>
            which cannot be done without a Parliament, vnles yo<ex>u</ex>r Maj<ex>es</ex>tie <lb/>
            will let yo<ex>u</ex>r subjects see that you will take vnto yo<ex>u</ex>r selfe a <lb/>
            libertie to throwe downe the lawes of the Land at your  <lb/>
            pleasure / what dolefull consequences these things may drawe <lb/>
            after them I beseech yo<ex>u</ex>r Maj<ex>esty</ex> to consider, / &amp; aboue all, Least <lb/>
            by this Toleration &amp; discontentment of the true professors  <lb/>
            of the Gospell (wherewith god hath blessed vs &amp; vnder which <lb/>
            this kingdome hath many yeeres florished) yo<ex>u</ex>r Maj<ex>esty</ex> doe not <lb/>
            drawe vpon this kingdome in generall &amp; your selfe in parti=<lb break="no"/>
            culer Gods heavie wrath &amp; indignation. Thus in discharge <lb/>
            of my duty towards God, towards yo<ex>u</ex>r Maj<ex>esty</ex> &amp; the place of my <lb/>
            calling, I haue taken humble bouldnes to deliuer my conscience <lb/>
            &amp; nowe doe with me as you please.
         </p> 
      </body>
   </text>
   <facsimile>
      <graphic n="1" url="/bl/add_ms_28640/add_ms_28640_f112r/add_ms_28640_f112r.jpg"/>
      <graphic n="2" url="/bl/add_ms_28640/add_ms_28640_f112v/add_ms_28640_f112v.jpg"/>
   </facsimile>
</TEI>