<TEI xmlns="http://www.tei-c.org/ns/1.0" xmlns:xi="http://www.w3.org/2001/XInclude">
   <teiHeader>
      <fileDesc>
         <titleStmt>
            <title>Dialogue between a Councillor of State and a Justice of Peace</title>
            <author>
               <persName corresp="../people/people.xml#P0017">Sir Walter Raleigh</persName>
            </author>
            <respStmt xml:id="NM">
               <name>Noah Millstone</name>
               <resp>Principal Investigator MPESE</resp>
            </respStmt>
            <respStmt xml:id="SV">
               <name>Sebastiaan Verweij</name>
               <resp>Co-Investigator MPESE</resp>
            </respStmt>
            <respStmt xml:id="RB">
               <name>Richard Bell</name>
               <resp>Research Associate</resp>
            </respStmt>
            <respStmt xml:id="MJ">
               <name>Mike Jones</name>
               <resp>Research Software Engineer</resp>
            </respStmt>
         </titleStmt>
         <publicationStmt xml:id="mpese_pubstat">
            <publisher>Manuscript Pamphleteering in Early Stuart England (MPESE)</publisher>
            <date when="2017">2017</date>
         </publicationStmt>
         <sourceDesc>
            <listBibl xml:id="mss_witness">
               <bibl>
               </bibl>
            </listBibl>
                <listBibl xml:id="mss_witness_generated">
                    <bibl>
                        <ref type="ms" target="../mss/BL_Harley_MS_248.xml">British Library, Harley MS 248, ff. 107–108</ref>
                    </bibl>
                    <bibl>
                        <ref type="ms" target="../mss/BL_Harley_MS_4685.xml">British Library, Harley MS 4685, ff. 115r–126x</ref>
                    </bibl>
                    <bibl>
                        <ref type="ms" target="../mss/BL_Lansdowne_MS_806.xml">British Library, Lansdowne MS 806, ff. 30r–38r</ref>
                    </bibl>
                    <bibl>
                        <ref type="ms" target="../mss/BL_Stowe_MS_177.xml">British Library, Stowe MS 177, ff. 138r–215x</ref>
                    </bibl>
                    <bibl>
                        <ref type="ms" target="../mss/Bodl_MS_Jones_56.xml">Bodleian Library,  MS Jones 56, ff. 35r–44r</ref>
                    </bibl>
                    <bibl>
                        <ref type="ms" target="../mss/Bodl_MS_Tanner_103.xml">Bodleian Library,  MS Tanner 103, ff. 214v–220v</ref>
                    </bibl>
                    <bibl>
                        <ref type="ms" target="../mss/CRO_EL_MS_6558.xml">Cornwall Record Office,  EL MS 655/8, ff. 54r–82r</ref>
                    </bibl>
                    <bibl>
                        <ref type="ms" target="../mss/CRO_EL_MS_725.xml">Cornwall Record Office,  EL MS 725, ff19</ref>
                    </bibl>
                    <bibl>
                        <ref type="ms" target="../mss/CUL_Add_MS_27.xml">Cambridge University Library, Additional MS 27, ff. 1r–18v</ref>
                    </bibl>
                    <bibl>
                        <ref type="ms" target="../mss/CUL_MS_Mm58.xml">Cambridge University Library,  MS Mm.5.8, pp78</ref>
                    </bibl>
                    <bibl>
                        <ref type="ms" target="../mss/FolgerMSGb7.xml">Folger Shakespeare Library,  MS G.b.7, ff. 47r–73r</ref>
                    </bibl>
                    <bibl>
                        <ref type="ms" target="../mss/FolgerMSGb9.xml">Folger Shakespeare Library,  MS G.b.9, ff. 1r–61v</ref>
                    </bibl>
                    <bibl>
                        <ref type="ms" target="../mss/Folger_MS_V_b_230.xml">Folger Shakespeare Library,  MS V.b.230</ref>
                    </bibl>
                    <bibl>
                        <ref type="ms" target="../mss/Folger_MS_V_b_276.xml">Folger Shakespeare Library,  MS V.b.276, ff. 1r–26v</ref>
                    </bibl>
                    <bibl>
                        <ref type="ms" target="../mss/HRO_44M69L39111.xml">Hampshire Record Office,  44M69/L39/111</ref>
                    </bibl>
                    <bibl>
                        <ref type="ms" target="../mss/Huntington_EL_7976.xml">Huntington Library,  EL 7976, item 5</ref>
                    </bibl>
                    <bibl>
                        <ref type="ms" target="../mss/NUL_Cl_LP_5.xml">Nottingham University Library, Cl LP 5, item 2</ref>
                    </bibl>
                    <bibl>
                        <ref type="ms" target="../mss/NorthsRO_FH71.xml">Northamptonshire Record Office,  FH71</ref>
                    </bibl>
                    <bibl>
                        <ref type="ms" target="../mss/SheffA_WWMMS2.xml">Sheffield Archives,  WWM/MS/2, ff. 95r–130v</ref>
                    </bibl>
                    <bibl>
                        <ref type="ms" target="../mss/TNA_SP_14_84.xml">The National Archives,  SP 14/84, /70 [ff.129r–130r]</ref>
                    </bibl>
                    <bibl>
                        <ref type="ms" target="../mss/TNA_SP_14_85.xml">The National Archives,  SP 14/85, ff. 1r–32r</ref>
                    </bibl>
                </listBibl>
            <listBibl xml:id="C17_print_witness">
               <bibl>
                  <author>
                     <persName corresp="../people/people.xml#P0017">Sir Walter Raleigh</persName>
                  </author>
                  <title>The Prerogative of Parliaments</title>
                  <pubPlace>Midelburge</pubPlace>
                  <date when="1628">1628</date>
                  <idno type="STC">20649</idno>
                  <idno type="STC">20649.1</idno>
                  <idno type="STC">20649.3</idno>
                  <idno type="STC">20649.5</idno>
                  <idno type="STC">20649.7</idno>
                  <biblScope unit="page" from="139" to="150">139-150</biblScope>
               </bibl>
               <bibl>
                  <author>
                     <persName corresp="../people/people.xml#P0017">Sir Walter Raleigh</persName>
                  </author>
                  <title>The Perogative of Parliaments in England. Proved in a Dialogue betweene a Counsellour of State and a Iustice of Peace</title>
                  <pubPlace>London</pubPlace>
                  <date when="1640">1640</date>
                  <idno type="STC">20649.9</idno>
                  <idno type="STC">20650</idno>
                  <biblScope unit="page" from="139" to="150">139-150</biblScope>
               </bibl>
               <bibl>
                  <author>
                     <persName corresp="../people/people.xml#P0017">Sir Walter Raleigh</persName>
                  </author>
                  <title>The Perogative of Parliaments in England</title>
                  <pubPlace>London</pubPlace>
                  <date when="1661">1661</date>
                  <idno type="Wing">R178A</idno>
                  <biblScope unit="page" from="139" to="150">139-150</biblScope>
               </bibl>
               <bibl>
                  <author>
                     <persName corresp="../people/people.xml#P0017">Sir Walter Raleigh</persName>
                  </author>
                  <title>The Perogative of Parliaments in England</title>
                  <pubPlace>London</pubPlace>
                  <date when="1669">1669</date>
                  <idno type="Wing">R178A</idno>
                  <biblScope unit="page" from="139" to="150">139-150</biblScope>
               </bibl>
               <bibl>
                  <author>
                     <persName corresp="../people/people.xml#P0017">Sir Walter Raleigh</persName>
                  </author>
                  <title>Remains of Sir Walter Raleigh</title>
                  <pubPlace>London</pubPlace>
                  <date when="1657">1657</date>
                  <idno type="Wing">R180</idno>
               </bibl>
               <bibl>
                  <author>
                     <persName corresp="../people/people.xml#P0017">Sir Walter Raleigh</persName>
                  </author>
                  <title>Remains of Sir Walter Raleigh</title>
                  <pubPlace>London</pubPlace>
                  <date when="1661">1661</date>
                  <idno type="Wing">R181</idno>
               </bibl>
               <bibl>
                  <author>
                     <persName corresp="../people/people.xml#P0017">Sir Walter Raleigh</persName>
                  </author>
                  <title>Remains of Sir Walter Raleigh</title>
                  <pubPlace>London</pubPlace>
                  <date when="1669">1669</date>
                  <idno type="Wing">R183</idno>
               </bibl>
               <bibl>
                  <author>
                     <persName corresp="../people/people.xml#P0017">Sir Walter Raleigh</persName>
                  </author>
                  <title>Remains of Sir Walter Raleigh</title>
                  <pubPlace>London</pubPlace>
                  <date when="1675">1675</date>
                  <idno type="Wing">R184</idno>
                  <biblScope unit="page" from="265" to="396">265-396</biblScope>
               </bibl>
               <bibl>
                  <author>
                     <persName corresp="../people/people.xml#P0017">Sir Walter Raleigh</persName>
                  </author>
                  <title>Remains of Sir Walter Raleigh</title>
                  <pubPlace>London</pubPlace>
                  <date when="1681">1681</date>
                  <idno type="Wing">R185</idno>
                  <biblScope unit="page" from="267" to="396">267-396</biblScope>
               </bibl>
            </listBibl>
            <listBibl xml:id="modern_print_witness">
               <bibl>
                  <title type="shorttitle">The Harleian Miscellany</title>
                  <edition>1st ed.</edition> 
                  <biblScope unit="volume">5</biblScope>
                  <biblScope unit="page" from="180" to="210">180-210</biblScope>
               </bibl>
            </listBibl>
         </sourceDesc>
      </fileDesc>
      <profileDesc>
         <abstract>
            <p/>
         </abstract>
         <creation>
            <date when="1615">1615</date>
            <placeName/>
         </creation>
         <textClass>
            <keywords n="text-type">
               <term/>
            </keywords>
         </textClass>
         <textClass>
            <keywords n="topic-keyword">
               <term/>
            </keywords>
         </textClass>
      </profileDesc>
      <encodingDesc>
         <editorialDecl>
            <p/>
         </editorialDecl>
      </encodingDesc>
      <revisionDesc>
         <listChange>
            <change when="2018-07-05" who="#RB" status="placeholder"/>
         </listChange>
      </revisionDesc>
   </teiHeader>
   <text>
      <body>
         <p/>
      </body>
   </text>
</TEI>