<TEI xmlns="http://www.tei-c.org/ns/1.0" xmlns:xi="http://www.w3.org/2001/XInclude">
   <teiHeader>
      <fileDesc>
         <titleStmt>
            <title>Discourse Touching the Present Consultation Concerning the Peace With Spain and the Retaining of the Netherlands in Society and Protection</title>
            <author>
               <persName corresp="../people/people.xml#P0017">Sir Walter Raleigh?</persName>
            </author>
            <respStmt xml:id="NM">
               <name>Noah Millstone</name>
               <resp>Principal Investigator MPESE</resp>
            </respStmt>
            <respStmt xml:id="SV">
               <name>Sebastiaan Verweij</name>
               <resp>Co-Investigator MPESE</resp>
            </respStmt>
            <respStmt xml:id="RB">
               <name>Richard Bell</name>
               <resp>Research Associate</resp>
            </respStmt>
            <respStmt xml:id="MJ">
               <name>Mike Jones</name>
               <resp>Research Software Engineer</resp>
            </respStmt>
         </titleStmt>
         <publicationStmt xml:id="mpese_pubstat">
            <publisher>Manuscript Pamphleteering in Early Stuart England (MPESE)</publisher>
            <date when="2017">2017</date>
         </publicationStmt>
         <sourceDesc>
            <listBibl xml:id="mss_witness">
               <bibl>
               </bibl>
            </listBibl>
                <listBibl xml:id="mss_witness_generated">
                    <bibl>
                        <ref type="ms" target="../mss/BLAddMS48062.xml">British Library, Additional MS 48062, ff. 370r–385r</ref>
                    </bibl>
                    <bibl>
                        <ref type="ms" target="../mss/BLHarleyMS444.xml">British Library, Harley MS 444, ff. 92r–108r</ref>
                    </bibl>
                    <bibl>
                        <ref type="ms" target="../mss/BL_Sloane_MS_63.xml">British Library, Sloane MS 63, ff. 58r–69r</ref>
                    </bibl>
                    <bibl>
                        <ref type="ms" target="../mss/Beinecke_Osborn_fb178.xml">Beinecke Library, Osborn fb178, ff. 1r–16v</ref>
                    </bibl>
                    <bibl>
                        <ref type="ms" target="../mss/Bodl_MS_Carte_96.xml">Bodleian Library,  MS Carte 96, ff. 82r–94r</ref>
                    </bibl>
                    <bibl>
                        <ref type="ms" target="../mss/CUL_MS_Ee232.xml">Cambridge University Library,  MS Ee.2.32, ff. 109r–134v</ref>
                    </bibl>
                    <bibl>
                        <ref type="ms" target="../mss/KA_U1475Z7.xml">Kent Archives,  U1475/Z7</ref>
                    </bibl>
                    <bibl>
                        <ref type="ms" target="../mss/LPL_MS_2858.xml">Lambeth Palace Library,  MS 2858, ff. 2r–15v</ref>
                    </bibl>
                    <bibl>
                        <ref type="ms" target="../mss/LSA_MS_258.xml">London Society of Antiquaries,  MS 258, ff. 93r–105r</ref>
                    </bibl>
                    <bibl>
                        <ref type="ms" target="../mss/Senate_House_MS_20.xml">Senate House, University of London,  MS 20, ff. 199v–210r</ref>
                    </bibl>
                </listBibl>
         </sourceDesc>
      </fileDesc>
      <profileDesc>
         <abstract>
            <p/>
         </abstract>
         <creation>
            <date when="1603">1603</date>
            <placeName/>
         </creation>
         <textClass>
            <keywords n="text-type">
               <term/>
            </keywords>
         </textClass>
         <textClass>
            <keywords n="topic-keyword">
               <term>foreign policy</term>
            </keywords>
         </textClass>
      </profileDesc>
      <encodingDesc>
         <editorialDecl>
            <p/>
         </editorialDecl>
      </encodingDesc>
      <revisionDesc>
         <listChange>
            <change when="2018-07-05" who="#RB" status="placeholder"/>
         </listChange>
      </revisionDesc>
   </teiHeader>
   <text>
      <body>
         <p/>
      </body>
   </text>
</TEI>