<TEI xmlns="http://www.tei-c.org/ns/1.0" xmlns:xi="http://www.w3.org/2001/XInclude">
   <teiHeader>
      <fileDesc>
         <titleStmt>
            <title>Scots' Petition to the Lords of the Council Against the Prayer Book</title>
            <author/>
            <respStmt xml:id="NM">
               <name>Noah Millstone</name>
               <resp>Principal Investigator MPESE</resp>
            </respStmt>
            <respStmt xml:id="SV">
               <name>Sebastiaan Verweij</name>
               <resp>Co-Investigator MPESE</resp>
            </respStmt>
            <respStmt xml:id="RB">
               <name>Richard Bell</name>
               <resp>Research Associate</resp>
            </respStmt>
            <respStmt xml:id="MJ">
               <name>Mike Jones</name>
               <resp>Research Software Engineer</resp>
            </respStmt>
         </titleStmt>
         <publicationStmt xml:id="mpese_pubstat">
            <publisher>Manuscript Pamphleteering in Early Stuart England (MPESE)</publisher>
            <date when="2017">2017</date>
         </publicationStmt>
         <sourceDesc>
            <listBibl xml:id="mss_witness">
               <bibl>
               </bibl>
            </listBibl>
                <listBibl xml:id="mss_witness_generated">
                    <bibl>
                        <ref type="ms" target="../mss/BL_Sloane_MS_650.xml">British Library, Sloane MS 650, ff. 2v–3v</ref>
                    </bibl>
                    <bibl>
                        <ref type="ms" target="../mss/BL_Stowe_MS_159.xml">British Library, Stowe MS 159, ff. 157r–160x</ref>
                    </bibl>
                    <bibl>
                        <ref type="ms" target="../mss/Beinecke_OSB_MSS_28.xml">Beinecke Library, OSB MSS 28, Box 2, Folder 25, item 36, 514–515</ref>
                    </bibl>
                    <bibl>
                        <ref type="ms" target="../mss/Bodl_MS_Ashmole_829.xml">Bodleian Library,  MS Ashmole 829, ff. 227v–228v</ref>
                    </bibl>
                    <bibl>
                        <ref type="ms" target="../mss/CUL_MS_Mm424.xml">Cambridge University Library,  MS Mm.4.24, ff. 117r–118v</ref>
                    </bibl>
                    <bibl>
                        <ref type="ms" target="../mss/TNA_SP_16_537.xml">The National Archives,  SP 16/537, /52 [f.81r]</ref>
                    </bibl>
                </listBibl>
         </sourceDesc>
      </fileDesc>
      <profileDesc>
         <abstract>
            <p/>
         </abstract>
         <creation>
            <date when="1637">1637</date>
            <placeName/>
         </creation>
         <textClass>
            <keywords n="text-type">
               <term/>
            </keywords>
         </textClass>
         <textClass>
            <keywords n="topic-keyword">
               <term/>
            </keywords>
         </textClass>
      </profileDesc>
      <encodingDesc>
         <editorialDecl>
            <p/>
         </editorialDecl>
      </encodingDesc>
      <revisionDesc>
         <listChange>
            <change when="2018-07-05" who="#RB" status="placeholder"/>
         </listChange>
      </revisionDesc>
   </teiHeader>
   <text>
      <body>
         <p/>
      </body>
   </text>
</TEI>