<TEI xmlns="http://www.tei-c.org/ns/1.0" xmlns:xi="http://www.w3.org/2001/XInclude">
   <teiHeader>
      <fileDesc>
         <titleStmt>
            <title>Privileges of the Barons of England</title>
            <author>
               <persName corresp="../people/people.xml#P0208">John Selden</persName>
            </author>
            <respStmt xml:id="NM">
               <name>Noah Millstone</name>
               <resp>Principal Investigator MPESE</resp>
            </respStmt>
            <respStmt xml:id="SV">
               <name>Sebastiaan Verweij</name>
               <resp>Co-Investigator MPESE</resp>
            </respStmt>
            <respStmt xml:id="RB">
               <name>Richard Bell</name>
               <resp>Research Associate</resp>
            </respStmt>
            <respStmt xml:id="MJ">
               <name>Mike Jones</name>
               <resp>Research Software Engineer</resp>
            </respStmt>
         </titleStmt>
         <publicationStmt xml:id="mpese_pubstat">
            <publisher>Manuscript Pamphleteering in Early Stuart England (MPESE)</publisher>
            <date when="2017">2017</date>
         </publicationStmt>
         <sourceDesc>
            <listBibl xml:id="mss_witness">
               <bibl>
               </bibl>
            </listBibl>
                <listBibl xml:id="mss_witness_generated">
                    <bibl>
                        <ref type="ms" target="../mss/Alnwick_Castle_MS_530.xml">Alnwick Castle,  MS 530</ref>
                    </bibl>
                    <bibl>
                        <ref type="ms" target="../mss/Bodl_MS_Rawlinson_A_242.xml">Bodleian Library,  MS Rawlinson A 242, pp79</ref>
                    </bibl>
                    <bibl>
                        <ref type="ms" target="../mss/CUL_MS_Dd1334.xml">Cambridge University Library,  MS Dd.13.34, ff. 137r–181r</ref>
                    </bibl>
                    <bibl>
                        <ref type="ms" target="../mss/CUL_MS_Dd384.xml">Cambridge University Library,  MS Dd.3.84, Part II, 197r–206v</ref>
                    </bibl>
                    <bibl>
                        <ref type="ms" target="../mss/CUL_MS_Mm662.xml">Cambridge University Library,  MS Mm.6.62, ff. 1r–21v</ref>
                    </bibl>
                    <bibl>
                        <ref type="ms" target="../mss/Clark_Library_fMS_1968_011.xml">Clark Library,  fMS.1968.011, item 3, 1r–92x</ref>
                    </bibl>
                    <bibl>
                        <ref type="ms" target="../mss/Lincolns_Inn_Hale_MS_12.xml">Lincoln's Inn, Hale MS 12, ff. 111r–117r</ref>
                    </bibl>
                    <bibl>
                        <ref type="ms" target="../mss/PA_BRY_5.xml">Parliamentary Archives,  BRY/5, ???</ref>
                    </bibl>
                    <bibl>
                        <ref type="ms" target="../mss/PA_HC_LB_1_34.xml">Parliamentary Archives,  HC/LB/1/34</ref>
                    </bibl>
                    <bibl>
                        <ref type="ms" target="../mss/Queens_College_Oxford_MS_135.xml">Queen's College,  MS 135, ff. 1x–99x</ref>
                    </bibl>
                </listBibl>
         </sourceDesc>
      </fileDesc>
      <profileDesc>
         <abstract>
            <p/>
         </abstract>
         <creation>
            <date when="1621">1621</date>
            <placeName/>
         </creation>
         <textClass>
            <keywords n="text-type">
               <term/>
            </keywords>
         </textClass>
         <textClass>
            <keywords n="topic-keyword">
               <term/>
            </keywords>
         </textClass>
      </profileDesc>
      <encodingDesc>
         <editorialDecl>
            <p/>
         </editorialDecl>
      </encodingDesc>
      <revisionDesc>
         <listChange>
            <change when="2018-07-05" who="#RB" status="placeholder"/>
         </listChange>
      </revisionDesc>
   </teiHeader>
   <text>
      <body>
         <p/>
      </body>
   </text>
</TEI>