<TEI xmlns="http://www.tei-c.org/ns/1.0" xmlns:xi="http://www.w3.org/2001/XInclude">
   <teiHeader>
      <fileDesc>
         <titleStmt>
            <title>Separate Catalogue</title>
            <author/>
            <respStmt xml:id="NM">
               <name>Noah Millstone</name>
               <resp>Principal Investigator MPESE</resp>
            </respStmt>
            <respStmt xml:id="SV">
               <name>Sebastiaan Verweij</name>
               <resp>Co-Investigator MPESE</resp>
            </respStmt>
            <respStmt xml:id="RB">
               <name>Richard Bell</name>
               <resp>Research Associate</resp>
            </respStmt>
                <respStmt xml:id="VA">
                    <name>Victoria Anker</name>
                    <resp>BRIHC Research Impact Fellow</resp>
                </respStmt>
            <respStmt xml:id="MJ">
               <name>Mike Jones</name>
               <resp>Research Software Engineer</resp>
            </respStmt>
         </titleStmt>
         <publicationStmt xml:id="mpese_pubstat">
            <publisher>Manuscript Pamphleteering in Early Stuart England (MPESE)</publisher>
            <date when="2017">2017</date>
         </publicationStmt>
         <sourceDesc>
            
            <msDesc corresp="../mss/BLHargraveMS311.xml">
               <msIdentifier xml:id="BL_Hargrave_MS_311">
                <country>United Kingdom</country>
                <settlement>London</settlement>
                <repository>British Library</repository>
                <collection>Hargrave</collection>
                <idno>MS 311</idno>
                <msName/>
             </msIdentifier>
                    <p xml:id="ms-label-generated">British Library, Hargrave MS 311</p>
            </msDesc>
                <listBibl xml:id="mss_witness_generated"/>
         </sourceDesc>
      </fileDesc>
      <profileDesc>
         <abstract>
                <p/>
            </abstract>
         <creation>
            <date when="1622">After 1622</date>
            <placeName/>
         </creation>
         <langUsage>
            <language ident="EN">English</language>
            <language ident="LA">Latin</language>
         </langUsage>
         <textClass>
            <keywords n="text-type">
               <term>catalogue</term>
            </keywords>
         </textClass>
         <textClass>
            <keywords n="topic-keyword">
               <term>manuscript circulation</term>
               <term>separates</term>
            </keywords>
         </textClass>
      </profileDesc>
      <encodingDesc>
         <editorialDecl>
            <p/>
         </editorialDecl>
      </encodingDesc>
      <revisionDesc>
         <listChange>
            <change when="2018-03-15" who="#RB" status="proofread"/>
            <change when="2018-03-15" who="#RB" status="draft"/>
            <change when="2010" who="#NM" status="transcribed"/>
         </listChange>
      </revisionDesc>
   </teiHeader>
   <text>
      <body>
         <pb n="206r" facs="/bl/hargrave_ms_311_part/hargrave_ms_311_f206r/hargrave_ms_311_f206r.jpg"/>
         <p>
            Touching Parliam<ex>en</ex>ts.
            <list rend="numbered">
               <item n="1.">
                  An Abstract or Abridgm<ex>en</ex>t of all the p<ex>ar</ex>liam<ex>en</ex>t Rolls <lb/>
                  in the Tower, Conteyning the sum<ex>m</ex>e &amp; substance of <lb/>
                  all the private or vnprinted Acts, together w<ex>i</ex>th a <lb/>
                  briefe note of the printed Acts that either agree <lb/>
                  or differ from the Record.
               </item>
               <item n="2.">
                  A Iournall or diary of the passages in the lower <lb/>
                  howse of p<ex>ar</ex>liam<ex>en</ex>t in the 13th yeare of Qu. Eliz.
               </item>
               <item n="3.">
                  A Iournall of the lower house A<ex>nn</ex>o 35. Eliz.
               </item>
               <item n="4.">
                  A like Iournall A<ex>nn</ex>o 39. Eliz.
               </item>
               <item n="5.">
                  A like Journall very large A<ex>nn</ex>o 43. Eliz.
               </item>
               <item n="6.">
                  Other seu<ex>er</ex>all speeches &amp; passages in p<ex>ar</ex>l<ex>ia</ex>m<ex>en</ex>t in the <lb/>
                  Queens time to the quantity of 10. quier.
               </item>
            </list>
         </p>
         <p>            
            In the Kings time.
            <list rend="numbered">
               <item n="1.">
                  Most of the remarkable passages &amp; Speeches in the <lb/>
                  seu<ex>er</ex>all p<ex>ar</ex>l<ex>ia</ex>m<ex>en</ex>ts of the kings time.
               </item>
               <item n="2.">
                  A Iournall of the last p<ex>ar</ex>liam<ex>en</ex>t in Ireland; wherin <lb/>
                  S<ex>i</ex>r John Davies was Speaker.
               </item>
               <item n="3.">
                  Most of the passages in both houses this last p<ex>ar</ex>liam<ex>en</ex>t.
               </item>
               <item n="4.">
                  A dialogue betwixt a Counsellor of State &amp; a Iustice <lb/>
                  of Peace, the one p<ex>er</ex>swading, the other disswading <lb/>
                  the calling of a p<ex>ar</ex>liam<ex>en</ex>t: written by S<ex>i</ex>r <lb/>
                  Walter Raleigh.
               </item>
               <item n="5.">
                  A discourse of the priviledges of p<ex>ar</ex>liam<ex>en</ex>t
               </item>
            </list>
         </p>
         <p>
            In former times.
            <list rend="numbered">
               <item n="1.">
                  Most of the vnprinted Acts at large of Ed.4. his time, <lb/>
                  many of the time of H.6. All of R.3. &amp; some of <lb/>
                  H.7. his time. And div<ex>er</ex>s passages of H.8. his time.
               </item>
            </list>
         </p>
         <milestone type="separator" unit="nonstructural" rend="horizontal-line"/>
         <p>
            Touching Peace and Warr
            <list rend="numbered">
               <item n="1.">
                  A Relation written by S<ex>i</ex>r Fr. Vere of all such Sea <lb/>
                  voyages &amp; land seruices as he <sic>he</sic> was imployed <lb/>
                  in during the time he lived in the warrs.
               </item>
               <item n="2.">
                  A discourse ag<ex>ains</ex>t the Peace w<ex>i</ex>th Spaine written <lb/>
                  by S<ex>i</ex>r Walt. Raleigh 1° Jacobi.
               </item>
               <item n="3.">
                  Two or 3. other seu<ex>er</ex>all discourses ag<ex>ains</ex>t the Peace <lb/>
                  w<ex>i</ex>th Spaine. <foreign xml:lang="la">eodem a<ex>nn</ex>o</foreign>.
               </item>
               <item n="4.">
                  The late order for the establishm<ex>en</ex>t of a Coune<lb break="no"/>
                  sell of warr: w<ex>i</ex>th their Report of the <lb/>
                  Charge for the Recou<ex>er</ex>y of the Palatinate <lb/>
                  A<ex>nn</ex>o 1620./
               </item>
               <pb n="206v" facs="/bl/hargrave_ms_311_part/hargrave_ms_311_f206v/hargrave_ms_311_f206v.jpg"/>
               <item n="5.">
                  A discourse touching the freeing of the Palatinate <lb/>
                  by Armes.
               </item>
               <item n="6.">
                  A short view taken of great Brittaine &amp; Spaine <lb/>
                  in matter of power.
               </item>
               <item n="7.">
                  Reasons Coniecturall of warr &amp; Truice betwixt the <lb/>
                  Spaniard &amp; Archduchesse on the one p<ex>ar</ex>te, &amp; the Estates <lb/>
                  gen<ex>er</ex>ll on th'other p<ex>ar</ex>te &amp;c. 1621.
               </item>
               <item n="8">
                  The advise of the late Queens Counsell at warr <lb/>
                  touching the best meanes for defence of this <lb/>
                  Realme. 1587.
               </item>
               <item n="9">
                  Other seu<ex>er</ex>all discourses touching this Subiect <lb/>
                  of Peace or Warr.
               </item>
            </list>
         </p>
         <milestone type="separator" unit="nonstructural" rend="horizontal-line"/>
         <p>
            Matter of Mariage.
            <list rend="numbered">
               <item n="1.">
                  Divers discourses touching the Mariage of Mons.r w<ex>i</ex>th the late Q. of Engl<ex>an</ex>d: Some in approbac<ex>i</ex>on of the <lb/>
                  sayd Mariage &amp; others ag<ex>ains</ex>t it: by the Lo<ex>rd</ex> Hen. Howard, <lb/>
                  S<ex>i</ex>r Phil. Sydney, S<ex>i</ex>r Fr Walsingh<add place="above">a</add>m &amp;c
               </item>
               <item n="2.">
                  A discourse written by S<ex>i</ex>r Daniell Donne D<ex>octo</ex>r of <lb/>
                  the Civill Lawe touching the whole p<ex>ro</ex>cesse &amp; p<ex>ro</ex>ceedinge <lb/>
                  of the late Nullitie betwixt <sic>thEarle</sic> of Essex &amp; the <lb/>
                  La<ex>dy</ex> Frances Howard. &amp;c.
               </item>
               <item n="3.">
                  Seu<ex>er</ex>all discourses both for &amp; against the Match <lb/>
                  w<ex>i</ex>th Spaine
               </item>
               <item n="4.">
                  Other seu<ex>er</ex>all discourses of matters of Mariage.
               </item>
            </list>
         </p>
         <milestone type="separator" unit="nonstructural" rend="horizontal-line"/>
         <p>
            Touching Travaile
            <list rend="numbered">
               <item n="1.">
                  1. Directions for travaile, by S<ex>i</ex>r Phil Sydney to his <lb/>
                  Brother now Earle of Leicester: by the late Earle of <lb/>
                  Essex to the Earle of Rutland: by S<ex>i</ex>r Foulke Grevill <lb/>
                  to a kinsman of his: by Secretary Dauison to his <lb/>
                  sonne: &amp; by an vncertaine Author in Latine.
               </item>
               <item n="2">
                  S<ex>i</ex>r Thomas Ouerbury's Observac<ex>i</ex>ons in his <lb/>
                  travailes <del rend="strikethrough">be</del> vpon the State of the Low Cun<lb break="no"/>
                  tries, both on the Archdukes side, &amp; that of <lb/>
                  the vnited Provinces, Also of the State <lb/>
                  of France.
               </item>
               <item n="3.">
                  Diu<ex>er</ex>s other seu<ex>er</ex>all observac<ex>i</ex>ons; vzt; of the <lb/>
                  State of Italie: of the State of <lb/>
                  Spaine; of the State of the Lowe <lb/>
                  Cuntries; of the Indies &amp;c.
               </item>
            </list>
         </p>
         <pb n="207r" facs="/bl/hargrave_ms_311_part/hargrave_ms_311_f207r/hargrave_ms_311_f207r.jpg"/>
         <p>
            Liues of famous Men
            <list rend="numbered">
               <item n="1.">
                  The life of K. H. the 5th of Engl<ex>an</ex>d.
               </item>
               <item n="2.">
                  A short view of H. the 3. his life, written by <lb/>
                  S<ex>i</ex>r Robt Cotton.
               </item>
               <item n="3.">
                  The life of S<ex>i</ex>r Tho. More <del rend="strikethrough">some</del> somtyme Lord <lb/>
                  Chauncellor of England.
               </item>
               <item n="4.">
                  A briefe &amp; excellent discourse of the birth, <lb/>
                  p<ex>ro</ex>gresse of life, and lamentable death of <lb/>
                  Hen. 4. of France.
               </item>
               <item n="5.">
                  The life &amp; death of Prince Henry
               </item>
            </list>
         </p>
         <milestone type="separator" unit="nonstructural" rend="horizontal-line"/>
         <p>
            Titles.
            <list rend="numbered">
               <item n="1.">
                  Argum<ex>en</ex>ts for the Right of the King of Engl<ex>an</ex>d to <lb/>
                  the Crowne &amp; kingdome of France.
               </item>
               <item n="2.">
                  Reasons to proue the Queens right to haue the <lb/>
                  restituc<ex>i</ex>on of Calleys 1567. by S<ex>i</ex>r Tho. Smith.
               </item>
               <item n="3.">
                  A l<ex>ett</ex>re sent to her Ma<ex>jes</ex>tie from S<ex>i</ex>r Hen. Norrice &amp; <lb/>
                  S<ex>i</ex>r Tho. Smith her Ambass<ex>ado</ex>rs in France touching <lb/>
                  their speech had w<ex>i</ex>th the K. &amp; Q. thereabout the <lb/>
                  restituc<ex>i</ex>on of Calleys, dated the 3d of May 1567.
               </item>
               <item n="4.">
                  A l<ex>ett</ex>re or Apologie written by Count Arundell to the <lb/>
                  late L<ex>ord</ex> Thr<ex>easure</ex>r Burleigh touching his Title <lb/>
                  of Comes Imperij &amp;c.
               </item>
            </list>
         </p>
         <p>
            Ecclesiastica.
            <list rend="numbered">
               <item n="1.">
                  The Conclaue of Pope Gregory the 14th, wherin <lb/>
                  are recompted distinctlie &amp; orderlie all the <lb/>
                  actions that happened in the same. A<ex>nn</ex>o d<ex>omi</ex>ni 1591.
               </item>
               <item n="2.">
                  A Conference before the Lords touching Prohibic<ex>i</ex>ons <lb/>
                  on the 23th of May 1611.
               </item>
               <item n="3">
                  Certaine Collections touching Prohibic<ex>i</ex>ons. &amp;c.
               </item>
               <item n="4.">
                  Touching Com<ex>m</ex>endams a Conference at Whitehall <lb/>
                  the 6. of Iune 1616.
               </item>
               <item n="5.">
                  The Archb<ex>ishop</ex> of Cant his Case touching Regularitie <lb/>
                  or irregularitie &amp;c.
               </item>
               <item n="6">
                  A Confession of the Faith by S<ex>i</ex>r Fr. Bacon.
               </item>
               <item n="7">
                  Pollicies propounded vnto the late Queene ag<ex>ains</ex>t <lb/>
                  Popish Recusants.
               </item>
               <item n="8">
                  A discourse, whether it be better to suppresse <lb/>
                  Popish practises by the strict execuc<ex>i</ex>on of the <lb/>
                  Lawes made ag<ex>ains</ex>t Priests &amp; Iesuits, or to restraine <lb/>
                  them to close prison &amp;c.
               </item>
               <pb n="207v" facs="/bl/hargrave_ms_311_part/hargrave_ms_311_f207v/hargrave_ms_311_f207v.jpg"/>
               <item n="9.">
                  The late direcc<ex>i</ex>on of his Ma<ex>jes</ex>tie for Preachers 1622. <lb/>
                  w<ex>i</ex>th an Explanac<ex>i</ex>on of the sayd direcc<ex>i</ex>on.
               </item>
               <item n="10.">
                  The L<ex>ord</ex> keep<ex>er</ex> his <add place="above">l<ex>ett</ex>re</add> to the Iudges touching th'enlargem<ex>ent</ex> <lb/>
                  of the Recusant Prison<ex>er</ex>s
               </item>
               <item n="11">
                  A l<ex>ett</ex>re declaring the nature &amp; reason of the late <lb/>
                  favor extended to the Lay Recusants. <lb/>
                  <foreign xml:lang="la">cum multis alijs</foreign>.
               </item>
            </list>
         </p>
         <milestone type="separator" unit="nonstructural" rend="horizontal-line"/>
         <p>
            Arraignem<ex>en</ex>ts
            <list rend="no-bullet">
               <item>
                  Of the E<ex>arl</ex> of Essex
               </item>
               <item>
                  Of the D<ex>uke</ex> of Norff<ex>olk</ex>
               </item>
               <item>
                  Of the 14. Traytors.
               </item>
               <item>
                  Of Campian the Iesuite.
               </item>
               <item>
                  Of S<ex>i</ex>r Tho. Wyatt.
               </item>
               <item>
                  Of S<ex>i</ex>r Walt Raleigh
               </item>
               <item>
                  Of D<ex>octo</ex>r Parry.
               </item>
               <item>
                  Of S<ex>i</ex>r John Perrott
               </item>
               <item>
                  Of Weston that poisoned S<ex>i</ex>r Tho. Ouerbury.
               </item>
               <item>
                  Of M<ex>ist</ex>ris Turner &amp; all the rest touching that busines <lb/>
                  w<ex>i</ex>th many others, &amp; other things that haue relation <lb/>
                  to the same Arraignem<ex>en</ex>ts.
               </item>
            </list>
         </p>
         <milestone type="separator" unit="nonstructural" rend="horizontal-line"/>
         <p>
            Touching the Chauncery
            <list rend="no-bullet">
               <item>
                  The power &amp; Iurisdicc<ex>i</ex>on of that Court, w<ex>i</ex>th the <lb/>
                  mann<ex>er</ex> of p<ex>ro</ex>ceeding there &amp;c. discourses of the an=<lb break="no"/>
                  tiquity therof, &amp; diu<ex>er</ex>s speciall Presidents of <lb/>
                  that Court &amp;c.
               </item>
            </list>
         </p>
         <p>
            StarrChamber.
            <list rend="no-bullet">
               <item>
                  The like of the Starrchamber.
               </item>
            </list>
         </p>
         <milestone type="separator" unit="nonstructural" rend="horizontal-line"/>
         <p>
            Marches of Wales.
            <list rend="numbered">
               <item n="1.">
                  Instrucc<ex>i</ex>ons to the L<ex>ord</ex> President for the governm<ex>en</ex>t <lb/>
                  of the Marches of Wales.
               </item>
               <item n="2.">
                  A discourse touching the Principalitie of Wales, <lb/>
                  Dukedome of Cornwall &amp; Earldome of Chester <lb/>
                  written by Iudge Dodderidge.
               </item>
               <item n="3.">
                  Divers other passages touching Wales &amp; the <lb/>
                  Marches thereof.
               </item>
            </list>
         </p>
         <milestone type="separator" unit="nonstructural" rend="horizontal-line"/>
         <p>
            Com<ex>m</ex>on Law. Diu<ex>er</ex>s peeces of Co<ex>mm</ex>on Lawe, vzt, Argum<ex>en</ex>ts. <lb/>
            Reports. Readings &amp;c.
         </p>
         <milestone type="separator" unit="nonstructural" rend="horizontal-line"/>
         <p>
            Instrucc<ex>i</ex>ons for Ambass<ex>ado</ex>rs, very many, both auntient &amp; <lb/>
            moderne
         </p>
         <p rend="align-centre">
            Cum multis alijs
         </p>
      </body>
   </text>
   <facsimile>
      <graphic n="1" url="/bl/hargrave_ms_311_part/hargrave_ms_311_f206r/hargrave_ms_311_f206r.jpg"/>
      <graphic n="2" url="/bl/hargrave_ms_311_part/hargrave_ms_311_f206v/hargrave_ms_311_f206v.jpg"/>
      <graphic n="3" url="/bl/hargrave_ms_311_part/hargrave_ms_311_f207r/hargrave_ms_311_f207r.jpg"/>
      <graphic n="4" url="/bl/hargrave_ms_311_part/hargrave_ms_311_f207v/hargrave_ms_311_f207v.jpg"/>
   </facsimile>
</TEI>