<TEI xmlns="http://www.tei-c.org/ns/1.0" xmlns:xi="http://www.w3.org/2001/XInclude">
   <teiHeader>
      <fileDesc>
         <titleStmt>
            <title>Star Chamber Reports</title>
            <author/>
            <respStmt xml:id="NM">
               <name>Noah Millstone</name>
               <resp>Principal Investigator MPESE</resp>
            </respStmt>
            <respStmt xml:id="SV">
               <name>Sebastiaan Verweij</name>
               <resp>Co-Investigator MPESE</resp>
            </respStmt>
            <respStmt xml:id="RB">
               <name>Richard Bell</name>
               <resp>Research Associate</resp>
            </respStmt>
            <respStmt xml:id="MJ">
               <name>Mike Jones</name>
               <resp>Research Software Engineer</resp>
            </respStmt>
         </titleStmt>
         <publicationStmt xml:id="mpese_pubstat">
            <publisher>Manuscript Pamphleteering in Early Stuart England (MPESE)</publisher>
            <date when="2017">2017</date>
         </publicationStmt>
         <sourceDesc>
            <listBibl xml:id="mss_witness">
               <bibl>
               </bibl>
            </listBibl>
                <listBibl xml:id="mss_witness_generated">
                    <bibl>
                        <ref type="ms" target="../mss/All_Souls_College_MS_177.xml">All Souls College,  MS 177</ref>
                    </bibl>
                    <bibl>
                        <ref type="ms" target="../mss/BL_Lansdowne_MS_607.xml">British Library, Lansdowne MS 607</ref>
                    </bibl>
                    <bibl>
                        <ref type="ms" target="../mss/CUL_MS_Ll32.xml">Cambridge University Library,  MS Ll.3.2, ff. 73r–156v</ref>
                    </bibl>
                    <bibl>
                        <ref type="ms" target="../mss/DUL_Add_MS_329.xml">Durham University Library, Additional MS 329, ff. 1–232</ref>
                    </bibl>
                    <bibl>
                        <ref type="ms" target="../mss/DUL_MSP_65.xml">Durham University Library, MSP 65</ref>
                    </bibl>
                    <bibl>
                        <ref type="ms" target="../mss/Folger_MS_V_b_70.xml">Folger Shakespeare Library,  MS V.b.70, ff129</ref>
                    </bibl>
                    <bibl>
                        <ref type="ms" target="../mss/Houghton_fMS_Eng_1084.xml">Houghton Library,  fMS Eng 1084, ff. 1–81</ref>
                    </bibl>
                    <bibl>
                        <ref type="ms" target="../mss/LPL_MS_1253.xml">Lambeth Palace Library,  MS 1253</ref>
                    </bibl>
                    <bibl>
                        <ref type="ms" target="../mss/UCL_Ogden_MS_7_11.xml">UCL, Ogden MS 7/11, ff. 98v–70v</ref>
                    </bibl>
                    <bibl>
                        <ref type="ms" target="../mss/Woburn_Abbey_MS_238.xml">Woburn Abbey,  MS 238</ref>
                    </bibl>
                </listBibl>
         </sourceDesc>
      </fileDesc>
      <profileDesc>
         <abstract>
            <p/>
         </abstract>
         <creation>
            <date/>
            <placeName/>
         </creation>
         <textClass>
            <keywords n="text-type">
               <term/>
            </keywords>
         </textClass>
         <textClass>
            <keywords n="topic-keyword">
               <term/>
            </keywords>
         </textClass>
      </profileDesc>
      <encodingDesc>
         <editorialDecl>
            <p/>
         </editorialDecl>
      </encodingDesc>
      <revisionDesc>
         <listChange>
            <change when="2018-07-05" who="#RB" status="placeholder"/>
         </listChange>
      </revisionDesc>
   </teiHeader>
   <text>
      <body>
         <p/>
      </body>
   </text>
</TEI>