<TEI xmlns="http://www.tei-c.org/ns/1.0" xmlns:xi="http://www.w3.org/2001/XInclude">
   <teiHeader>
      <fileDesc>
         <titleStmt>
            <title>Censure of John Williams, Bishop of Lincoln, in Star Chamber</title>
            <author/>
            <respStmt xml:id="NM">
               <name>Noah Millstone</name>
               <resp>Principal Investigator MPESE</resp>
            </respStmt>
            <respStmt xml:id="SV">
               <name>Sebastiaan Verweij</name>
               <resp>Co-Investigator MPESE</resp>
            </respStmt>
            <respStmt xml:id="RB">
               <name>Richard Bell</name>
               <resp>Research Associate</resp>
            </respStmt>
            <respStmt xml:id="MJ">
               <name>Mike Jones</name>
               <resp>Research Software Engineer</resp>
            </respStmt>
         </titleStmt>
         <publicationStmt xml:id="mpese_pubstat">
            <publisher>Manuscript Pamphleteering in Early Stuart England (MPESE)</publisher>
            <date when="2017">2017</date>
         </publicationStmt>
         <sourceDesc>
            <listBibl xml:id="mss_witness">
               <bibl>
               </bibl>
            </listBibl>
                <listBibl xml:id="mss_witness_generated">
                    <bibl>
                        <ref type="ms" target="../mss/BLAddMS11308.xml">British Library, Additional MS 11308, ff. 164r–200v</ref>
                    </bibl>
                    <bibl>
                        <ref type="ms" target="../mss/BLLansdowneMS493.xml">British Library, Lansdowne MS 493, ff. 287r–304x</ref>
                    </bibl>
                    <bibl>
                        <ref type="ms" target="../mss/BL_Stowe_MS_159.xml">British Library, Stowe MS 159, ff. 38x–44x</ref>
                    </bibl>
                    <bibl>
                        <ref type="ms" target="../mss/Bodl_MS_Ashmole_800.xml">Bodleian Library,  MS Ashmole 800, ff. 5r–7v?, 40v–49v</ref>
                    </bibl>
                    <bibl>
                        <ref type="ms" target="../mss/Bodl_MS_Ashmole_824.xml">Bodleian Library,  MS Ashmole 824, ff. 58r–103v</ref>
                    </bibl>
                    <bibl>
                        <ref type="ms" target="../mss/Bodl_MS_Carte_103.xml">Bodleian Library,  MS Carte 103, ff. 71r–72r</ref>
                    </bibl>
                    <bibl>
                        <ref type="ms" target="../mss/Bodl_MS_Rawlinson_C_924.xml">Bodleian Library,  MS Rawlinson C 924, ff. 1r–64v</ref>
                    </bibl>
                    <bibl>
                        <ref type="ms" target="../mss/Bodl_MS_Rawlinson_C_924.xml">Bodleian Library,  MS Rawlinson C 924, ff. 67r–90r</ref>
                    </bibl>
                    <bibl>
                        <ref type="ms" target="../mss/Bodl_MS_Rawlinson_C_924.xml">Bodleian Library,  MS Rawlinson C 924, ff. 100r–116r</ref>
                    </bibl>
                    <bibl>
                        <ref type="ms" target="../mss/CUL_MS_Ee21.xml">Cambridge University Library,  MS Ee.2.1, ff. 9r–37r</ref>
                    </bibl>
                    <bibl>
                        <ref type="ms" target="../mss/Folger_MS_V_a_248.xml">Folger Shakespeare Library,  MS V.a.248, ff. 44r–47v</ref>
                    </bibl>
                    <bibl>
                        <ref type="ms" target="../mss/Hertford_College_Oxford_MS_9.xml">Hertford College,  MS 9 [on deposit in Bodleian], ff. 3r–10v, 12r–35r</ref>
                    </bibl>
                    <bibl>
                        <ref type="ms" target="../mss/Houghton_fMS_Eng_1084.xml">Houghton Library,  fMS Eng 1084, ff. 83–116</ref>
                    </bibl>
                    <bibl>
                        <ref type="ms" target="../mss/Longleat_House_MS_113.xml">Longleat House,  MS 113, ff. 1x–38x?</ref>
                    </bibl>
                    <bibl>
                        <ref type="ms" target="../mss/Longleat_House_MS_113.xml">Longleat House,  MS 113, ff. 39x–74v</ref>
                    </bibl>
                    <bibl>
                        <ref type="ms" target="../mss/Longleat_House_MS_113.xml">Longleat House,  MS 113, ff. 75x–177x</ref>
                    </bibl>
                    <bibl>
                        <ref type="ms" target="../mss/TNA_SP_16_363.xml">The National Archives,  SP 16/363, /108 [ff.199r–v]</ref>
                    </bibl>
                    <bibl>
                        <ref type="ms" target="../mss/TNA_SP_16_363.xml">The National Archives,  SP 16/363, /109 [ff.201r–v]</ref>
                    </bibl>
                </listBibl>
         </sourceDesc>
      </fileDesc>
      <profileDesc>
         <abstract>
            <p/>
         </abstract>
         <creation>
            <date when="1637-07">July 1637</date>
            <placeName/>
         </creation>
         <textClass>
            <keywords n="text-type">
               <term/>
            </keywords>
         </textClass>
         <textClass>
            <keywords n="topic-keyword">
               <term/>
            </keywords>
         </textClass>
      </profileDesc>
      <encodingDesc>
         <editorialDecl>
            <p/>
         </editorialDecl>
      </encodingDesc>
      <revisionDesc>
         <listChange>
            <change when="2018-07-05" who="#RB" status="placeholder"/>
         </listChange>
      </revisionDesc>
   </teiHeader>
   <text>
      <body>
         <p/>
      </body>
   </text>
</TEI>