<TEI xmlns="http://www.tei-c.org/ns/1.0" xmlns:xi="http://www.w3.org/2001/XInclude">
   <teiHeader>
      <fileDesc>
         <titleStmt>
            <title>Argument Concerning Ship Money</title>
            <author>
               <persName corresp="../people/people.xml#P0066">Oliver St John</persName>
            </author>
            <respStmt xml:id="NM">
               <name>Noah Millstone</name>
               <resp>Principal Investigator MPESE</resp>
            </respStmt>
            <respStmt xml:id="SV">
               <name>Sebastiaan Verweij</name>
               <resp>Co-Investigator MPESE</resp>
            </respStmt>
            <respStmt xml:id="RB">
               <name>Richard Bell</name>
               <resp>Research Associate</resp>
            </respStmt>
            <respStmt xml:id="MJ">
               <name>Mike Jones</name>
               <resp>Research Software Engineer</resp>
            </respStmt>
         </titleStmt>
         <publicationStmt xml:id="mpese_pubstat">
            <publisher>Manuscript Pamphleteering in Early Stuart England (MPESE)</publisher>
            <date when="2017">2017</date>
         </publicationStmt>
         <sourceDesc>
            <listBibl xml:id="mss_witness">
               <bibl>
               </bibl>
            </listBibl>
                <listBibl xml:id="mss_witness_generated">
                    <bibl>
                        <ref type="ms" target="../mss/All_Souls_College_MS_181.xml">All Souls College,  MS 181, ff. 1r–17v</ref>
                    </bibl>
                    <bibl>
                        <ref type="ms" target="../mss/Alnwick_Castle_MS_544.xml">Alnwick Castle,  MS 544</ref>
                    </bibl>
                    <bibl>
                        <ref type="ms" target="../mss/BLSloaneMS3933.xml">British Library, Sloane MS 3933, ff. 21r–71r</ref>
                    </bibl>
                    <bibl>
                        <ref type="ms" target="../mss/BL_Hargrave_MS_285.xml">British Library, Hargrave MS 285, ff. 2r–41v</ref>
                    </bibl>
                    <bibl>
                        <ref type="ms" target="../mss/BL_Lansdowne_MS_618.xml">British Library, Lansdowne MS 618, ff. 2r–40x</ref>
                    </bibl>
                    <bibl>
                        <ref type="ms" target="../mss/BL_Lansdowne_MS_619.xml">British Library, Lansdowne MS 619, ff. 3x–41x</ref>
                    </bibl>
                    <bibl>
                        <ref type="ms" target="../mss/BL_Sloane_MS_1569.xml">British Library, Sloane MS 1569, ff. 2r–41v</ref>
                    </bibl>
                    <bibl>
                        <ref type="ms" target="../mss/BL_Stowe_MS_404.xml">British Library, Stowe MS 404, ff. 1r–51v</ref>
                    </bibl>
                    <bibl>
                        <ref type="ms" target="../mss/Bodl_MS_Add_C_26.xml">Bodleian Library,  MS Add. C 26, ff. 41r–156v</ref>
                    </bibl>
                    <bibl>
                        <ref type="ms" target="../mss/Bodl_MS_Bodley_184.xml">Bodleian Library,  MS Bodley 184, ff. 2r–43</ref>
                    </bibl>
                    <bibl>
                        <ref type="ms" target="../mss/Bodl_MS_Rawlinson_A_249.xml">Bodleian Library,  MS Rawlinson A 249, ff. 32r–110v</ref>
                    </bibl>
                    <bibl>
                        <ref type="ms" target="../mss/Bodl_MS_Rawlinson_D_342.xml">Bodleian Library,  MS Rawlinson D 342, ff. 30r–110v</ref>
                    </bibl>
                    <bibl>
                        <ref type="ms" target="../mss/Bodl_MS_Tanner_288.xml">Bodleian Library,  MS Tanner 288, ff. 132r–174r</ref>
                    </bibl>
                    <bibl>
                        <ref type="ms" target="../mss/CUL_MS_Ii519.xml">Cambridge University Library,  MS Ii.5.19, ff. 1r–20v</ref>
                    </bibl>
                    <bibl>
                        <ref type="ms" target="../mss/CUL_MS_Ii527.xml">Cambridge University Library,  MS Ii.5.27, ff. 112r–128r</ref>
                    </bibl>
                    <bibl>
                        <ref type="ms" target="../mss/CUL_MS_Ii530.xml">Cambridge University Library,  MS Ii.5.30, ff. 23r–60v</ref>
                    </bibl>
                    <bibl>
                        <ref type="ms" target="../mss/Folger_MS_V_b_325.xml">Folger Shakespeare Library,  MS V.b.325, ff. 4r–46r</ref>
                    </bibl>
                    <bibl>
                        <ref type="ms" target="../mss/HALS_XIIA21.xml">Hertfordshire Archives and Local Studies,  XII.A.21, ff. 1r–108v</ref>
                    </bibl>
                    <bibl>
                        <ref type="ms" target="../mss/Huntington_EL_7877a.xml">Huntington Library,  EL 7877a</ref>
                    </bibl>
                    <bibl>
                        <ref type="ms" target="../mss/Huntington_HM_724.xml">Huntington Library,  HM 724, ff. 1–47</ref>
                    </bibl>
                    <bibl>
                        <ref type="ms" target="../mss/Huntington_Hastings_Ship_Money_Box.xml">Huntington Library, Hastings Ship Money Box, Item 7</ref>
                    </bibl>
                    <bibl>
                        <ref type="ms" target="../mss/Inner_Temple_Petyt_MS_538_43.xml">Inner Temple Library, Petyt MS 538/43, ff. 335r–480v</ref>
                    </bibl>
                    <bibl>
                        <ref type="ms" target="../mss/Lincolns_Inn_Hale_MS_12.xml">Lincoln's Inn, Hale MS 12, ff. 106r–211v</ref>
                    </bibl>
                    <bibl>
                        <ref type="ms" target="../mss/Queens_College_Oxford_MS_311.xml">Queen's College,  MS 311, ff. 33r–166v</ref>
                    </bibl>
                    <bibl>
                        <ref type="ms" target="../mss/Woburn_Abbey_MS_199.xml">Woburn Abbey,  MS 199</ref>
                    </bibl>
                </listBibl>
         </sourceDesc>
      </fileDesc>
      <profileDesc>
         <abstract>
            <p/>
         </abstract>
         <creation>
            <date when="1637">1637</date>
            <placeName/>
         </creation>
         <textClass>
            <keywords n="text-type">
               <term/>
            </keywords>
         </textClass>
         <textClass>
            <keywords n="topic-keyword">
               <term/>
            </keywords>
         </textClass>
      </profileDesc>
      <encodingDesc>
         <editorialDecl>
            <p/>
         </editorialDecl>
      </encodingDesc>
      <revisionDesc>
         <listChange>
            <change when="2018-07-05" who="#RB" status="placeholder"/>
         </listChange>
      </revisionDesc>
   </teiHeader>
   <text>
      <body>
         <p/>
      </body>
   </text>
</TEI>