<TEI xmlns="http://www.tei-c.org/ns/1.0" xmlns:xi="http://www.w3.org/2001/XInclude">
   <teiHeader>
      <fileDesc>
         <titleStmt>
            <title>Speech at First Taking His Seat in Chancery</title>
            <author>
               <persName corresp="../people/people.xml#P0021">John Williams, Bishop of Lincoln</persName>
            </author>
            <respStmt xml:id="NM">
               <name>Noah Millstone</name>
               <resp>Principal Investigator MPESE</resp>
            </respStmt>
            <respStmt xml:id="SV">
               <name>Sebastiaan Verweij</name>
               <resp>Co-Investigator MPESE</resp>
            </respStmt>
            <respStmt xml:id="RB">
               <name>Richard Bell</name>
               <resp>Research Associate</resp>
            </respStmt>
            <respStmt xml:id="MJ">
               <name>Mike Jones</name>
               <resp>Research Software Engineer</resp>
            </respStmt>
         </titleStmt>
         <publicationStmt xml:id="mpese_pubstat">
            <publisher>Manuscript Pamphleteering in Early Stuart England (MPESE)</publisher>
            <date when="2017">2017</date>
         </publicationStmt>
         <sourceDesc>
            <listBibl xml:id="mss_witness">
               <bibl>
               </bibl>
            </listBibl>
                <listBibl xml:id="mss_witness_generated">
                    <bibl>
                        <ref type="ms" target="../mss/BLHarleyMS1576.xml">British Library, Harley MS 1576, ff. 117v–119v</ref>
                    </bibl>
                    <bibl>
                        <ref type="ms" target="../mss/BLHarleyMS39.xml">British Library, Harley MS 39, ff. 299r–305v</ref>
                    </bibl>
                    <bibl>
                        <ref type="ms" target="../mss/BL_Egerton_MS_2651.xml">British Library, Egerton MS 2651, ff. 38r–40v</ref>
                    </bibl>
                    <bibl>
                        <ref type="ms" target="../mss/Bodl_MS_Douce_70.xml">Bodleian Library,  MS Douce 70, ff. 8r–13v</ref>
                    </bibl>
                    <bibl>
                        <ref type="ms" target="../mss/Bodl_MS_Eng_hist_c_319.xml">Bodleian Library,  MS Eng. hist. c. 319, ff. 41–44</ref>
                    </bibl>
                    <bibl>
                        <ref type="ms" target="../mss/Bodl_MS_Rawlinson_D_924.xml">Bodleian Library,  MS Rawlinson D 924, ff. 23r–27r</ref>
                    </bibl>
                    <bibl>
                        <ref type="ms" target="../mss/Bodl_MS_Tanner_265.xml">Bodleian Library,  MS Tanner 265, ff. 2r–4v</ref>
                    </bibl>
                    <bibl>
                        <ref type="ms" target="../mss/Bodl_MS_Tanner_276.xml">Bodleian Library,  MS Tanner 276, ff. 166r–167v</ref>
                    </bibl>
                    <bibl>
                        <ref type="ms" target="../mss/Bodl_MS_Tanner_276.xml">Bodleian Library,  MS Tanner 276, ff. 166r–167v</ref>
                    </bibl>
                    <bibl>
                        <ref type="ms" target="../mss/Bodl_MS_Tanner_288.xml">Bodleian Library,  MS Tanner 288, ff. 271r–272r</ref>
                    </bibl>
                    <bibl>
                        <ref type="ms" target="../mss/Bodl_MS_Tanner_73.xml">Bodleian Library,  MS Tanner 73, ff. 72r–75v</ref>
                    </bibl>
                    <bibl>
                        <ref type="ms" target="../mss/FolgerMSVa206.xml">Folger Shakespeare Library,  MS V.a.206, ff. 37r–43r</ref>
                    </bibl>
                    <bibl>
                        <ref type="ms" target="../mss/Huntington_EL_7924.xml">Huntington Library,  EL 7924</ref>
                    </bibl>
                    <bibl>
                        <ref type="ms" target="../mss/PA_BRY_92.xml">Parliamentary Archives,  BRY/92, ff. 70v–73v</ref>
                    </bibl>
                    <bibl>
                        <ref type="ms" target="../mss/TNA_SP_14_123.xml">The National Archives,  SP 14/123, /19 [ff.23r–29r]</ref>
                    </bibl>
                    <bibl>
                        <ref type="ms" target="../mss/University_College_Oxford_MS_152.xml">University College,  MS 152 [on deposit at the Bodleian], ff. 196–203</ref>
                    </bibl>
                    <bibl>
                        <ref type="ms" target="../mss/Woburn_Abbey_MS_4E60.xml">Woburn Abbey,  MS 4E-60, ff. 107r–108r</ref>
                    </bibl>
                </listBibl>
         </sourceDesc>
      </fileDesc>
      <profileDesc>
         <abstract>
            <p/>
         </abstract>
         <creation>
            <date when="1621-11-09">9 November 1621</date>
            <placeName/>
         </creation>
         <textClass>
            <keywords n="text-type">
               <term>speech</term>
            </keywords>
         </textClass>
         <textClass>
            <keywords n="topic-keyword">
               <term/>
            </keywords>
         </textClass>
      </profileDesc>
      <encodingDesc>
         <editorialDecl>
            <p/>
         </editorialDecl>
      </encodingDesc>
      <revisionDesc>
         <listChange>
            <change when="2018-07-05" who="#RB" status="placeholder"/>
         </listChange>
      </revisionDesc>
   </teiHeader>
   <text>
      <body>
         <p/>
      </body>
   </text>
</TEI>