<TEI xmlns="http://www.tei-c.org/ns/1.0" xmlns:xi="http://www.w3.org/2001/XInclude">
   <teiHeader>
      <fileDesc>
         <titleStmt>
            <title>Petition to Charles I</title>
            <author>
               <persName corresp="../people/people.xml#P0021">John Williams</persName>
            </author>
            <respStmt xml:id="NM">
                    <name>Noah Millstone</name>
                    <resp>Principal Investigator MPESE</resp>
                </respStmt>
            <respStmt xml:id="SV">
                    <name>Sebastiaan Verweij</name>
                    <resp>Co-Investigator MPESE</resp>
                </respStmt>
            <respStmt xml:id="RB">
                    <name>Richard Bell</name>
                    <resp>Research Associate</resp>
                </respStmt>
                <respStmt xml:id="VA">
                    <name>Victoria Anker</name>
                    <resp>BRIHC Research Impact Fellow</resp>
                </respStmt>
            <respStmt xml:id="MJ">
                    <name>Mike Jones</name>
                    <resp>Research Software Engineer</resp>
                </respStmt>
         </titleStmt>
         <publicationStmt xml:id="mpese_pubstat">
                <publisher>Manuscript Pamphleteering in Early Stuart England (MPESE)</publisher>
                <date when="2017">2017</date>
            </publicationStmt>
         <sourceDesc>
            <msDesc corresp="../mss/BLAddMS11045.xml">
               <msIdentifier xml:id="BL_Add_MS_11045">
               <country>United Kingdom</country>
               <settlement>London</settlement>
               <repository>British Library</repository>
               <collection>Additional</collection>
               <idno>MS 11045</idno>
               <msName/>
            </msIdentifier>
                    <p xml:id="ms-label-generated">British Library, Additional MS 11045</p>
            </msDesc>
                <listBibl xml:id="mss_witness_generated">
                    <bibl>
                        <ref type="ms" target="../mss/Beinecke_Osborn_b297.xml">Beinecke Library, Osborn b297, item 8</ref>
                    </bibl>
                    <bibl>
                        <ref type="ms" target="../mss/Bodl_MS_Douce_62.xml">Bodleian Library,  MS Douce 6, f. 91r</ref>
                    </bibl>
                    <bibl>
                        <ref type="ms" target="../mss/Lincolns_Inn_Misc_MS_366.xml">Lincoln's Inn, Misc MS 366, f. 195x</ref>
                    </bibl>
                </listBibl>
         </sourceDesc>
      </fileDesc>
      <profileDesc>
         <abstract>
                <p/>
            </abstract>
         <creation>
            <date when="1640">1640</date>
            <placeName/>
         </creation>
         <langUsage>
            <language ident="EN">English</language>
         </langUsage>
         <textClass>
            <keywords n="text-type">
               <term>petition</term>
               <term/>
            </keywords>
         </textClass>
         <textClass>
            <keywords n="topic-keyword">
               <term>Star Chamber</term>
               <term>ecclesiastical conflict</term>
            </keywords>
         </textClass>
      </profileDesc>
      <encodingDesc>
         <editorialDecl>
            <p/>
         </editorialDecl>
      </encodingDesc>
      <revisionDesc>
         <listChange>
            <change when="2018-05-23" who="#SV" status="proofread"/>
            <change when="2018-04-27" who="#RB" status="transcribed"/>
         </listChange>
      </revisionDesc>
   </teiHeader>
   <text>
      <body>
         
         <pb n="93v" facs="/bl/add_ms_11045_part/add_ms_11045_f093v/add_ms_11045_f093v.jpg"/>
         <p>
            Concerneing the b<ex>isho</ex>ppe <lb/>
            of Lincolne, thus, his lo<ex>rdshi</ex>pe being extreamely wearie <lb/>
            in his Starchamber cause, useth all his helpes to <lb/>
            interceede for him to his Ma<ex>jes</ex>tie: my lords Grace of <lb/>
            Canterburye, once more stands his freind and acquaints <lb/>
            <milestone unit="section" type="LM"/>
            <seg style="transform:rotateZ(90deg)">his Ma<ex>jes</ex>tie with his most humble submission, but his Ma<ex>jes</ex>tie wou<supplied reason="smudged">ld</supplied> not take his submission from any mans mouth <lb/>
               but under his owne hand, wherefore my lord b<ex>isho</ex>ppe petitions in this manner: To the kings most excellent <lb/>
               Ma<ex>jes</ex>tie The humble petition of the vnfortunate B<ex>isho</ex>ppe of Lincolne, whoe casteth him selfe at your Ma<ex>jes</ex>t<ex>ie</ex>s <lb/>
               feete <del rend="strikethrough">
                        <gap reason="illegible" quantity="4" unit="chars"/>
                    </del> begging withall possible importunity your Ma<ex>jes</ex>t<ex>ie</ex>s grace, and favour towards him, voweing in the <lb/>
               presence of God, and his holy Angells to spend the remainder of his life in regaineing of your Ma<ex>jes</ex>t<ex>ie</ex>s grace <add place="above">and</add>
            </seg>
            <pb n="94r" facs="/bl/add_ms_11045_part/add_ms_11045_f094r/add_ms_11045_f094r.jpg"/>
            favour by his most faithfull service, and devowte prayers <lb/>
            to God for your Ma<ex>jes</ex>tie your Queene and royall issue, <lb/>
            imploreing your Ma<ex>jes</ex>t<ex>ie</ex>s grace, and goodnes, the livelye <lb/>
            representation hereupon earth of those attributes of <lb/>
            God aboue, to graunt pitty to your petitioner whoe <lb/>
            cannott expect it ordinarye rules of Justices for <lb/>
            further tyme to prepare his iust defence to the <lb/>
            Information against him, consisting of 10. distinct <lb/>
            charges, vnlesse your Ma<ex>jes</ex>tie bee gratiously pleasd to take <lb/>
            such other satisfaction from your petitioner, as to <lb/>
            change his imprisonment out of the <del rend="strikethrough">Towre</del> Tower, being <lb/>
            dureing pleasure, to a perpetuall imprisonment of all <lb/>
            the <del rend="strikethrough">soule</del> faculties of his soule and body to doe your <lb/>
            Ma<ex>jes</ex>t<ex>ie</ex>s commaunds, And hee shall ever praye to God <lb/>
            for your Ma<ex>jes</ex>tie your Queene, and happie issue: <lb/>
            his Ma<ex>jes</ex>tie accepted of this petition, and haue given <lb/>
            him till the next tearme to produce his <choice>
                    <sic>defennes</sic>
                    <corr>defence</corr>
                </choice>, <lb/>
            but as for his release out of the tower, that his Ma<ex>jes</ex>tie <lb/>
            will advise vpon a little, but the common opinion, <lb/>
            is, this suite will bee noe longer prosecuted; and <lb/>
            that the B<ex>isho</ex>ppe shall have his liberty:
         </p>
      </body>
   </text>
   <facsimile>
      <graphic n="1" url="/bl/add_ms_11045_part/add_ms_11045_f093r/add_ms_11045_f093r.jpg"/>
      <graphic n="2" url="/bl/add_ms_11045_part/add_ms_11045_f093v/add_ms_11045_f093v.jpg"/>
      <graphic n="3" url="/bl/add_ms_11045_part/add_ms_11045_f094r/add_ms_11045_f094r.jpg"/>
      <graphic n="4" url="/bl/add_ms_11045_part/add_ms_11045_f094v/add_ms_11045_f094v.jpg"/>
   </facsimile>
</TEI>