<TEI xmlns="http://www.tei-c.org/ns/1.0" xmlns:xi="http://www.w3.org/2001/XInclude">
   <teiHeader>
      <fileDesc>
         <titleStmt>
            <title>A Brief Abstract Showing How all the Kings of England from William the Conqueror, to the end of Queen Elizabeth, have raised money in the time of their wants and necessities</title>
            <author>
               <persName corresp="../people/people.xml#P0217">Thomas Wilson</persName>
            </author>
            <respStmt xml:id="NM">
               <name>Noah Millstone</name>
               <resp>Principal Investigator MPESE</resp>
            </respStmt>
            <respStmt xml:id="SV">
               <name>Sebastiaan Verweij</name>
               <resp>Co-Investigator MPESE</resp>
            </respStmt>
            <respStmt xml:id="RB">
               <name>Richard Bell</name>
               <resp>Research Associate</resp>
            </respStmt>
            <respStmt xml:id="MJ">
               <name>Mike Jones</name>
               <resp>Research Software Engineer</resp>
            </respStmt>
         </titleStmt>
         <publicationStmt xml:id="mpese_pubstat">
            <publisher>Manuscript Pamphleteering in Early Stuart England (MPESE)</publisher>
            <date when="2017">2017</date>
         </publicationStmt>
         <sourceDesc>
            <listBibl xml:id="mss_witness">
               <bibl>
               </bibl>
            </listBibl>
                <listBibl xml:id="mss_witness_generated">
                    <bibl>
                        <ref type="ms" target="../mss/BL_Harley_MS_4272.xml">British Library, Harley MS 4272, ff. 1r–19v</ref>
                    </bibl>
                    <bibl>
                        <ref type="ms" target="../mss/BL_Stowe_MS_325.xml">British Library, Stowe MS 325, ff. 117r–135v</ref>
                    </bibl>
                    <bibl>
                        <ref type="ms" target="../mss/Beinecke_Osborn_fb60.xml">Beinecke Library, Osborn fb60, ff. 180r–202v</ref>
                    </bibl>
                    <bibl>
                        <ref type="ms" target="../mss/Bodl_MS_Rawlinson_D_718.xml">Bodleian Library,  MS Rawlinson D 718, ff. 123r–148v</ref>
                    </bibl>
                </listBibl>
         </sourceDesc>
      </fileDesc>
      <profileDesc>
         <abstract>
            <p/>
         </abstract>
         <creation>
            <date when="1626">c.1626-1628</date>
            <placeName/>
         </creation>
         <textClass>
            <keywords n="text-type">
               <term/>
            </keywords>
         </textClass>
         <textClass>
            <keywords n="topic-keyword">
               <term>royal finance</term>
            </keywords>
         </textClass>
      </profileDesc>
      <encodingDesc>
         <editorialDecl>
            <p/>
         </editorialDecl>
      </encodingDesc>
      <revisionDesc>
         <listChange>
            <change when="2018-07-05" who="#RB" status="placeholder"/>
         </listChange>
      </revisionDesc>
   </teiHeader>
   <text>
      <body>
         <p/>
      </body>
   </text>
</TEI>