<TEI xmlns="http://www.tei-c.org/ns/1.0" xmlns:xi="http://www.w3.org/2001/XInclude">
   <teiHeader>
      <fileDesc>
         <titleStmt>
            <title>Petition to the King Presented at the Assizes of York</title>
            <author>Gentry of Yorkshire</author>
            <respStmt xml:id="NM">
               <name>Noah Millstone</name>
               <resp>Principal Investigator MPESE</resp>
            </respStmt>
            <respStmt xml:id="SV">
               <name>Sebastiaan Verweij</name>
               <resp>Co-Investigator MPESE</resp>
            </respStmt>
            <respStmt xml:id="RB">
               <name>Richard Bell</name>
               <resp>Research Associate</resp>
            </respStmt>
            <respStmt xml:id="VA">
               <name>Victoria Anker</name>
               <resp>BRIHC Research Impact Fellow</resp>
            </respStmt>
            <respStmt xml:id="MJ">
               <name>Mike Jones</name>
               <resp>Research Software Engineer</resp>
            </respStmt>
            <respStmt xml:id="AC">
               <name>Alle Coulhurst</name>
               <resp>Transcription Volunteer</resp>
            </respStmt>
            <respStmt xml:id="EBh">
               <name>Elizabeth Burroughs</name>
               <resp>Transcription Volunteer</resp>
            </respStmt>
         </titleStmt>
         <publicationStmt xml:id="mpese_pubstat">
            <publisher>Manuscript Pamphleteering in Early Stuart England (MPESE)</publisher>
            <date when="2017">2017</date>
         </publicationStmt>
         <sourceDesc>
            
            <msDesc corresp="../mss/SHC_1248_1.xml">
               <msIdentifier xml:id="SHC_1248_1">
               <country>United Kingdom</country>
               <settlement>Woking</settlement>
               <repository>Surrey History Centre</repository>
               <collection/>
               <idno>1248/1</idno>
               <msName/>
            </msIdentifier>
                    <p xml:id="ms-label-generated">Surrey History Centre,  1248/1</p>
            </msDesc>
            
            <listBibl xml:id="mss_witness">
               <bibl>
                  <msIdentifier xml:id="BL_Harley_MS_4931">
                <country>United Kingdom</country>
                <settlement>London</settlement>
                <repository>British Library</repository>
                <collection>Harley</collection>
                <idno>MS 4931</idno>
                <msName/>
             </msIdentifier>
               </bibl>
               <bibl>
                  <msIdentifier xml:id="BL_Add_MS_22959">
                  <country>United Kingdom</country>
                  <settlement>London</settlement>
                  <repository>British Library</repository>
                  <collection>Additional</collection>
                  <idno>MS 22959</idno>
                  <msName>Diary of Reverend John Rous</msName>
               </msIdentifier>
               </bibl>
               <bibl>
                  <msIdentifier xml:id="BL_Lansdowne_MS_489">
               <country>United Kingdom</country>
               <settlement>London</settlement>
               <repository>British Library</repository>
               <collection>Lansdowne</collection>
               <idno>MS 489</idno>
               <msName/>
            </msIdentifier>
               </bibl>
               <bibl>
                  <msIdentifier xml:id="BL_Lansdowne_MS_1232">
               <country>United Kingdom</country>
               <settlement>London</settlement>
               <repository>British Library</repository>
               <collection>Lansdowne</collection>
               <idno>MS 1232</idno>
               <msName/>
            </msIdentifier>
               </bibl>
               <bibl>
                  <msIdentifier xml:id="BL_Harley_MS_7162">
                <country>United Kingdom</country>
                <settlement>London</settlement>
                <repository>British Library</repository>
                <collection>Harley</collection>
                <idno>MS 7162</idno>
                <msName/>
             </msIdentifier>
               </bibl>
               <bibl>
                  <msIdentifier xml:id="BL_Add_MS_28011">
               <country>United Kingdom</country>
               <settlement>London</settlement>
               <repository>British Library</repository>
               <collection>Additional</collection>
               <idno>MS 28011</idno>
               <msName/>
            </msIdentifier>
               </bibl>
               <bibl>
                  <msIdentifier xml:id="Folger_MS_V_a_192">
               <country>USA</country>
               <settlement>Washington D.C.</settlement>
               <repository>Folger Shakespeare Library</repository>
               <collection/>
               <idno>MS V.a.192</idno>
               <msName/>
            </msIdentifier>
               </bibl>
            </listBibl>
            
            <listBibl xml:id="modern_print_witness">
               <bibl>
                  <title type="shorttitle">Somers Tracts</title>
                  <edition>2nd ed.</edition> 
                  <biblScope unit="volume">4</biblScope>
                  <biblScope unit="page" from="128" to="129">128-129</biblScope>
               </bibl>
            </listBibl>
         </sourceDesc>
      </fileDesc>
      <profileDesc>
         <abstract>
            <p/>
         </abstract>
         <creation>
            <date when="1640-07-28">28 July 1640</date>
            <placeName corresp="../places/places.xml#PL0015">York</placeName>
         </creation>
         <langUsage>
            <language ident="EN">English</language>
            <language ident="LA">Latin</language>
         </langUsage>
         <textClass>
            <keywords n="text-type">
               <term>petition</term>
            </keywords>
         </textClass>
         <textClass>
            <keywords n="topic-keyword">
               <term>subsidies</term>
               <term>Petition of Right</term>
               <term>state finance</term>
            </keywords>
         </textClass>
      </profileDesc>
      <encodingDesc>
         <editorialDecl>
            <p/>
         </editorialDecl>
      </encodingDesc>
      <revisionDesc>
         <listChange>
            <change when="2018-10-02" who="#SV" status="proofread"/>
            <change when="2018-09-13" who="#RB" status="drafted"/>
            <change when="2018-08-20" who="#EBh" status="transcribed"/>
            <change when="2018-08-20" who="#AC" status="transcribed"/>
         </listChange>
      </revisionDesc>
   </teiHeader>
   <text>
      <body>
         <pb n="#6" facs="/shc/1248_1/1248_1_6/1248_1_6.jpg"/>
         <head>
            To the Kings most Excellent Maiesty <lb/>
            The humble petition of the gentry in your Maiesties county <lb/>
            of Yorke now assembled at your Assizes at Yorke this <lb/>
            2<del>
                    <unclear>0</unclear>
                </del>8th of July and 1640:
         </head>
         <p>
            May i<del>s</del>
                <add place="above">t</add> please your sacred Ma<ex>jes</ex>ty: your most humble subieckts, shew <lb/>
            to your most sacred Ma<ex>jes</ex>ty, <ex>tha</ex>t in all humility, this County hath en-<lb break="no"/>
            deuored to fullfill your Ma<ex>jes</ex>ties co<ex>m</ex>mand last yeare, with the forwardest <lb/>
            of your Ma<ex>jes</ex>ties subiects: And the last yeare in the executio<ex>n</ex> of your <lb/>
            Ma<ex>jes</ex>ties royall co<ex>m</ex>mands about the millitary affaires did expend <lb/>
            one hundred thousand pounds, to our great impouerishme<ex>n</ex>t <lb/>
            and far above the proportions of other Countyes: w<ex>hi</ex>ch allthough <lb/>
            wee at <ex>th</ex>e time weare willing out of our duties to serue your <lb/>
            Maj<ex>est</ex>tie to doe: yett for the future, the burthen is soe heauy <ex>tha</ex>t <lb/>
            wee neither can, nor <add place="above">are</add>
                <del rend="strikethrough">will</del> able to beare it: Now <add place="above">then</add> in this <lb/>
            our cherefullnesse to serue your Ma<ex>jes</ex>tie wee hoped to haue <lb/>
            found equall fauor w<ex>i</ex>th other countyes
         </p>
         <p>
            But soe it is most gratious Soueraine, to our great greife <lb/>
            and as wee conceiue to the great disseruice of your Ma<ex>jes</ex>tie <lb/>
            wee find our selues oppressed w<ex>i</ex>th the billiting of vnrully <lb/>
            soldiers, whose speches and actions tend to the burning of <lb/>
            our Villages, and howses, and to whose Vyolencies and in<lb break="no"/>
            solencies wee are soe daily subieckt, as we can not say <lb/>
            we possesse our wiues, children and estates in saifty, <lb/>
            wherfore wee are imboldned hu<ex>mb</ex>ly to present these our co<ex>m</ex>plaints <lb/>
            beseching, as the billiting of Soldiers in any of your subiects <lb/>
            howses against there wills is contrary to the lawes of this <lb/>
            kingdo<ex>m</ex> confirmed by your Ma<ex>jes</ex>ties in the petition of right <lb/>
            Wee most hu<ex>mb</ex>ly desier your Ma<ex>jes</ex>tie <ex>tha</ex>t this insupportable <lb/>
            burthen may bee taken from vs, least by there insole<ex>n</ex>cies <lb/>
            som such sad accident may happen, as may be displeasing <lb/>
            to your sacred Ma<ex>jes</ex>tie, and your loyall and obedient subieck<lb break="no"/>
            ts: Who will neuer cease to pray, for your Ma<ex>jes</ex>ties <lb/>
            long and happy reinge ouer vs
         </p>
         <p>
            <lg>
               <cb/>
               <l>Phillip Wharton</l>
               <l>Har: Fayrefax</l>
               <l>Hen: Bellases</l>
               <l>Will Savill</l>
               <l>Fran: Worthley</l>
               <l>Ioh<ex>n</ex> Hottham</l>
               <l>Ed: Stanhop</l>
               <l>Tho: Gowar</l>
               <l>Hen: Griffith</l>
               <l>Will Sheifeild</l>
               <l>Rich: Parkey</l>
               <l>Iohn Ramsden</l>
               <l>Hugh Cholmley</l>
               <l>Hugh Bethell</l>
               <l>Will: Streckland</l>
               <cb/>
               <l>George Wentworth</l>
               <l>Tho: Reymington</l>
               <l>Tho: Mettham</l>
               <l>Tho Gower</l>
               <l>Rob Stecland</l>
            </lg>
         </p>
      </body>
   </text>
   <facsimile>
      <graphic n="3" url="/shc/1248_1/1248_1_6/1248_1_6.jpg"/>
   </facsimile>
</TEI>